m,p,delta,correct,incorrect
500.0,0.5,0.5,1.0,1.0
10.0,0.5,0.0,0.04,0.04
500.0,0.5,0.49,1.0,1.0
10.0,0.5,0.01,0.16,0.12
500.0,0.5,0.48,1.0,1.0
10.0,0.5,0.02,0.04,0.04
500.0,0.5,0.47000000000000003,1.0,1.0
10.0,0.5,0.03,0.08,0.04
500.0,0.5,0.46,1.0,1.0
10.0,0.5,0.04,0.04,0.04
500.0,0.5,0.45,1.0,1.0
10.0,0.5,0.05,0.08,0.08
500.0,0.5,0.44,1.0,1.0
10.0,0.5,0.06,0.08,0.04
500.0,0.5,0.43,1.0,1.0
10.0,0.5,0.07,0.2,0.12
500.0,0.5,0.42,1.0,1.0
10.0,0.5,0.08,0.04,0.04
500.0,0.5,0.41000000000000003,1.0,1.0
10.0,0.5,0.09,0.04,0.08
500.0,0.5,0.4,1.0,1.0
10.0,0.5,0.1,0.04,0.08
500.0,0.5,0.39,1.0,1.0
10.0,0.5,0.11,0.0,0.08
500.0,0.5,0.38,1.0,1.0
10.0,0.5,0.12,0.0,0.04
500.0,0.5,0.37,1.0,1.0
10.0,0.5,0.13,0.08,0.08
500.0,0.5,0.36,1.0,1.0
10.0,0.5,0.14,0.04,0.0
500.0,0.5,0.35000000000000003,1.0,1.0
10.0,0.5,0.15,0.0,0.04
500.0,0.5,0.34,1.0,1.0
10.0,0.5,0.16,0.08,0.0
500.0,0.5,0.33,1.0,1.0
10.0,0.5,0.17,0.04,0.12
500.0,0.5,0.32,1.0,1.0
10.0,0.5,0.18,0.04,0.0
500.0,0.5,0.31,1.0,1.0
10.0,0.5,0.19,0.08,0.08
500.0,0.5,0.3,1.0,1.0
10.0,0.5,0.2,0.04,0.04
500.0,0.5,0.29,1.0,1.0
10.0,0.5,0.21,0.04,0.04
500.0,0.5,0.28,1.0,1.0
10.0,0.5,0.22,0.04,0.0
500.0,0.5,0.27,1.0,1.0
10.0,0.5,0.23,0.08,0.08
500.0,0.5,0.26,1.0,1.0
10.0,0.5,0.24,0.08,0.08
500.0,0.5,0.25,1.0,1.0
10.0,0.5,0.25,0.04,0.0
500.0,0.5,0.24,0.96,1.0
10.0,0.5,0.26,0.04,0.08
500.0,0.5,0.23,0.92,0.96
10.0,0.5,0.27,0.08,0.04
500.0,0.5,0.22,0.96,0.96
10.0,0.5,0.28,0.04,0.08
500.0,0.5,0.21,0.96,0.96
10.0,0.5,0.29,0.08,0.04
500.0,0.5,0.2,0.88,0.92
10.0,0.5,0.3,0.08,0.04
500.0,0.5,0.19,0.8,0.84
10.0,0.5,0.31,0.08,0.12
500.0,0.5,0.18,0.72,0.76
10.0,0.5,0.32,0.0,0.08
500.0,0.5,0.17,0.84,0.76
10.0,0.5,0.33,0.12,0.08
500.0,0.5,0.16,0.68,0.84
10.0,0.5,0.34,0.04,0.04
500.0,0.5,0.15,0.56,0.56
10.0,0.5,0.35000000000000003,0.04,0.04
500.0,0.5,0.14,0.56,0.48
10.0,0.5,0.36,0.04,0.08
500.0,0.5,0.13,0.52,0.48
10.0,0.5,0.37,0.04,0.16
500.0,0.5,0.12,0.6,0.6
10.0,0.5,0.38,0.04,0.08
500.0,0.5,0.11,0.2,0.2
10.0,0.5,0.39,0.16,0.08
500.0,0.5,0.1,0.32,0.32
10.0,0.5,0.4,0.04,0.08
500.0,0.5,0.09,0.24,0.4
10.0,0.5,0.41000000000000003,0.16,0.16
500.0,0.5,0.08,0.24,0.32
10.0,0.5,0.42,0.04,0.08
500.0,0.5,0.07,0.0,0.08
10.0,0.5,0.43,0.12,0.04
500.0,0.5,0.06,0.04,0.04
10.0,0.5,0.44,0.2,0.12
500.0,0.5,0.05,0.08,0.16
10.0,0.5,0.45,0.0,0.16
500.0,0.5,0.04,0.08,0.08
10.0,0.5,0.46,0.16,0.04
500.0,0.5,0.03,0.04,0.04
10.0,0.5,0.47000000000000003,0.36,0.4
500.0,0.5,0.02,0.08,0.12
10.0,0.5,0.48,0.28,0.2
500.0,0.5,0.01,0.16,0.08
10.0,0.5,0.49,0.16,0.12
500.0,0.5,0.0,0.12,0.04
10.0,0.5,0.5,0.08,0.2
490.0,0.5,0.5,1.0,1.0
20.0,0.5,0.0,0.04,0.04
490.0,0.5,0.49,1.0,1.0
20.0,0.5,0.01,0.08,0.04
490.0,0.5,0.48,1.0,1.0
20.0,0.5,0.02,0.04,0.04
490.0,0.5,0.47000000000000003,1.0,1.0
20.0,0.5,0.03,0.04,0.04
490.0,0.5,0.46,1.0,1.0
20.0,0.5,0.04,0.08,0.04
490.0,0.5,0.45,1.0,1.0
20.0,0.5,0.05,0.08,0.12
490.0,0.5,0.44,1.0,1.0
20.0,0.5,0.06,0.0,0.0
490.0,0.5,0.43,1.0,1.0
20.0,0.5,0.07,0.0,0.04
490.0,0.5,0.42,1.0,1.0
20.0,0.5,0.08,0.08,0.08
490.0,0.5,0.41000000000000003,1.0,1.0
20.0,0.5,0.09,0.0,0.04
490.0,0.5,0.4,1.0,1.0
20.0,0.5,0.1,0.12,0.04
490.0,0.5,0.39,1.0,1.0
20.0,0.5,0.11,0.12,0.08
490.0,0.5,0.38,1.0,1.0
20.0,0.5,0.12,0.12,0.04
490.0,0.5,0.37,1.0,1.0
20.0,0.5,0.13,0.0,0.04
490.0,0.5,0.36,1.0,1.0
20.0,0.5,0.14,0.0,0.04
490.0,0.5,0.35000000000000003,1.0,1.0
20.0,0.5,0.15,0.2,0.12
490.0,0.5,0.34,1.0,1.0
20.0,0.5,0.16,0.04,0.04
490.0,0.5,0.33,1.0,1.0
20.0,0.5,0.17,0.08,0.08
490.0,0.5,0.32,1.0,1.0
20.0,0.5,0.18,0.16,0.12
490.0,0.5,0.31,1.0,1.0
20.0,0.5,0.19,0.04,0.04
490.0,0.5,0.3,1.0,1.0
20.0,0.5,0.2,0.12,0.08
490.0,0.5,0.29,0.96,1.0
20.0,0.5,0.21,0.0,0.04
490.0,0.5,0.28,1.0,1.0
20.0,0.5,0.22,0.08,0.0
490.0,0.5,0.27,1.0,1.0
20.0,0.5,0.23,0.12,0.12
490.0,0.5,0.26,1.0,1.0
20.0,0.5,0.24,0.04,0.08
490.0,0.5,0.25,0.96,1.0
20.0,0.5,0.25,0.12,0.08
490.0,0.5,0.24,0.96,0.96
20.0,0.5,0.26,0.2,0.12
490.0,0.5,0.23,0.96,1.0
20.0,0.5,0.27,0.04,0.16
490.0,0.5,0.22,0.96,0.96
20.0,0.5,0.28,0.32,0.2
490.0,0.5,0.21,0.92,1.0
20.0,0.5,0.29,0.04,0.04
490.0,0.5,0.2,0.88,0.96
20.0,0.5,0.3,0.12,0.16
490.0,0.5,0.19,0.8,0.92
20.0,0.5,0.31,0.04,0.04
490.0,0.5,0.18,0.72,0.84
20.0,0.5,0.32,0.12,0.12
490.0,0.5,0.17,0.76,0.8
20.0,0.5,0.33,0.16,0.2
490.0,0.5,0.16,0.68,0.8
20.0,0.5,0.34,0.04,0.12
490.0,0.5,0.15,0.56,0.64
20.0,0.5,0.35000000000000003,0.12,0.16
490.0,0.5,0.14,0.64,0.68
20.0,0.5,0.36,0.16,0.12
490.0,0.5,0.13,0.48,0.4
20.0,0.5,0.37,0.16,0.16
490.0,0.5,0.12,0.32,0.36
20.0,0.5,0.38,0.16,0.2
490.0,0.5,0.11,0.2,0.24
20.0,0.5,0.39,0.2,0.16
490.0,0.5,0.1,0.28,0.36
20.0,0.5,0.4,0.08,0.24
490.0,0.5,0.09,0.24,0.28
20.0,0.5,0.41000000000000003,0.16,0.2
490.0,0.5,0.08,0.0,0.08
20.0,0.5,0.42,0.28,0.28
490.0,0.5,0.07,0.12,0.12
20.0,0.5,0.43,0.16,0.08
490.0,0.5,0.06,0.08,0.08
20.0,0.5,0.44,0.24,0.28
490.0,0.5,0.05,0.16,0.16
20.0,0.5,0.45,0.16,0.16
490.0,0.5,0.04,0.04,0.04
20.0,0.5,0.46,0.24,0.28
490.0,0.5,0.03,0.12,0.04
20.0,0.5,0.47000000000000003,0.28,0.36
490.0,0.5,0.02,0.04,0.04
20.0,0.5,0.48,0.28,0.4
490.0,0.5,0.01,0.04,0.12
20.0,0.5,0.49,0.2,0.28
490.0,0.5,0.0,0.04,0.12
20.0,0.5,0.5,0.28,0.32
480.0,0.5,0.5,1.0,1.0
30.0,0.5,0.0,0.08,0.08
480.0,0.5,0.49,1.0,1.0
30.0,0.5,0.01,0.08,0.08
480.0,0.5,0.48,1.0,1.0
30.0,0.5,0.02,0.0,0.08
480.0,0.5,0.47000000000000003,1.0,1.0
30.0,0.5,0.03,0.04,0.12
480.0,0.5,0.46,1.0,1.0
30.0,0.5,0.04,0.04,0.2
480.0,0.5,0.45,1.0,1.0
30.0,0.5,0.05,0.08,0.0
480.0,0.5,0.44,1.0,1.0
30.0,0.5,0.06,0.16,0.04
480.0,0.5,0.43,1.0,1.0
30.0,0.5,0.07,0.04,0.12
480.0,0.5,0.42,1.0,1.0
30.0,0.5,0.08,0.04,0.04
480.0,0.5,0.41000000000000003,1.0,1.0
30.0,0.5,0.09,0.04,0.0
480.0,0.5,0.4,1.0,1.0
30.0,0.5,0.1,0.16,0.04
480.0,0.5,0.39,1.0,1.0
30.0,0.5,0.11,0.04,0.08
480.0,0.5,0.38,1.0,1.0
30.0,0.5,0.12,0.08,0.08
480.0,0.5,0.37,1.0,1.0
30.0,0.5,0.13,0.0,0.0
480.0,0.5,0.36,1.0,1.0
30.0,0.5,0.14,0.04,0.04
480.0,0.5,0.35000000000000003,1.0,1.0
30.0,0.5,0.15,0.12,0.12
480.0,0.5,0.34,1.0,1.0
30.0,0.5,0.16,0.12,0.12
480.0,0.5,0.33,1.0,1.0
30.0,0.5,0.17,0.0,0.0
480.0,0.5,0.32,1.0,1.0
30.0,0.5,0.18,0.16,0.08
480.0,0.5,0.31,1.0,1.0
30.0,0.5,0.19,0.04,0.08
480.0,0.5,0.3,1.0,1.0
30.0,0.5,0.2,0.04,0.04
480.0,0.5,0.29,1.0,1.0
30.0,0.5,0.21,0.04,0.12
480.0,0.5,0.28,1.0,1.0
30.0,0.5,0.22,0.08,0.16
480.0,0.5,0.27,1.0,1.0
30.0,0.5,0.23,0.04,0.08
480.0,0.5,0.26,1.0,1.0
30.0,0.5,0.24,0.08,0.12
480.0,0.5,0.25,1.0,1.0
30.0,0.5,0.25,0.0,0.08
480.0,0.5,0.24,1.0,1.0
30.0,0.5,0.26,0.12,0.24
480.0,0.5,0.23,0.92,1.0
30.0,0.5,0.27,0.04,0.12
480.0,0.5,0.22,1.0,1.0
30.0,0.5,0.28,0.2,0.24
480.0,0.5,0.21,0.92,0.88
30.0,0.5,0.29,0.08,0.04
480.0,0.5,0.2,0.96,0.96
30.0,0.5,0.3,0.32,0.2
480.0,0.5,0.19,0.84,0.92
30.0,0.5,0.31,0.12,0.04
480.0,0.5,0.18,0.8,0.92
30.0,0.5,0.32,0.16,0.12
480.0,0.5,0.17,0.64,0.6
30.0,0.5,0.33,0.24,0.16
480.0,0.5,0.16,0.76,0.76
30.0,0.5,0.34,0.12,0.16
480.0,0.5,0.15,0.64,0.68
30.0,0.5,0.35000000000000003,0.16,0.2
480.0,0.5,0.14,0.48,0.48
30.0,0.5,0.36,0.36,0.36
480.0,0.5,0.13,0.56,0.6
30.0,0.5,0.37,0.36,0.32
480.0,0.5,0.12,0.32,0.36
30.0,0.5,0.38,0.24,0.28
480.0,0.5,0.11,0.36,0.32
30.0,0.5,0.39,0.28,0.32
480.0,0.5,0.1,0.08,0.12
30.0,0.5,0.4,0.2,0.32
480.0,0.5,0.09,0.16,0.2
30.0,0.5,0.41000000000000003,0.08,0.16
480.0,0.5,0.08,0.12,0.16
30.0,0.5,0.42,0.16,0.16
480.0,0.5,0.07,0.08,0.08
30.0,0.5,0.43,0.2,0.24
480.0,0.5,0.06,0.08,0.12
30.0,0.5,0.44,0.36,0.36
480.0,0.5,0.05,0.0,0.04
30.0,0.5,0.45,0.28,0.4
480.0,0.5,0.04,0.16,0.12
30.0,0.5,0.46,0.32,0.4
480.0,0.5,0.03,0.0,0.12
30.0,0.5,0.47000000000000003,0.24,0.16
480.0,0.5,0.02,0.04,0.08
30.0,0.5,0.48,0.24,0.4
480.0,0.5,0.01,0.0,0.04
30.0,0.5,0.49,0.48,0.52
480.0,0.5,0.0,0.04,0.0
30.0,0.5,0.5,0.4,0.44
470.0,0.5,0.5,1.0,1.0
40.0,0.5,0.0,0.08,0.04
470.0,0.5,0.49,1.0,1.0
40.0,0.5,0.01,0.04,0.04
470.0,0.5,0.48,1.0,1.0
40.0,0.5,0.02,0.08,0.12
470.0,0.5,0.47000000000000003,1.0,1.0
40.0,0.5,0.03,0.04,0.12
470.0,0.5,0.46,1.0,1.0
40.0,0.5,0.04,0.04,0.08
470.0,0.5,0.45,1.0,1.0
40.0,0.5,0.05,0.16,0.12
470.0,0.5,0.44,1.0,1.0
40.0,0.5,0.06,0.04,0.0
470.0,0.5,0.43,1.0,1.0
40.0,0.5,0.07,0.04,0.08
470.0,0.5,0.42,1.0,1.0
40.0,0.5,0.08,0.08,0.08
470.0,0.5,0.41000000000000003,1.0,1.0
40.0,0.5,0.09,0.0,0.12
470.0,0.5,0.4,1.0,1.0
40.0,0.5,0.1,0.08,0.16
470.0,0.5,0.39,1.0,1.0
40.0,0.5,0.11,0.0,0.0
470.0,0.5,0.38,1.0,1.0
40.0,0.5,0.12,0.0,0.0
470.0,0.5,0.37,1.0,1.0
40.0,0.5,0.13,0.16,0.12
470.0,0.5,0.36,1.0,1.0
40.0,0.5,0.14,0.0,0.12
470.0,0.5,0.35000000000000003,1.0,1.0
40.0,0.5,0.15,0.2,0.08
470.0,0.5,0.34,1.0,1.0
40.0,0.5,0.16,0.04,0.12
470.0,0.5,0.33,1.0,1.0
40.0,0.5,0.17,0.04,0.08
470.0,0.5,0.32,1.0,1.0
40.0,0.5,0.18,0.12,0.12
470.0,0.5,0.31,1.0,1.0
40.0,0.5,0.19,0.04,0.04
470.0,0.5,0.3,1.0,1.0
40.0,0.5,0.2,0.08,0.16
470.0,0.5,0.29,1.0,1.0
40.0,0.5,0.21,0.16,0.12
470.0,0.5,0.28,1.0,1.0
40.0,0.5,0.22,0.24,0.16
470.0,0.5,0.27,1.0,1.0
40.0,0.5,0.23,0.2,0.12
470.0,0.5,0.26,1.0,1.0
40.0,0.5,0.24,0.08,0.12
470.0,0.5,0.25,1.0,1.0
40.0,0.5,0.25,0.08,0.08
470.0,0.5,0.24,1.0,1.0
40.0,0.5,0.26,0.2,0.2
470.0,0.5,0.23,0.96,0.92
40.0,0.5,0.27,0.0,0.04
470.0,0.5,0.22,0.92,0.96
40.0,0.5,0.28,0.08,0.28
470.0,0.5,0.21,0.88,0.92
40.0,0.5,0.29,0.16,0.16
470.0,0.5,0.2,0.84,0.92
40.0,0.5,0.3,0.12,0.08
470.0,0.5,0.19,0.8,0.88
40.0,0.5,0.31,0.2,0.16
470.0,0.5,0.18,0.88,0.8
40.0,0.5,0.32,0.12,0.24
470.0,0.5,0.17,0.64,0.68
40.0,0.5,0.33,0.16,0.2
470.0,0.5,0.16,0.76,0.84
40.0,0.5,0.34,0.12,0.04
470.0,0.5,0.15,0.64,0.64
40.0,0.5,0.35000000000000003,0.24,0.32
470.0,0.5,0.14,0.48,0.64
40.0,0.5,0.36,0.32,0.24
470.0,0.5,0.13,0.4,0.36
40.0,0.5,0.37,0.28,0.36
470.0,0.5,0.12,0.52,0.48
40.0,0.5,0.38,0.28,0.36
470.0,0.5,0.11,0.2,0.32
40.0,0.5,0.39,0.28,0.24
470.0,0.5,0.1,0.16,0.24
40.0,0.5,0.4,0.16,0.28
470.0,0.5,0.09,0.12,0.16
40.0,0.5,0.41000000000000003,0.24,0.32
470.0,0.5,0.08,0.08,0.04
40.0,0.5,0.42,0.44,0.28
470.0,0.5,0.07,0.0,0.08
40.0,0.5,0.43,0.32,0.44
470.0,0.5,0.06,0.08,0.16
40.0,0.5,0.44,0.2,0.36
470.0,0.5,0.05,0.08,0.08
40.0,0.5,0.45,0.2,0.32
470.0,0.5,0.04,0.04,0.04
40.0,0.5,0.46,0.44,0.32
470.0,0.5,0.03,0.04,0.2
40.0,0.5,0.47000000000000003,0.4,0.44
470.0,0.5,0.02,0.0,0.0
40.0,0.5,0.48,0.44,0.4
470.0,0.5,0.01,0.04,0.08
40.0,0.5,0.49,0.56,0.76
470.0,0.5,0.0,0.12,0.16
40.0,0.5,0.5,0.56,0.68
460.0,0.5,0.5,1.0,1.0
50.0,0.5,0.0,0.0,0.08
460.0,0.5,0.49,1.0,1.0
50.0,0.5,0.01,0.04,0.04
460.0,0.5,0.48,1.0,1.0
50.0,0.5,0.02,0.08,0.08
460.0,0.5,0.47000000000000003,1.0,1.0
50.0,0.5,0.03,0.04,0.12
460.0,0.5,0.46,1.0,1.0
50.0,0.5,0.04,0.04,0.0
460.0,0.5,0.45,1.0,1.0
50.0,0.5,0.05,0.04,0.12
460.0,0.5,0.44,1.0,1.0
50.0,0.5,0.06,0.0,0.0
460.0,0.5,0.43,1.0,1.0
50.0,0.5,0.07,0.04,0.04
460.0,0.5,0.42,1.0,1.0
50.0,0.5,0.08,0.04,0.04
460.0,0.5,0.41000000000000003,1.0,1.0
50.0,0.5,0.09,0.12,0.12
460.0,0.5,0.4,1.0,1.0
50.0,0.5,0.1,0.08,0.12
460.0,0.5,0.39,1.0,1.0
50.0,0.5,0.11,0.04,0.08
460.0,0.5,0.38,1.0,1.0
50.0,0.5,0.12,0.08,0.04
460.0,0.5,0.37,1.0,1.0
50.0,0.5,0.13,0.04,0.08
460.0,0.5,0.36,1.0,1.0
50.0,0.5,0.14,0.0,0.0
460.0,0.5,0.35000000000000003,1.0,1.0
50.0,0.5,0.15,0.12,0.24
460.0,0.5,0.34,1.0,1.0
50.0,0.5,0.16,0.04,0.04
460.0,0.5,0.33,1.0,1.0
50.0,0.5,0.17,0.16,0.16
460.0,0.5,0.32,1.0,1.0
50.0,0.5,0.18,0.08,0.04
460.0,0.5,0.31,1.0,1.0
50.0,0.5,0.19,0.04,0.04
460.0,0.5,0.3,1.0,1.0
50.0,0.5,0.2,0.08,0.0
460.0,0.5,0.29,1.0,1.0
50.0,0.5,0.21,0.0,0.04
460.0,0.5,0.28,0.96,1.0
50.0,0.5,0.22,0.16,0.04
460.0,0.5,0.27,1.0,1.0
50.0,0.5,0.23,0.28,0.28
460.0,0.5,0.26,1.0,1.0
50.0,0.5,0.24,0.08,0.08
460.0,0.5,0.25,1.0,1.0
50.0,0.5,0.25,0.12,0.32
460.0,0.5,0.24,1.0,1.0
50.0,0.5,0.26,0.16,0.2
460.0,0.5,0.23,1.0,1.0
50.0,0.5,0.27,0.08,0.08
460.0,0.5,0.22,0.92,1.0
50.0,0.5,0.28,0.16,0.12
460.0,0.5,0.21,0.92,0.92
50.0,0.5,0.29,0.16,0.4
460.0,0.5,0.2,0.88,0.92
50.0,0.5,0.3,0.24,0.24
460.0,0.5,0.19,0.84,0.92
50.0,0.5,0.31,0.08,0.16
460.0,0.5,0.18,0.72,0.72
50.0,0.5,0.32,0.32,0.36
460.0,0.5,0.17,0.68,0.76
50.0,0.5,0.33,0.36,0.32
460.0,0.5,0.16,0.6,0.68
50.0,0.5,0.34,0.32,0.44
460.0,0.5,0.15,0.56,0.6
50.0,0.5,0.35000000000000003,0.48,0.28
460.0,0.5,0.14,0.44,0.36
50.0,0.5,0.36,0.28,0.44
460.0,0.5,0.13,0.48,0.52
50.0,0.5,0.37,0.32,0.4
460.0,0.5,0.12,0.4,0.48
50.0,0.5,0.38,0.32,0.36
460.0,0.5,0.11,0.24,0.2
50.0,0.5,0.39,0.36,0.44
460.0,0.5,0.1,0.2,0.24
50.0,0.5,0.4,0.36,0.52
460.0,0.5,0.09,0.16,0.24
50.0,0.5,0.41000000000000003,0.36,0.44
460.0,0.5,0.08,0.2,0.2
50.0,0.5,0.42,0.52,0.56
460.0,0.5,0.07,0.04,0.04
50.0,0.5,0.43,0.6,0.64
460.0,0.5,0.06,0.08,0.12
50.0,0.5,0.44,0.44,0.68
460.0,0.5,0.05,0.08,0.08
50.0,0.5,0.45,0.6,0.56
460.0,0.5,0.04,0.04,0.04
50.0,0.5,0.46,0.44,0.52
460.0,0.5,0.03,0.04,0.12
50.0,0.5,0.47000000000000003,0.64,0.68
460.0,0.5,0.02,0.12,0.04
50.0,0.5,0.48,0.48,0.56
460.0,0.5,0.01,0.04,0.04
50.0,0.5,0.49,0.64,0.72
460.0,0.5,0.0,0.08,0.04
50.0,0.5,0.5,0.4,0.64
450.0,0.5,0.5,1.0,1.0
60.0,0.5,0.0,0.08,0.04
450.0,0.5,0.49,1.0,1.0
60.0,0.5,0.01,0.04,0.08
450.0,0.5,0.48,1.0,1.0
60.0,0.5,0.02,0.04,0.04
450.0,0.5,0.47000000000000003,1.0,1.0
60.0,0.5,0.03,0.04,0.08
450.0,0.5,0.46,1.0,1.0
60.0,0.5,0.04,0.12,0.12
450.0,0.5,0.45,1.0,1.0
60.0,0.5,0.05,0.04,0.12
450.0,0.5,0.44,1.0,1.0
60.0,0.5,0.06,0.12,0.12
450.0,0.5,0.43,1.0,1.0
60.0,0.5,0.07,0.04,0.12
450.0,0.5,0.42,1.0,1.0
60.0,0.5,0.08,0.08,0.0
450.0,0.5,0.41000000000000003,1.0,1.0
60.0,0.5,0.09,0.0,0.04
450.0,0.5,0.4,1.0,1.0
60.0,0.5,0.1,0.0,0.0
450.0,0.5,0.39,1.0,1.0
60.0,0.5,0.11,0.08,0.16
450.0,0.5,0.38,1.0,1.0
60.0,0.5,0.12,0.08,0.12
450.0,0.5,0.37,1.0,1.0
60.0,0.5,0.13,0.04,0.08
450.0,0.5,0.36,1.0,1.0
60.0,0.5,0.14,0.16,0.04
450.0,0.5,0.35000000000000003,1.0,1.0
60.0,0.5,0.15,0.08,0.12
450.0,0.5,0.34,1.0,1.0
60.0,0.5,0.16,0.08,0.2
450.0,0.5,0.33,1.0,1.0
60.0,0.5,0.17,0.08,0.08
450.0,0.5,0.32,1.0,1.0
60.0,0.5,0.18,0.2,0.12
450.0,0.5,0.31,1.0,1.0
60.0,0.5,0.19,0.08,0.12
450.0,0.5,0.3,1.0,1.0
60.0,0.5,0.2,0.16,0.2
450.0,0.5,0.29,1.0,1.0
60.0,0.5,0.21,0.08,0.08
450.0,0.5,0.28,0.96,0.96
60.0,0.5,0.22,0.16,0.16
450.0,0.5,0.27,1.0,1.0
60.0,0.5,0.23,0.16,0.24
450.0,0.5,0.26,1.0,1.0
60.0,0.5,0.24,0.2,0.2
450.0,0.5,0.25,1.0,1.0
60.0,0.5,0.25,0.2,0.2
450.0,0.5,0.24,0.96,1.0
60.0,0.5,0.26,0.2,0.2
450.0,0.5,0.23,1.0,1.0
60.0,0.5,0.27,0.2,0.32
450.0,0.5,0.22,0.92,0.92
60.0,0.5,0.28,0.12,0.16
450.0,0.5,0.21,1.0,1.0
60.0,0.5,0.29,0.2,0.32
450.0,0.5,0.2,0.76,0.88
60.0,0.5,0.3,0.2,0.36
450.0,0.5,0.19,0.64,0.8
60.0,0.5,0.31,0.2,0.2
450.0,0.5,0.18,0.68,0.8
60.0,0.5,0.32,0.52,0.52
450.0,0.5,0.17,0.68,0.8
60.0,0.5,0.33,0.36,0.4
450.0,0.5,0.16,0.68,0.8
60.0,0.5,0.34,0.36,0.36
450.0,0.5,0.15,0.4,0.36
60.0,0.5,0.35000000000000003,0.36,0.36
450.0,0.5,0.14,0.48,0.52
60.0,0.5,0.36,0.36,0.48
450.0,0.5,0.13,0.48,0.48
60.0,0.5,0.37,0.36,0.4
450.0,0.5,0.12,0.24,0.36
60.0,0.5,0.38,0.48,0.36
450.0,0.5,0.11,0.4,0.32
60.0,0.5,0.39,0.4,0.48
450.0,0.5,0.1,0.24,0.24
60.0,0.5,0.4,0.52,0.76
450.0,0.5,0.09,0.28,0.32
60.0,0.5,0.41000000000000003,0.52,0.56
450.0,0.5,0.08,0.12,0.12
60.0,0.5,0.42,0.52,0.64
450.0,0.5,0.07,0.04,0.12
60.0,0.5,0.43,0.64,0.64
450.0,0.5,0.06,0.12,0.08
60.0,0.5,0.44,0.6,0.64
450.0,0.5,0.05,0.08,0.24
60.0,0.5,0.45,0.56,0.6
450.0,0.5,0.04,0.12,0.16
60.0,0.5,0.46,0.72,0.76
450.0,0.5,0.03,0.04,0.04
60.0,0.5,0.47000000000000003,0.84,0.8
450.0,0.5,0.02,0.08,0.0
60.0,0.5,0.48,0.76,0.88
450.0,0.5,0.01,0.04,0.04
60.0,0.5,0.49,0.8,0.8
450.0,0.5,0.0,0.12,0.04
60.0,0.5,0.5,0.8,0.92
440.0,0.5,0.5,1.0,1.0
70.0,0.5,0.0,0.04,0.04
440.0,0.5,0.49,1.0,1.0
70.0,0.5,0.01,0.0,0.04
440.0,0.5,0.48,1.0,1.0
70.0,0.5,0.02,0.0,0.0
440.0,0.5,0.47000000000000003,1.0,1.0
70.0,0.5,0.03,0.0,0.04
440.0,0.5,0.46,1.0,1.0
70.0,0.5,0.04,0.04,0.04
440.0,0.5,0.45,1.0,1.0
70.0,0.5,0.05,0.08,0.04
440.0,0.5,0.44,1.0,1.0
70.0,0.5,0.06,0.04,0.0
440.0,0.5,0.43,1.0,1.0
70.0,0.5,0.07,0.16,0.16
440.0,0.5,0.42,1.0,1.0
70.0,0.5,0.08,0.08,0.04
440.0,0.5,0.41000000000000003,1.0,1.0
70.0,0.5,0.09,0.04,0.08
440.0,0.5,0.4,1.0,1.0
70.0,0.5,0.1,0.0,0.12
440.0,0.5,0.39,1.0,1.0
70.0,0.5,0.11,0.16,0.12
440.0,0.5,0.38,1.0,1.0
70.0,0.5,0.12,0.2,0.12
440.0,0.5,0.37,1.0,1.0
70.0,0.5,0.13,0.0,0.08
440.0,0.5,0.36,1.0,1.0
70.0,0.5,0.14,0.04,0.08
440.0,0.5,0.35000000000000003,1.0,1.0
70.0,0.5,0.15,0.08,0.08
440.0,0.5,0.34,1.0,1.0
70.0,0.5,0.16,0.08,0.12
440.0,0.5,0.33,1.0,1.0
70.0,0.5,0.17,0.04,0.08
440.0,0.5,0.32,1.0,1.0
70.0,0.5,0.18,0.16,0.16
440.0,0.5,0.31,1.0,1.0
70.0,0.5,0.19,0.08,0.2
440.0,0.5,0.3,1.0,1.0
70.0,0.5,0.2,0.2,0.16
440.0,0.5,0.29,1.0,1.0
70.0,0.5,0.21,0.12,0.12
440.0,0.5,0.28,1.0,1.0
70.0,0.5,0.22,0.08,0.08
440.0,0.5,0.27,1.0,1.0
70.0,0.5,0.23,0.16,0.28
440.0,0.5,0.26,0.96,0.96
70.0,0.5,0.24,0.08,0.12
440.0,0.5,0.25,0.92,1.0
70.0,0.5,0.25,0.12,0.24
440.0,0.5,0.24,0.96,0.96
70.0,0.5,0.26,0.12,0.12
440.0,0.5,0.23,1.0,0.96
70.0,0.5,0.27,0.36,0.32
440.0,0.5,0.22,0.92,0.92
70.0,0.5,0.28,0.24,0.28
440.0,0.5,0.21,1.0,0.96
70.0,0.5,0.29,0.32,0.32
440.0,0.5,0.2,0.84,0.92
70.0,0.5,0.3,0.4,0.56
440.0,0.5,0.19,0.84,0.92
70.0,0.5,0.31,0.24,0.24
440.0,0.5,0.18,0.72,0.92
70.0,0.5,0.32,0.4,0.32
440.0,0.5,0.17,0.56,0.6
70.0,0.5,0.33,0.44,0.68
440.0,0.5,0.16,0.6,0.72
70.0,0.5,0.34,0.12,0.32
440.0,0.5,0.15,0.68,0.72
70.0,0.5,0.35000000000000003,0.4,0.44
440.0,0.5,0.14,0.76,0.72
70.0,0.5,0.36,0.52,0.56
440.0,0.5,0.13,0.48,0.48
70.0,0.5,0.37,0.48,0.52
440.0,0.5,0.12,0.24,0.28
70.0,0.5,0.38,0.68,0.72
440.0,0.5,0.11,0.2,0.16
70.0,0.5,0.39,0.44,0.56
440.0,0.5,0.1,0.36,0.28
70.0,0.5,0.4,0.64,0.68
440.0,0.5,0.09,0.24,0.16
70.0,0.5,0.41000000000000003,0.6,0.88
440.0,0.5,0.08,0.16,0.2
70.0,0.5,0.42,0.8,0.72
440.0,0.5,0.07,0.16,0.08
70.0,0.5,0.43,0.84,0.88
440.0,0.5,0.06,0.04,0.12
70.0,0.5,0.44,0.72,0.8
440.0,0.5,0.05,0.04,0.12
70.0,0.5,0.45,0.84,0.76
440.0,0.5,0.04,0.04,0.08
70.0,0.5,0.46,0.68,0.8
440.0,0.5,0.03,0.0,0.04
70.0,0.5,0.47000000000000003,0.84,0.84
440.0,0.5,0.02,0.12,0.04
70.0,0.5,0.48,0.84,0.84
440.0,0.5,0.01,0.04,0.04
70.0,0.5,0.49,0.84,0.92
440.0,0.5,0.0,0.0,0.0
70.0,0.5,0.5,0.84,0.88
430.0,0.5,0.5,1.0,1.0
80.0,0.5,0.0,0.0,0.04
430.0,0.5,0.49,1.0,1.0
80.0,0.5,0.01,0.04,0.0
430.0,0.5,0.48,1.0,1.0
80.0,0.5,0.02,0.04,0.04
430.0,0.5,0.47000000000000003,1.0,1.0
80.0,0.5,0.03,0.12,0.12
430.0,0.5,0.46,1.0,1.0
80.0,0.5,0.04,0.04,0.12
430.0,0.5,0.45,1.0,1.0
80.0,0.5,0.05,0.12,0.16
430.0,0.5,0.44,1.0,1.0
80.0,0.5,0.06,0.04,0.08
430.0,0.5,0.43,1.0,1.0
80.0,0.5,0.07,0.04,0.04
430.0,0.5,0.42,1.0,1.0
80.0,0.5,0.08,0.08,0.04
430.0,0.5,0.41000000000000003,1.0,1.0
80.0,0.5,0.09,0.12,0.0
430.0,0.5,0.4,1.0,1.0
80.0,0.5,0.1,0.16,0.04
430.0,0.5,0.39,1.0,1.0
80.0,0.5,0.11,0.24,0.2
430.0,0.5,0.38,1.0,1.0
80.0,0.5,0.12,0.08,0.0
430.0,0.5,0.37,1.0,1.0
80.0,0.5,0.13,0.08,0.16
430.0,0.5,0.36,1.0,1.0
80.0,0.5,0.14,0.16,0.08
430.0,0.5,0.35000000000000003,1.0,1.0
80.0,0.5,0.15,0.12,0.16
430.0,0.5,0.34,1.0,1.0
80.0,0.5,0.16,0.08,0.08
430.0,0.5,0.33,1.0,1.0
80.0,0.5,0.17,0.12,0.16
430.0,0.5,0.32,1.0,1.0
80.0,0.5,0.18,0.0,0.08
430.0,0.5,0.31,1.0,1.0
80.0,0.5,0.19,0.2,0.16
430.0,0.5,0.3,1.0,1.0
80.0,0.5,0.2,0.16,0.12
430.0,0.5,0.29,1.0,1.0
80.0,0.5,0.21,0.08,0.2
430.0,0.5,0.28,1.0,1.0
80.0,0.5,0.22,0.24,0.36
430.0,0.5,0.27,1.0,1.0
80.0,0.5,0.23,0.2,0.24
430.0,0.5,0.26,0.96,0.96
80.0,0.5,0.24,0.2,0.28
430.0,0.5,0.25,0.96,1.0
80.0,0.5,0.25,0.28,0.2
430.0,0.5,0.24,1.0,1.0
80.0,0.5,0.26,0.4,0.28
430.0,0.5,0.23,0.96,0.92
80.0,0.5,0.27,0.4,0.36
430.0,0.5,0.22,0.88,0.84
80.0,0.5,0.28,0.4,0.6
430.0,0.5,0.21,0.92,0.84
80.0,0.5,0.29,0.24,0.32
430.0,0.5,0.2,0.96,0.92
80.0,0.5,0.3,0.36,0.32
430.0,0.5,0.19,0.84,0.88
80.0,0.5,0.31,0.36,0.28
430.0,0.5,0.18,0.76,0.76
80.0,0.5,0.32,0.44,0.52
430.0,0.5,0.17,0.76,0.92
80.0,0.5,0.33,0.52,0.48
430.0,0.5,0.16,0.6,0.68
80.0,0.5,0.34,0.36,0.36
430.0,0.5,0.15,0.52,0.48
80.0,0.5,0.35000000000000003,0.6,0.64
430.0,0.5,0.14,0.4,0.52
80.0,0.5,0.36,0.64,0.72
430.0,0.5,0.13,0.4,0.44
80.0,0.5,0.37,0.52,0.56
430.0,0.5,0.12,0.28,0.28
80.0,0.5,0.38,0.68,0.64
430.0,0.5,0.11,0.24,0.24
80.0,0.5,0.39,0.6,0.68
430.0,0.5,0.1,0.2,0.28
80.0,0.5,0.4,0.76,0.76
430.0,0.5,0.09,0.08,0.12
80.0,0.5,0.41000000000000003,0.8,0.84
430.0,0.5,0.08,0.16,0.08
80.0,0.5,0.42,0.72,0.8
430.0,0.5,0.07,0.16,0.08
80.0,0.5,0.43,0.68,0.72
430.0,0.5,0.06,0.12,0.04
80.0,0.5,0.44,0.76,0.8
430.0,0.5,0.05,0.0,0.04
80.0,0.5,0.45,0.88,0.92
430.0,0.5,0.04,0.08,0.08
80.0,0.5,0.46,0.88,0.92
430.0,0.5,0.03,0.08,0.04
80.0,0.5,0.47000000000000003,0.84,0.88
430.0,0.5,0.02,0.04,0.08
80.0,0.5,0.48,0.88,0.92
430.0,0.5,0.01,0.0,0.0
80.0,0.5,0.49,0.8,0.88
430.0,0.5,0.0,0.04,0.04
80.0,0.5,0.5,0.88,0.96
420.0,0.5,0.5,1.0,1.0
90.0,0.5,0.0,0.04,0.04
420.0,0.5,0.49,1.0,1.0
90.0,0.5,0.01,0.08,0.04
420.0,0.5,0.48,1.0,1.0
90.0,0.5,0.02,0.0,0.08
420.0,0.5,0.47000000000000003,1.0,1.0
90.0,0.5,0.03,0.08,0.04
420.0,0.5,0.46,1.0,1.0
90.0,0.5,0.04,0.08,0.0
420.0,0.5,0.45,1.0,1.0
90.0,0.5,0.05,0.04,0.0
420.0,0.5,0.44,1.0,1.0
90.0,0.5,0.06,0.0,0.0
420.0,0.5,0.43,1.0,1.0
90.0,0.5,0.07,0.04,0.08
420.0,0.5,0.42,1.0,1.0
90.0,0.5,0.08,0.0,0.0
420.0,0.5,0.41000000000000003,1.0,1.0
90.0,0.5,0.09,0.12,0.12
420.0,0.5,0.4,1.0,1.0
90.0,0.5,0.1,0.08,0.12
420.0,0.5,0.39,1.0,1.0
90.0,0.5,0.11,0.04,0.04
420.0,0.5,0.38,1.0,1.0
90.0,0.5,0.12,0.12,0.08
420.0,0.5,0.37,1.0,1.0
90.0,0.5,0.13,0.04,0.12
420.0,0.5,0.36,1.0,1.0
90.0,0.5,0.14,0.08,0.16
420.0,0.5,0.35000000000000003,1.0,1.0
90.0,0.5,0.15,0.16,0.2
420.0,0.5,0.34,1.0,1.0
90.0,0.5,0.16,0.04,0.08
420.0,0.5,0.33,1.0,1.0
90.0,0.5,0.17,0.2,0.16
420.0,0.5,0.32,1.0,1.0
90.0,0.5,0.18,0.12,0.16
420.0,0.5,0.31,1.0,1.0
90.0,0.5,0.19,0.08,0.16
420.0,0.5,0.3,1.0,1.0
90.0,0.5,0.2,0.16,0.28
420.0,0.5,0.29,1.0,1.0
90.0,0.5,0.21,0.24,0.28
420.0,0.5,0.28,1.0,1.0
90.0,0.5,0.22,0.2,0.36
420.0,0.5,0.27,1.0,1.0
90.0,0.5,0.23,0.2,0.32
420.0,0.5,0.26,0.96,1.0
90.0,0.5,0.24,0.16,0.16
420.0,0.5,0.25,1.0,1.0
90.0,0.5,0.25,0.28,0.28
420.0,0.5,0.24,1.0,1.0
90.0,0.5,0.26,0.28,0.24
420.0,0.5,0.23,0.92,0.96
90.0,0.5,0.27,0.28,0.32
420.0,0.5,0.22,0.88,0.96
90.0,0.5,0.28,0.28,0.32
420.0,0.5,0.21,0.72,0.8
90.0,0.5,0.29,0.56,0.44
420.0,0.5,0.2,0.76,0.96
90.0,0.5,0.3,0.48,0.36
420.0,0.5,0.19,0.76,0.88
90.0,0.5,0.31,0.4,0.6
420.0,0.5,0.18,0.52,0.68
90.0,0.5,0.32,0.48,0.4
420.0,0.5,0.17,0.72,0.72
90.0,0.5,0.33,0.64,0.64
420.0,0.5,0.16,0.4,0.52
90.0,0.5,0.34,0.6,0.68
420.0,0.5,0.15,0.32,0.44
90.0,0.5,0.35000000000000003,0.6,0.72
420.0,0.5,0.14,0.6,0.48
90.0,0.5,0.36,0.72,0.84
420.0,0.5,0.13,0.28,0.28
90.0,0.5,0.37,0.64,0.84
420.0,0.5,0.12,0.32,0.24
90.0,0.5,0.38,0.68,0.68
420.0,0.5,0.11,0.28,0.2
90.0,0.5,0.39,0.84,0.88
420.0,0.5,0.1,0.16,0.2
90.0,0.5,0.4,0.64,0.76
420.0,0.5,0.09,0.08,0.24
90.0,0.5,0.41000000000000003,0.92,0.92
420.0,0.5,0.08,0.08,0.12
90.0,0.5,0.42,0.8,0.92
420.0,0.5,0.07,0.16,0.16
90.0,0.5,0.43,0.68,0.88
420.0,0.5,0.06,0.16,0.24
90.0,0.5,0.44,0.88,0.88
420.0,0.5,0.05,0.04,0.0
90.0,0.5,0.45,0.8,0.88
420.0,0.5,0.04,0.04,0.16
90.0,0.5,0.46,0.92,0.88
420.0,0.5,0.03,0.0,0.0
90.0,0.5,0.47000000000000003,0.88,0.88
420.0,0.5,0.02,0.04,0.2
90.0,0.5,0.48,0.96,0.88
420.0,0.5,0.01,0.16,0.08
90.0,0.5,0.49,0.92,0.96
420.0,0.5,0.0,0.08,0.04
90.0,0.5,0.5,0.96,1.0
410.0,0.5,0.5,1.0,1.0
100.0,0.5,0.0,0.08,0.0
410.0,0.5,0.49,1.0,1.0
100.0,0.5,0.01,0.0,0.04
410.0,0.5,0.48,1.0,1.0
100.0,0.5,0.02,0.08,0.08
410.0,0.5,0.47000000000000003,1.0,1.0
100.0,0.5,0.03,0.08,0.04
410.0,0.5,0.46,1.0,1.0
100.0,0.5,0.04,0.08,0.04
410.0,0.5,0.45,1.0,1.0
100.0,0.5,0.05,0.12,0.16
410.0,0.5,0.44,1.0,1.0
100.0,0.5,0.06,0.16,0.04
410.0,0.5,0.43,1.0,1.0
100.0,0.5,0.07,0.08,0.08
410.0,0.5,0.42,1.0,1.0
100.0,0.5,0.08,0.12,0.0
410.0,0.5,0.41000000000000003,1.0,1.0
100.0,0.5,0.09,0.04,0.08
410.0,0.5,0.4,1.0,1.0
100.0,0.5,0.1,0.12,0.2
410.0,0.5,0.39,1.0,1.0
100.0,0.5,0.11,0.12,0.04
410.0,0.5,0.38,1.0,1.0
100.0,0.5,0.12,0.08,0.12
410.0,0.5,0.37,1.0,1.0
100.0,0.5,0.13,0.16,0.08
410.0,0.5,0.36,1.0,1.0
100.0,0.5,0.14,0.08,0.12
410.0,0.5,0.35000000000000003,1.0,1.0
100.0,0.5,0.15,0.2,0.16
410.0,0.5,0.34,1.0,1.0
100.0,0.5,0.16,0.08,0.12
410.0,0.5,0.33,1.0,1.0
100.0,0.5,0.17,0.08,0.16
410.0,0.5,0.32,1.0,1.0
100.0,0.5,0.18,0.16,0.12
410.0,0.5,0.31,1.0,1.0
100.0,0.5,0.19,0.12,0.28
410.0,0.5,0.3,1.0,1.0
100.0,0.5,0.2,0.04,0.12
410.0,0.5,0.29,1.0,1.0
100.0,0.5,0.21,0.12,0.16
410.0,0.5,0.28,1.0,1.0
100.0,0.5,0.22,0.2,0.24
410.0,0.5,0.27,1.0,1.0
100.0,0.5,0.23,0.32,0.28
410.0,0.5,0.26,1.0,1.0
100.0,0.5,0.24,0.28,0.2
410.0,0.5,0.25,0.92,1.0
100.0,0.5,0.25,0.4,0.44
410.0,0.5,0.24,0.96,1.0
100.0,0.5,0.26,0.28,0.32
410.0,0.5,0.23,0.96,0.92
100.0,0.5,0.27,0.28,0.36
410.0,0.5,0.22,0.92,0.96
100.0,0.5,0.28,0.4,0.48
410.0,0.5,0.21,0.92,0.88
100.0,0.5,0.29,0.44,0.44
410.0,0.5,0.2,0.76,0.96
100.0,0.5,0.3,0.36,0.36
410.0,0.5,0.19,0.84,0.88
100.0,0.5,0.31,0.6,0.6
410.0,0.5,0.18,0.72,0.84
100.0,0.5,0.32,0.48,0.56
410.0,0.5,0.17,0.6,0.68
100.0,0.5,0.33,0.68,0.68
410.0,0.5,0.16,0.68,0.8
100.0,0.5,0.34,0.64,0.56
410.0,0.5,0.15,0.4,0.32
100.0,0.5,0.35000000000000003,0.52,0.68
410.0,0.5,0.14,0.4,0.56
100.0,0.5,0.36,0.6,0.76
410.0,0.5,0.13,0.44,0.44
100.0,0.5,0.37,0.76,0.88
410.0,0.5,0.12,0.4,0.28
100.0,0.5,0.38,0.68,0.72
410.0,0.5,0.11,0.16,0.28
100.0,0.5,0.39,0.8,0.84
410.0,0.5,0.1,0.16,0.08
100.0,0.5,0.4,0.64,0.84
410.0,0.5,0.09,0.08,0.04
100.0,0.5,0.41000000000000003,0.92,0.88
410.0,0.5,0.08,0.12,0.2
100.0,0.5,0.42,0.84,0.92
410.0,0.5,0.07,0.04,0.16
100.0,0.5,0.43,0.72,0.84
410.0,0.5,0.06,0.08,0.2
100.0,0.5,0.44,0.76,0.92
410.0,0.5,0.05,0.12,0.04
100.0,0.5,0.45,1.0,1.0
410.0,0.5,0.04,0.08,0.12
100.0,0.5,0.46,0.96,0.92
410.0,0.5,0.03,0.04,0.08
100.0,0.5,0.47000000000000003,0.96,1.0
410.0,0.5,0.02,0.04,0.04
100.0,0.5,0.48,0.88,0.88
410.0,0.5,0.01,0.0,0.04
100.0,0.5,0.49,0.88,0.92
410.0,0.5,0.0,0.0,0.04
100.0,0.5,0.5,0.96,1.0
400.0,0.5,0.5,1.0,1.0
110.0,0.5,0.0,0.04,0.04
400.0,0.5,0.49,1.0,1.0
110.0,0.5,0.01,0.24,0.16
400.0,0.5,0.48,1.0,1.0
110.0,0.5,0.02,0.04,0.0
400.0,0.5,0.47000000000000003,1.0,1.0
110.0,0.5,0.03,0.08,0.04
400.0,0.5,0.46,1.0,1.0
110.0,0.5,0.04,0.04,0.04
400.0,0.5,0.45,1.0,1.0
110.0,0.5,0.05,0.04,0.0
400.0,0.5,0.44,1.0,1.0
110.0,0.5,0.06,0.0,0.04
400.0,0.5,0.43,1.0,1.0
110.0,0.5,0.07,0.04,0.0
400.0,0.5,0.42,1.0,1.0
110.0,0.5,0.08,0.12,0.04
400.0,0.5,0.41000000000000003,1.0,1.0
110.0,0.5,0.09,0.04,0.04
400.0,0.5,0.4,1.0,1.0
110.0,0.5,0.1,0.08,0.08
400.0,0.5,0.39,1.0,1.0
110.0,0.5,0.11,0.12,0.2
400.0,0.5,0.38,1.0,1.0
110.0,0.5,0.12,0.12,0.08
400.0,0.5,0.37,1.0,1.0
110.0,0.5,0.13,0.2,0.08
400.0,0.5,0.36,1.0,1.0
110.0,0.5,0.14,0.08,0.0
400.0,0.5,0.35000000000000003,1.0,1.0
110.0,0.5,0.15,0.16,0.2
400.0,0.5,0.34,1.0,1.0
110.0,0.5,0.16,0.08,0.28
400.0,0.5,0.33,1.0,1.0
110.0,0.5,0.17,0.08,0.08
400.0,0.5,0.32,1.0,1.0
110.0,0.5,0.18,0.2,0.16
400.0,0.5,0.31,1.0,1.0
110.0,0.5,0.19,0.2,0.24
400.0,0.5,0.3,1.0,1.0
110.0,0.5,0.2,0.16,0.16
400.0,0.5,0.29,1.0,1.0
110.0,0.5,0.21,0.28,0.4
400.0,0.5,0.28,0.96,1.0
110.0,0.5,0.22,0.36,0.36
400.0,0.5,0.27,1.0,1.0
110.0,0.5,0.23,0.36,0.36
400.0,0.5,0.26,1.0,1.0
110.0,0.5,0.24,0.44,0.28
400.0,0.5,0.25,0.96,0.92
110.0,0.5,0.25,0.2,0.2
400.0,0.5,0.24,0.96,1.0
110.0,0.5,0.26,0.36,0.4
400.0,0.5,0.23,0.96,0.96
110.0,0.5,0.27,0.32,0.32
400.0,0.5,0.22,0.92,0.92
110.0,0.5,0.28,0.44,0.36
400.0,0.5,0.21,0.84,0.92
110.0,0.5,0.29,0.36,0.44
400.0,0.5,0.2,0.76,0.92
110.0,0.5,0.3,0.48,0.44
400.0,0.5,0.19,0.68,0.76
110.0,0.5,0.31,0.52,0.68
400.0,0.5,0.18,0.76,0.8
110.0,0.5,0.32,0.68,0.76
400.0,0.5,0.17,0.64,0.6
110.0,0.5,0.33,0.52,0.72
400.0,0.5,0.16,0.6,0.6
110.0,0.5,0.34,0.72,0.72
400.0,0.5,0.15,0.64,0.52
110.0,0.5,0.35000000000000003,0.64,0.72
400.0,0.5,0.14,0.36,0.44
110.0,0.5,0.36,0.56,0.64
400.0,0.5,0.13,0.28,0.28
110.0,0.5,0.37,0.8,0.92
400.0,0.5,0.12,0.56,0.4
110.0,0.5,0.38,0.8,0.8
400.0,0.5,0.11,0.24,0.12
110.0,0.5,0.39,0.84,0.92
400.0,0.5,0.1,0.16,0.2
110.0,0.5,0.4,0.96,0.96
400.0,0.5,0.09,0.2,0.24
110.0,0.5,0.41000000000000003,0.92,0.96
400.0,0.5,0.08,0.16,0.12
110.0,0.5,0.42,0.92,0.96
400.0,0.5,0.07,0.08,0.04
110.0,0.5,0.43,0.88,0.96
400.0,0.5,0.06,0.08,0.12
110.0,0.5,0.44,0.84,0.92
400.0,0.5,0.05,0.12,0.04
110.0,0.5,0.45,0.84,0.96
400.0,0.5,0.04,0.08,0.12
110.0,0.5,0.46,0.96,1.0
400.0,0.5,0.03,0.0,0.0
110.0,0.5,0.47000000000000003,0.92,1.0
400.0,0.5,0.02,0.0,0.0
110.0,0.5,0.48,1.0,1.0
400.0,0.5,0.01,0.08,0.04
110.0,0.5,0.49,0.96,0.96
400.0,0.5,0.0,0.12,0.0
110.0,0.5,0.5,1.0,1.0
390.0,0.5,0.5,1.0,1.0
120.0,0.5,0.0,0.04,0.04
390.0,0.5,0.49,1.0,1.0
120.0,0.5,0.01,0.0,0.0
390.0,0.5,0.48,1.0,1.0
120.0,0.5,0.02,0.08,0.04
390.0,0.5,0.47000000000000003,1.0,1.0
120.0,0.5,0.03,0.04,0.08
390.0,0.5,0.46,1.0,1.0
120.0,0.5,0.04,0.0,0.0
390.0,0.5,0.45,1.0,1.0
120.0,0.5,0.05,0.04,0.04
390.0,0.5,0.44,1.0,1.0
120.0,0.5,0.06,0.0,0.0
390.0,0.5,0.43,1.0,1.0
120.0,0.5,0.07,0.04,0.08
390.0,0.5,0.42,1.0,1.0
120.0,0.5,0.08,0.04,0.08
390.0,0.5,0.41000000000000003,1.0,1.0
120.0,0.5,0.09,0.0,0.04
390.0,0.5,0.4,1.0,1.0
120.0,0.5,0.1,0.08,0.08
390.0,0.5,0.39,1.0,1.0
120.0,0.5,0.11,0.0,0.0
390.0,0.5,0.38,1.0,1.0
120.0,0.5,0.12,0.12,0.08
390.0,0.5,0.37,1.0,1.0
120.0,0.5,0.13,0.12,0.24
390.0,0.5,0.36,1.0,1.0
120.0,0.5,0.14,0.0,0.04
390.0,0.5,0.35000000000000003,1.0,1.0
120.0,0.5,0.15,0.12,0.12
390.0,0.5,0.34,1.0,1.0
120.0,0.5,0.16,0.12,0.16
390.0,0.5,0.33,1.0,1.0
120.0,0.5,0.17,0.16,0.28
390.0,0.5,0.32,1.0,1.0
120.0,0.5,0.18,0.28,0.16
390.0,0.5,0.31,1.0,1.0
120.0,0.5,0.19,0.28,0.36
390.0,0.5,0.3,1.0,1.0
120.0,0.5,0.2,0.28,0.2
390.0,0.5,0.29,1.0,1.0
120.0,0.5,0.21,0.24,0.24
390.0,0.5,0.28,1.0,1.0
120.0,0.5,0.22,0.4,0.44
390.0,0.5,0.27,1.0,1.0
120.0,0.5,0.23,0.36,0.36
390.0,0.5,0.26,1.0,1.0
120.0,0.5,0.24,0.32,0.4
390.0,0.5,0.25,0.96,1.0
120.0,0.5,0.25,0.4,0.4
390.0,0.5,0.24,0.92,0.92
120.0,0.5,0.26,0.24,0.48
390.0,0.5,0.23,0.92,0.92
120.0,0.5,0.27,0.6,0.68
390.0,0.5,0.22,0.84,0.96
120.0,0.5,0.28,0.2,0.32
390.0,0.5,0.21,0.84,0.96
120.0,0.5,0.29,0.72,0.8
390.0,0.5,0.2,0.76,0.8
120.0,0.5,0.3,0.56,0.48
390.0,0.5,0.19,0.6,0.68
120.0,0.5,0.31,0.6,0.72
390.0,0.5,0.18,0.76,0.8
120.0,0.5,0.32,0.76,0.84
390.0,0.5,0.17,0.76,0.72
120.0,0.5,0.33,0.72,0.76
390.0,0.5,0.16,0.48,0.52
120.0,0.5,0.34,0.72,0.72
390.0,0.5,0.15,0.36,0.48
120.0,0.5,0.35000000000000003,0.6,0.72
390.0,0.5,0.14,0.2,0.4
120.0,0.5,0.36,0.76,0.84
390.0,0.5,0.13,0.44,0.32
120.0,0.5,0.37,0.76,0.88
390.0,0.5,0.12,0.32,0.28
120.0,0.5,0.38,0.84,0.96
390.0,0.5,0.11,0.16,0.12
120.0,0.5,0.39,0.76,0.88
390.0,0.5,0.1,0.24,0.2
120.0,0.5,0.4,0.76,0.84
390.0,0.5,0.09,0.16,0.12
120.0,0.5,0.41000000000000003,0.84,0.88
390.0,0.5,0.08,0.04,0.08
120.0,0.5,0.42,0.88,0.88
390.0,0.5,0.07,0.16,0.16
120.0,0.5,0.43,0.92,0.84
390.0,0.5,0.06,0.16,0.16
120.0,0.5,0.44,0.88,0.96
390.0,0.5,0.05,0.08,0.08
120.0,0.5,0.45,0.84,1.0
390.0,0.5,0.04,0.08,0.04
120.0,0.5,0.46,1.0,1.0
390.0,0.5,0.03,0.08,0.12
120.0,0.5,0.47000000000000003,0.96,0.96
390.0,0.5,0.02,0.08,0.08
120.0,0.5,0.48,0.92,0.92
390.0,0.5,0.01,0.04,0.04
120.0,0.5,0.49,1.0,1.0
390.0,0.5,0.0,0.04,0.12
120.0,0.5,0.5,0.92,0.96
380.0,0.5,0.5,1.0,1.0
130.0,0.5,0.0,0.0,0.08
380.0,0.5,0.49,1.0,1.0
130.0,0.5,0.01,0.08,0.04
380.0,0.5,0.48,1.0,1.0
130.0,0.5,0.02,0.04,0.08
380.0,0.5,0.47000000000000003,1.0,1.0
130.0,0.5,0.03,0.0,0.0
380.0,0.5,0.46,1.0,1.0
130.0,0.5,0.04,0.08,0.12
380.0,0.5,0.45,1.0,1.0
130.0,0.5,0.05,0.08,0.04
380.0,0.5,0.44,1.0,1.0
130.0,0.5,0.06,0.0,0.04
380.0,0.5,0.43,1.0,1.0
130.0,0.5,0.07,0.16,0.12
380.0,0.5,0.42,1.0,1.0
130.0,0.5,0.08,0.16,0.08
380.0,0.5,0.41000000000000003,1.0,1.0
130.0,0.5,0.09,0.0,0.08
380.0,0.5,0.4,1.0,1.0
130.0,0.5,0.1,0.04,0.04
380.0,0.5,0.39,1.0,1.0
130.0,0.5,0.11,0.12,0.12
380.0,0.5,0.38,1.0,1.0
130.0,0.5,0.12,0.12,0.08
380.0,0.5,0.37,1.0,1.0
130.0,0.5,0.13,0.12,0.0
380.0,0.5,0.36,1.0,1.0
130.0,0.5,0.14,0.12,0.04
380.0,0.5,0.35000000000000003,1.0,1.0
130.0,0.5,0.15,0.12,0.12
380.0,0.5,0.34,1.0,1.0
130.0,0.5,0.16,0.12,0.12
380.0,0.5,0.33,1.0,1.0
130.0,0.5,0.17,0.04,0.04
380.0,0.5,0.32,1.0,1.0
130.0,0.5,0.18,0.16,0.24
380.0,0.5,0.31,1.0,1.0
130.0,0.5,0.19,0.24,0.16
380.0,0.5,0.3,1.0,1.0
130.0,0.5,0.2,0.2,0.24
380.0,0.5,0.29,0.96,1.0
130.0,0.5,0.21,0.36,0.4
380.0,0.5,0.28,1.0,1.0
130.0,0.5,0.22,0.32,0.4
380.0,0.5,0.27,1.0,1.0
130.0,0.5,0.23,0.28,0.24
380.0,0.5,0.26,1.0,1.0
130.0,0.5,0.24,0.28,0.36
380.0,0.5,0.25,0.92,1.0
130.0,0.5,0.25,0.48,0.44
380.0,0.5,0.24,0.96,0.96
130.0,0.5,0.26,0.4,0.52
380.0,0.5,0.23,0.92,0.92
130.0,0.5,0.27,0.4,0.56
380.0,0.5,0.22,0.8,0.92
130.0,0.5,0.28,0.48,0.64
380.0,0.5,0.21,0.76,0.92
130.0,0.5,0.29,0.52,0.56
380.0,0.5,0.2,0.8,0.92
130.0,0.5,0.3,0.68,0.68
380.0,0.5,0.19,0.64,0.64
130.0,0.5,0.31,0.64,0.68
380.0,0.5,0.18,0.68,0.72
130.0,0.5,0.32,0.68,0.68
380.0,0.5,0.17,0.52,0.52
130.0,0.5,0.33,0.64,0.68
380.0,0.5,0.16,0.24,0.36
130.0,0.5,0.34,0.8,0.84
380.0,0.5,0.15,0.44,0.48
130.0,0.5,0.35000000000000003,0.72,0.76
380.0,0.5,0.14,0.52,0.52
130.0,0.5,0.36,0.88,0.96
380.0,0.5,0.13,0.2,0.16
130.0,0.5,0.37,0.88,0.84
380.0,0.5,0.12,0.44,0.4
130.0,0.5,0.38,1.0,0.96
380.0,0.5,0.11,0.24,0.28
130.0,0.5,0.39,0.8,0.92
380.0,0.5,0.1,0.2,0.2
130.0,0.5,0.4,0.96,0.96
380.0,0.5,0.09,0.2,0.12
130.0,0.5,0.41000000000000003,0.84,0.96
380.0,0.5,0.08,0.08,0.04
130.0,0.5,0.42,0.92,0.96
380.0,0.5,0.07,0.08,0.12
130.0,0.5,0.43,0.96,1.0
380.0,0.5,0.06,0.04,0.08
130.0,0.5,0.44,0.96,1.0
380.0,0.5,0.05,0.08,0.04
130.0,0.5,0.45,1.0,1.0
380.0,0.5,0.04,0.12,0.04
130.0,0.5,0.46,0.92,0.96
380.0,0.5,0.03,0.0,0.0
130.0,0.5,0.47000000000000003,1.0,0.96
380.0,0.5,0.02,0.12,0.0
130.0,0.5,0.48,0.88,0.92
380.0,0.5,0.01,0.04,0.12
130.0,0.5,0.49,1.0,1.0
380.0,0.5,0.0,0.16,0.12
130.0,0.5,0.5,1.0,1.0
370.0,0.5,0.5,1.0,1.0
140.0,0.5,0.0,0.08,0.08
370.0,0.5,0.49,1.0,1.0
140.0,0.5,0.01,0.08,0.08
370.0,0.5,0.48,1.0,1.0
140.0,0.5,0.02,0.08,0.0
370.0,0.5,0.47000000000000003,1.0,1.0
140.0,0.5,0.03,0.04,0.08
370.0,0.5,0.46,1.0,1.0
140.0,0.5,0.04,0.12,0.12
370.0,0.5,0.45,1.0,1.0
140.0,0.5,0.05,0.0,0.0
370.0,0.5,0.44,1.0,1.0
140.0,0.5,0.06,0.04,0.04
370.0,0.5,0.43,1.0,1.0
140.0,0.5,0.07,0.04,0.04
370.0,0.5,0.42,1.0,1.0
140.0,0.5,0.08,0.08,0.12
370.0,0.5,0.41000000000000003,1.0,1.0
140.0,0.5,0.09,0.08,0.0
370.0,0.5,0.4,1.0,1.0
140.0,0.5,0.1,0.2,0.08
370.0,0.5,0.39,1.0,1.0
140.0,0.5,0.11,0.04,0.04
370.0,0.5,0.38,1.0,1.0
140.0,0.5,0.12,0.08,0.04
370.0,0.5,0.37,1.0,1.0
140.0,0.5,0.13,0.08,0.12
370.0,0.5,0.36,1.0,1.0
140.0,0.5,0.14,0.08,0.08
370.0,0.5,0.35000000000000003,1.0,1.0
140.0,0.5,0.15,0.2,0.12
370.0,0.5,0.34,1.0,1.0
140.0,0.5,0.16,0.2,0.24
370.0,0.5,0.33,1.0,1.0
140.0,0.5,0.17,0.32,0.32
370.0,0.5,0.32,1.0,1.0
140.0,0.5,0.18,0.2,0.4
370.0,0.5,0.31,1.0,1.0
140.0,0.5,0.19,0.24,0.2
370.0,0.5,0.3,1.0,1.0
140.0,0.5,0.2,0.24,0.28
370.0,0.5,0.29,1.0,1.0
140.0,0.5,0.21,0.24,0.36
370.0,0.5,0.28,1.0,1.0
140.0,0.5,0.22,0.12,0.28
370.0,0.5,0.27,1.0,1.0
140.0,0.5,0.23,0.44,0.6
370.0,0.5,0.26,1.0,1.0
140.0,0.5,0.24,0.64,0.48
370.0,0.5,0.25,0.92,1.0
140.0,0.5,0.25,0.44,0.64
370.0,0.5,0.24,0.96,1.0
140.0,0.5,0.26,0.44,0.68
370.0,0.5,0.23,0.96,1.0
140.0,0.5,0.27,0.56,0.6
370.0,0.5,0.22,0.88,0.96
140.0,0.5,0.28,0.68,0.72
370.0,0.5,0.21,0.84,0.84
140.0,0.5,0.29,0.64,0.76
370.0,0.5,0.2,0.68,0.72
140.0,0.5,0.3,0.52,0.64
370.0,0.5,0.19,0.88,0.76
140.0,0.5,0.31,0.6,0.64
370.0,0.5,0.18,0.8,0.8
140.0,0.5,0.32,0.64,0.76
370.0,0.5,0.17,0.6,0.76
140.0,0.5,0.33,0.84,0.96
370.0,0.5,0.16,0.56,0.64
140.0,0.5,0.34,0.84,0.8
370.0,0.5,0.15,0.36,0.44
140.0,0.5,0.35000000000000003,0.64,0.8
370.0,0.5,0.14,0.4,0.48
140.0,0.5,0.36,0.8,0.92
370.0,0.5,0.13,0.08,0.36
140.0,0.5,0.37,0.88,0.92
370.0,0.5,0.12,0.28,0.36
140.0,0.5,0.38,0.92,0.92
370.0,0.5,0.11,0.24,0.2
140.0,0.5,0.39,1.0,1.0
370.0,0.5,0.1,0.24,0.16
140.0,0.5,0.4,0.92,1.0
370.0,0.5,0.09,0.08,0.08
140.0,0.5,0.41000000000000003,0.92,0.96
370.0,0.5,0.08,0.24,0.12
140.0,0.5,0.42,0.96,0.96
370.0,0.5,0.07,0.12,0.0
140.0,0.5,0.43,0.92,1.0
370.0,0.5,0.06,0.12,0.0
140.0,0.5,0.44,0.92,1.0
370.0,0.5,0.05,0.04,0.04
140.0,0.5,0.45,1.0,1.0
370.0,0.5,0.04,0.12,0.04
140.0,0.5,0.46,1.0,1.0
370.0,0.5,0.03,0.16,0.16
140.0,0.5,0.47000000000000003,0.96,1.0
370.0,0.5,0.02,0.04,0.08
140.0,0.5,0.48,1.0,1.0
370.0,0.5,0.01,0.04,0.08
140.0,0.5,0.49,1.0,1.0
370.0,0.5,0.0,0.04,0.04
140.0,0.5,0.5,1.0,1.0
360.0,0.5,0.5,1.0,1.0
150.0,0.5,0.0,0.16,0.12
360.0,0.5,0.49,1.0,1.0
150.0,0.5,0.01,0.08,0.04
360.0,0.5,0.48,1.0,1.0
150.0,0.5,0.02,0.04,0.04
360.0,0.5,0.47000000000000003,1.0,1.0
150.0,0.5,0.03,0.0,0.04
360.0,0.5,0.46,1.0,1.0
150.0,0.5,0.04,0.12,0.04
360.0,0.5,0.45,1.0,1.0
150.0,0.5,0.05,0.08,0.04
360.0,0.5,0.44,1.0,1.0
150.0,0.5,0.06,0.08,0.0
360.0,0.5,0.43,1.0,1.0
150.0,0.5,0.07,0.0,0.04
360.0,0.5,0.42,1.0,1.0
150.0,0.5,0.08,0.12,0.04
360.0,0.5,0.41000000000000003,1.0,1.0
150.0,0.5,0.09,0.04,0.04
360.0,0.5,0.4,1.0,1.0
150.0,0.5,0.1,0.12,0.08
360.0,0.5,0.39,1.0,1.0
150.0,0.5,0.11,0.16,0.12
360.0,0.5,0.38,1.0,1.0
150.0,0.5,0.12,0.04,0.0
360.0,0.5,0.37,1.0,1.0
150.0,0.5,0.13,0.12,0.16
360.0,0.5,0.36,1.0,1.0
150.0,0.5,0.14,0.12,0.08
360.0,0.5,0.35000000000000003,1.0,1.0
150.0,0.5,0.15,0.08,0.08
360.0,0.5,0.34,1.0,1.0
150.0,0.5,0.16,0.24,0.12
360.0,0.5,0.33,0.96,1.0
150.0,0.5,0.17,0.24,0.2
360.0,0.5,0.32,1.0,1.0
150.0,0.5,0.18,0.32,0.4
360.0,0.5,0.31,1.0,1.0
150.0,0.5,0.19,0.28,0.16
360.0,0.5,0.3,1.0,1.0
150.0,0.5,0.2,0.08,0.28
360.0,0.5,0.29,0.96,0.96
150.0,0.5,0.21,0.28,0.4
360.0,0.5,0.28,1.0,1.0
150.0,0.5,0.22,0.44,0.52
360.0,0.5,0.27,0.92,0.96
150.0,0.5,0.23,0.52,0.6
360.0,0.5,0.26,1.0,1.0
150.0,0.5,0.24,0.32,0.24
360.0,0.5,0.25,0.92,1.0
150.0,0.5,0.25,0.52,0.64
360.0,0.5,0.24,0.96,0.96
150.0,0.5,0.26,0.52,0.56
360.0,0.5,0.23,0.92,0.92
150.0,0.5,0.27,0.48,0.44
360.0,0.5,0.22,0.8,0.84
150.0,0.5,0.28,0.64,0.72
360.0,0.5,0.21,0.96,0.96
150.0,0.5,0.29,0.72,0.84
360.0,0.5,0.2,0.84,0.76
150.0,0.5,0.3,0.52,0.76
360.0,0.5,0.19,0.52,0.8
150.0,0.5,0.31,0.8,0.84
360.0,0.5,0.18,0.64,0.68
150.0,0.5,0.32,0.76,0.84
360.0,0.5,0.17,0.68,0.76
150.0,0.5,0.33,0.64,0.84
360.0,0.5,0.16,0.4,0.4
150.0,0.5,0.34,0.76,0.88
360.0,0.5,0.15,0.4,0.4
150.0,0.5,0.35000000000000003,0.84,0.88
360.0,0.5,0.14,0.4,0.48
150.0,0.5,0.36,0.92,0.96
360.0,0.5,0.13,0.28,0.2
150.0,0.5,0.37,0.92,0.96
360.0,0.5,0.12,0.32,0.4
150.0,0.5,0.38,1.0,1.0
360.0,0.5,0.11,0.28,0.28
150.0,0.5,0.39,0.96,0.96
360.0,0.5,0.1,0.12,0.16
150.0,0.5,0.4,0.96,0.96
360.0,0.5,0.09,0.16,0.24
150.0,0.5,0.41000000000000003,0.92,1.0
360.0,0.5,0.08,0.08,0.12
150.0,0.5,0.42,0.92,1.0
360.0,0.5,0.07,0.08,0.12
150.0,0.5,0.43,1.0,1.0
360.0,0.5,0.06,0.08,0.12
150.0,0.5,0.44,1.0,1.0
360.0,0.5,0.05,0.08,0.08
150.0,0.5,0.45,1.0,0.96
360.0,0.5,0.04,0.2,0.08
150.0,0.5,0.46,1.0,1.0
360.0,0.5,0.03,0.08,0.04
150.0,0.5,0.47000000000000003,0.96,1.0
360.0,0.5,0.02,0.12,0.08
150.0,0.5,0.48,1.0,1.0
360.0,0.5,0.01,0.08,0.04
150.0,0.5,0.49,1.0,1.0
360.0,0.5,0.0,0.04,0.0
150.0,0.5,0.5,1.0,1.0
350.0,0.5,0.5,1.0,1.0
160.0,0.5,0.0,0.04,0.24
350.0,0.5,0.49,1.0,1.0
160.0,0.5,0.01,0.0,0.0
350.0,0.5,0.48,1.0,1.0
160.0,0.5,0.02,0.08,0.08
350.0,0.5,0.47000000000000003,1.0,1.0
160.0,0.5,0.03,0.08,0.12
350.0,0.5,0.46,1.0,1.0
160.0,0.5,0.04,0.04,0.0
350.0,0.5,0.45,1.0,1.0
160.0,0.5,0.05,0.04,0.0
350.0,0.5,0.44,1.0,1.0
160.0,0.5,0.06,0.0,0.04
350.0,0.5,0.43,1.0,1.0
160.0,0.5,0.07,0.0,0.04
350.0,0.5,0.42,1.0,1.0
160.0,0.5,0.08,0.08,0.12
350.0,0.5,0.41000000000000003,1.0,1.0
160.0,0.5,0.09,0.08,0.12
350.0,0.5,0.4,1.0,1.0
160.0,0.5,0.1,0.04,0.08
350.0,0.5,0.39,1.0,1.0
160.0,0.5,0.11,0.0,0.08
350.0,0.5,0.38,1.0,1.0
160.0,0.5,0.12,0.16,0.08
350.0,0.5,0.37,1.0,1.0
160.0,0.5,0.13,0.2,0.28
350.0,0.5,0.36,1.0,1.0
160.0,0.5,0.14,0.2,0.08
350.0,0.5,0.35000000000000003,1.0,1.0
160.0,0.5,0.15,0.24,0.16
350.0,0.5,0.34,1.0,1.0
160.0,0.5,0.16,0.28,0.44
350.0,0.5,0.33,1.0,1.0
160.0,0.5,0.17,0.44,0.32
350.0,0.5,0.32,1.0,1.0
160.0,0.5,0.18,0.28,0.28
350.0,0.5,0.31,1.0,1.0
160.0,0.5,0.19,0.32,0.32
350.0,0.5,0.3,1.0,1.0
160.0,0.5,0.2,0.36,0.28
350.0,0.5,0.29,1.0,1.0
160.0,0.5,0.21,0.44,0.4
350.0,0.5,0.28,1.0,1.0
160.0,0.5,0.22,0.52,0.44
350.0,0.5,0.27,0.96,0.92
160.0,0.5,0.23,0.48,0.44
350.0,0.5,0.26,0.96,1.0
160.0,0.5,0.24,0.32,0.56
350.0,0.5,0.25,0.88,0.96
160.0,0.5,0.25,0.56,0.52
350.0,0.5,0.24,0.84,0.96
160.0,0.5,0.26,0.56,0.76
350.0,0.5,0.23,0.92,0.96
160.0,0.5,0.27,0.8,0.76
350.0,0.5,0.22,0.76,0.8
160.0,0.5,0.28,0.76,0.76
350.0,0.5,0.21,0.68,0.84
160.0,0.5,0.29,0.72,0.8
350.0,0.5,0.2,0.88,0.84
160.0,0.5,0.3,0.8,0.8
350.0,0.5,0.19,0.72,0.84
160.0,0.5,0.31,0.8,0.88
350.0,0.5,0.18,0.6,0.76
160.0,0.5,0.32,0.92,0.96
350.0,0.5,0.17,0.52,0.8
160.0,0.5,0.33,0.92,0.8
350.0,0.5,0.16,0.52,0.44
160.0,0.5,0.34,0.88,0.96
350.0,0.5,0.15,0.2,0.32
160.0,0.5,0.35000000000000003,0.96,0.88
350.0,0.5,0.14,0.36,0.36
160.0,0.5,0.36,0.8,1.0
350.0,0.5,0.13,0.36,0.36
160.0,0.5,0.37,0.92,0.88
350.0,0.5,0.12,0.12,0.12
160.0,0.5,0.38,0.96,1.0
350.0,0.5,0.11,0.2,0.2
160.0,0.5,0.39,0.84,0.92
350.0,0.5,0.1,0.2,0.16
160.0,0.5,0.4,1.0,1.0
350.0,0.5,0.09,0.28,0.24
160.0,0.5,0.41000000000000003,1.0,1.0
350.0,0.5,0.08,0.24,0.2
160.0,0.5,0.42,0.92,1.0
350.0,0.5,0.07,0.2,0.16
160.0,0.5,0.43,1.0,1.0
350.0,0.5,0.06,0.12,0.04
160.0,0.5,0.44,0.96,1.0
350.0,0.5,0.05,0.24,0.24
160.0,0.5,0.45,1.0,1.0
350.0,0.5,0.04,0.08,0.12
160.0,0.5,0.46,1.0,1.0
350.0,0.5,0.03,0.08,0.04
160.0,0.5,0.47000000000000003,1.0,1.0
350.0,0.5,0.02,0.0,0.04
160.0,0.5,0.48,1.0,1.0
350.0,0.5,0.01,0.0,0.0
160.0,0.5,0.49,1.0,1.0
350.0,0.5,0.0,0.0,0.04
160.0,0.5,0.5,1.0,1.0
340.0,0.5,0.5,1.0,1.0
170.0,0.5,0.0,0.08,0.08
340.0,0.5,0.49,1.0,1.0
170.0,0.5,0.01,0.08,0.12
340.0,0.5,0.48,1.0,1.0
170.0,0.5,0.02,0.12,0.12
340.0,0.5,0.47000000000000003,1.0,1.0
170.0,0.5,0.03,0.04,0.04
340.0,0.5,0.46,1.0,1.0
170.0,0.5,0.04,0.12,0.08
340.0,0.5,0.45,1.0,1.0
170.0,0.5,0.05,0.08,0.04
340.0,0.5,0.44,1.0,1.0
170.0,0.5,0.06,0.04,0.12
340.0,0.5,0.43,1.0,1.0
170.0,0.5,0.07,0.04,0.16
340.0,0.5,0.42,1.0,1.0
170.0,0.5,0.08,0.08,0.08
340.0,0.5,0.41000000000000003,1.0,1.0
170.0,0.5,0.09,0.12,0.08
340.0,0.5,0.4,1.0,1.0
170.0,0.5,0.1,0.12,0.12
340.0,0.5,0.39,1.0,1.0
170.0,0.5,0.11,0.04,0.04
340.0,0.5,0.38,1.0,1.0
170.0,0.5,0.12,0.16,0.16
340.0,0.5,0.37,1.0,1.0
170.0,0.5,0.13,0.16,0.12
340.0,0.5,0.36,1.0,1.0
170.0,0.5,0.14,0.16,0.08
340.0,0.5,0.35000000000000003,1.0,1.0
170.0,0.5,0.15,0.2,0.16
340.0,0.5,0.34,1.0,1.0
170.0,0.5,0.16,0.16,0.28
340.0,0.5,0.33,1.0,1.0
170.0,0.5,0.17,0.2,0.12
340.0,0.5,0.32,1.0,1.0
170.0,0.5,0.18,0.24,0.2
340.0,0.5,0.31,1.0,1.0
170.0,0.5,0.19,0.2,0.44
340.0,0.5,0.3,0.96,1.0
170.0,0.5,0.2,0.16,0.32
340.0,0.5,0.29,1.0,1.0
170.0,0.5,0.21,0.32,0.4
340.0,0.5,0.28,1.0,1.0
170.0,0.5,0.22,0.32,0.36
340.0,0.5,0.27,1.0,1.0
170.0,0.5,0.23,0.52,0.52
340.0,0.5,0.26,0.92,0.96
170.0,0.5,0.24,0.52,0.6
340.0,0.5,0.25,0.72,0.96
170.0,0.5,0.25,0.76,0.68
340.0,0.5,0.24,0.76,0.88
170.0,0.5,0.26,0.56,0.52
340.0,0.5,0.23,0.84,0.88
170.0,0.5,0.27,0.56,0.68
340.0,0.5,0.22,0.8,0.84
170.0,0.5,0.28,0.72,0.84
340.0,0.5,0.21,0.8,0.96
170.0,0.5,0.29,0.68,0.76
340.0,0.5,0.2,0.8,0.76
170.0,0.5,0.3,0.56,0.76
340.0,0.5,0.19,0.64,0.6
170.0,0.5,0.31,0.8,0.84
340.0,0.5,0.18,0.64,0.76
170.0,0.5,0.32,0.76,0.96
340.0,0.5,0.17,0.52,0.6
170.0,0.5,0.33,0.92,0.96
340.0,0.5,0.16,0.56,0.56
170.0,0.5,0.34,0.8,0.92
340.0,0.5,0.15,0.28,0.32
170.0,0.5,0.35000000000000003,0.84,0.92
340.0,0.5,0.14,0.24,0.4
170.0,0.5,0.36,0.96,1.0
340.0,0.5,0.13,0.28,0.32
170.0,0.5,0.37,0.96,1.0
340.0,0.5,0.12,0.28,0.32
170.0,0.5,0.38,0.92,1.0
340.0,0.5,0.11,0.08,0.2
170.0,0.5,0.39,1.0,1.0
340.0,0.5,0.1,0.12,0.24
170.0,0.5,0.4,1.0,1.0
340.0,0.5,0.09,0.08,0.2
170.0,0.5,0.41000000000000003,0.92,0.96
340.0,0.5,0.08,0.12,0.04
170.0,0.5,0.42,1.0,1.0
340.0,0.5,0.07,0.04,0.16
170.0,0.5,0.43,1.0,1.0
340.0,0.5,0.06,0.08,0.12
170.0,0.5,0.44,0.96,1.0
340.0,0.5,0.05,0.04,0.08
170.0,0.5,0.45,1.0,1.0
340.0,0.5,0.04,0.08,0.04
170.0,0.5,0.46,1.0,1.0
340.0,0.5,0.03,0.0,0.0
170.0,0.5,0.47000000000000003,1.0,1.0
340.0,0.5,0.02,0.0,0.12
170.0,0.5,0.48,1.0,1.0
340.0,0.5,0.01,0.0,0.08
170.0,0.5,0.49,1.0,1.0
340.0,0.5,0.0,0.0,0.04
170.0,0.5,0.5,1.0,1.0
330.0,0.5,0.5,1.0,1.0
180.0,0.5,0.0,0.04,0.08
330.0,0.5,0.49,1.0,1.0
180.0,0.5,0.01,0.08,0.04
330.0,0.5,0.48,1.0,1.0
180.0,0.5,0.02,0.12,0.08
330.0,0.5,0.47000000000000003,1.0,1.0
180.0,0.5,0.03,0.12,0.08
330.0,0.5,0.46,1.0,1.0
180.0,0.5,0.04,0.08,0.04
330.0,0.5,0.45,1.0,1.0
180.0,0.5,0.05,0.08,0.08
330.0,0.5,0.44,1.0,1.0
180.0,0.5,0.06,0.04,0.12
330.0,0.5,0.43,1.0,1.0
180.0,0.5,0.07,0.0,0.08
330.0,0.5,0.42,1.0,1.0
180.0,0.5,0.08,0.0,0.08
330.0,0.5,0.41000000000000003,1.0,1.0
180.0,0.5,0.09,0.08,0.04
330.0,0.5,0.4,1.0,1.0
180.0,0.5,0.1,0.2,0.04
330.0,0.5,0.39,1.0,1.0
180.0,0.5,0.11,0.12,0.04
330.0,0.5,0.38,1.0,1.0
180.0,0.5,0.12,0.12,0.16
330.0,0.5,0.37,1.0,1.0
180.0,0.5,0.13,0.04,0.2
330.0,0.5,0.36,1.0,1.0
180.0,0.5,0.14,0.16,0.2
330.0,0.5,0.35000000000000003,1.0,1.0
180.0,0.5,0.15,0.08,0.08
330.0,0.5,0.34,1.0,1.0
180.0,0.5,0.16,0.12,0.12
330.0,0.5,0.33,1.0,1.0
180.0,0.5,0.17,0.32,0.48
330.0,0.5,0.32,1.0,1.0
180.0,0.5,0.18,0.44,0.36
330.0,0.5,0.31,1.0,1.0
180.0,0.5,0.19,0.16,0.28
330.0,0.5,0.3,0.96,0.96
180.0,0.5,0.2,0.36,0.36
330.0,0.5,0.29,0.88,0.92
180.0,0.5,0.21,0.36,0.48
330.0,0.5,0.28,1.0,1.0
180.0,0.5,0.22,0.44,0.52
330.0,0.5,0.27,0.92,0.92
180.0,0.5,0.23,0.52,0.48
330.0,0.5,0.26,0.88,0.96
180.0,0.5,0.24,0.68,0.72
330.0,0.5,0.25,0.92,0.88
180.0,0.5,0.25,0.56,0.72
330.0,0.5,0.24,0.84,0.92
180.0,0.5,0.26,0.6,0.6
330.0,0.5,0.23,0.8,0.92
180.0,0.5,0.27,0.72,0.8
330.0,0.5,0.22,0.8,0.84
180.0,0.5,0.28,0.72,0.84
330.0,0.5,0.21,0.8,0.92
180.0,0.5,0.29,0.8,0.8
330.0,0.5,0.2,0.68,0.72
180.0,0.5,0.3,0.92,0.84
330.0,0.5,0.19,0.72,0.68
180.0,0.5,0.31,0.92,1.0
330.0,0.5,0.18,0.68,0.68
180.0,0.5,0.32,0.92,0.92
330.0,0.5,0.17,0.68,0.68
180.0,0.5,0.33,0.88,0.96
330.0,0.5,0.16,0.44,0.44
180.0,0.5,0.34,0.96,1.0
330.0,0.5,0.15,0.44,0.48
180.0,0.5,0.35000000000000003,0.96,0.96
330.0,0.5,0.14,0.32,0.36
180.0,0.5,0.36,1.0,1.0
330.0,0.5,0.13,0.2,0.4
180.0,0.5,0.37,1.0,1.0
330.0,0.5,0.12,0.28,0.32
180.0,0.5,0.38,1.0,1.0
330.0,0.5,0.11,0.12,0.12
180.0,0.5,0.39,0.96,1.0
330.0,0.5,0.1,0.2,0.08
180.0,0.5,0.4,1.0,1.0
330.0,0.5,0.09,0.08,0.16
180.0,0.5,0.41000000000000003,1.0,1.0
330.0,0.5,0.08,0.16,0.16
180.0,0.5,0.42,1.0,1.0
330.0,0.5,0.07,0.12,0.04
180.0,0.5,0.43,1.0,1.0
330.0,0.5,0.06,0.04,0.08
180.0,0.5,0.44,1.0,1.0
330.0,0.5,0.05,0.04,0.04
180.0,0.5,0.45,1.0,0.96
330.0,0.5,0.04,0.04,0.12
180.0,0.5,0.46,1.0,1.0
330.0,0.5,0.03,0.12,0.08
180.0,0.5,0.47000000000000003,1.0,1.0
330.0,0.5,0.02,0.08,0.0
180.0,0.5,0.48,0.96,1.0
330.0,0.5,0.01,0.04,0.0
180.0,0.5,0.49,1.0,1.0
330.0,0.5,0.0,0.08,0.0
180.0,0.5,0.5,1.0,1.0
320.0,0.5,0.5,1.0,1.0
190.0,0.5,0.0,0.0,0.04
320.0,0.5,0.49,1.0,1.0
190.0,0.5,0.01,0.04,0.0
320.0,0.5,0.48,1.0,1.0
190.0,0.5,0.02,0.0,0.04
320.0,0.5,0.47000000000000003,1.0,1.0
190.0,0.5,0.03,0.12,0.08
320.0,0.5,0.46,1.0,1.0
190.0,0.5,0.04,0.04,0.0
320.0,0.5,0.45,1.0,1.0
190.0,0.5,0.05,0.04,0.08
320.0,0.5,0.44,1.0,1.0
190.0,0.5,0.06,0.08,0.08
320.0,0.5,0.43,1.0,1.0
190.0,0.5,0.07,0.24,0.16
320.0,0.5,0.42,1.0,1.0
190.0,0.5,0.08,0.08,0.08
320.0,0.5,0.41000000000000003,1.0,1.0
190.0,0.5,0.09,0.08,0.04
320.0,0.5,0.4,1.0,1.0
190.0,0.5,0.1,0.08,0.08
320.0,0.5,0.39,1.0,1.0
190.0,0.5,0.11,0.12,0.08
320.0,0.5,0.38,1.0,1.0
190.0,0.5,0.12,0.16,0.08
320.0,0.5,0.37,1.0,1.0
190.0,0.5,0.13,0.04,0.08
320.0,0.5,0.36,1.0,1.0
190.0,0.5,0.14,0.08,0.08
320.0,0.5,0.35000000000000003,0.96,1.0
190.0,0.5,0.15,0.44,0.4
320.0,0.5,0.34,1.0,1.0
190.0,0.5,0.16,0.2,0.16
320.0,0.5,0.33,0.96,1.0
190.0,0.5,0.17,0.24,0.28
320.0,0.5,0.32,1.0,0.96
190.0,0.5,0.18,0.44,0.28
320.0,0.5,0.31,0.96,1.0
190.0,0.5,0.19,0.28,0.4
320.0,0.5,0.3,0.96,0.96
190.0,0.5,0.2,0.44,0.48
320.0,0.5,0.29,1.0,1.0
190.0,0.5,0.21,0.44,0.44
320.0,0.5,0.28,0.96,1.0
190.0,0.5,0.22,0.56,0.72
320.0,0.5,0.27,0.96,0.96
190.0,0.5,0.23,0.6,0.56
320.0,0.5,0.26,0.96,0.96
190.0,0.5,0.24,0.48,0.68
320.0,0.5,0.25,1.0,0.96
190.0,0.5,0.25,0.68,0.64
320.0,0.5,0.24,0.84,0.88
190.0,0.5,0.26,0.64,0.72
320.0,0.5,0.23,0.84,0.92
190.0,0.5,0.27,0.8,0.84
320.0,0.5,0.22,0.76,0.76
190.0,0.5,0.28,0.72,0.8
320.0,0.5,0.21,0.56,0.68
190.0,0.5,0.29,0.72,0.72
320.0,0.5,0.2,0.6,0.72
190.0,0.5,0.3,0.76,0.84
320.0,0.5,0.19,0.64,0.64
190.0,0.5,0.31,0.88,0.92
320.0,0.5,0.18,0.52,0.56
190.0,0.5,0.32,0.84,0.88
320.0,0.5,0.17,0.48,0.28
190.0,0.5,0.33,0.96,1.0
320.0,0.5,0.16,0.52,0.52
190.0,0.5,0.34,0.92,0.92
320.0,0.5,0.15,0.48,0.48
190.0,0.5,0.35000000000000003,0.84,1.0
320.0,0.5,0.14,0.16,0.2
190.0,0.5,0.36,1.0,1.0
320.0,0.5,0.13,0.28,0.28
190.0,0.5,0.37,1.0,1.0
320.0,0.5,0.12,0.2,0.24
190.0,0.5,0.38,0.96,1.0
320.0,0.5,0.11,0.16,0.24
190.0,0.5,0.39,1.0,1.0
320.0,0.5,0.1,0.12,0.12
190.0,0.5,0.4,1.0,1.0
320.0,0.5,0.09,0.0,0.0
190.0,0.5,0.41000000000000003,1.0,1.0
320.0,0.5,0.08,0.12,0.04
190.0,0.5,0.42,1.0,1.0
320.0,0.5,0.07,0.12,0.08
190.0,0.5,0.43,1.0,1.0
320.0,0.5,0.06,0.04,0.12
190.0,0.5,0.44,1.0,1.0
320.0,0.5,0.05,0.12,0.16
190.0,0.5,0.45,0.96,1.0
320.0,0.5,0.04,0.12,0.0
190.0,0.5,0.46,1.0,1.0
320.0,0.5,0.03,0.04,0.08
190.0,0.5,0.47000000000000003,1.0,1.0
320.0,0.5,0.02,0.04,0.08
190.0,0.5,0.48,1.0,1.0
320.0,0.5,0.01,0.04,0.08
190.0,0.5,0.49,1.0,1.0
320.0,0.5,0.0,0.04,0.08
190.0,0.5,0.5,1.0,1.0
310.0,0.5,0.5,1.0,1.0
200.0,0.5,0.0,0.0,0.0
310.0,0.5,0.49,1.0,1.0
200.0,0.5,0.01,0.04,0.0
310.0,0.5,0.48,1.0,1.0
200.0,0.5,0.02,0.0,0.08
310.0,0.5,0.47000000000000003,1.0,1.0
200.0,0.5,0.03,0.04,0.08
310.0,0.5,0.46,1.0,1.0
200.0,0.5,0.04,0.08,0.08
310.0,0.5,0.45,1.0,1.0
200.0,0.5,0.05,0.04,0.08
310.0,0.5,0.44,1.0,1.0
200.0,0.5,0.06,0.08,0.2
310.0,0.5,0.43,1.0,1.0
200.0,0.5,0.07,0.12,0.08
310.0,0.5,0.42,1.0,1.0
200.0,0.5,0.08,0.0,0.2
310.0,0.5,0.41000000000000003,1.0,1.0
200.0,0.5,0.09,0.12,0.08
310.0,0.5,0.4,1.0,1.0
200.0,0.5,0.1,0.04,0.12
310.0,0.5,0.39,1.0,1.0
200.0,0.5,0.11,0.08,0.12
310.0,0.5,0.38,1.0,1.0
200.0,0.5,0.12,0.12,0.16
310.0,0.5,0.37,1.0,1.0
200.0,0.5,0.13,0.0,0.08
310.0,0.5,0.36,1.0,1.0
200.0,0.5,0.14,0.16,0.08
310.0,0.5,0.35000000000000003,1.0,1.0
200.0,0.5,0.15,0.16,0.2
310.0,0.5,0.34,1.0,1.0
200.0,0.5,0.16,0.2,0.28
310.0,0.5,0.33,1.0,1.0
200.0,0.5,0.17,0.32,0.28
310.0,0.5,0.32,1.0,1.0
200.0,0.5,0.18,0.36,0.32
310.0,0.5,0.31,1.0,1.0
200.0,0.5,0.19,0.2,0.2
310.0,0.5,0.3,0.96,0.96
200.0,0.5,0.2,0.44,0.52
310.0,0.5,0.29,0.92,1.0
200.0,0.5,0.21,0.56,0.68
310.0,0.5,0.28,0.96,1.0
200.0,0.5,0.22,0.52,0.6
310.0,0.5,0.27,0.8,0.96
200.0,0.5,0.23,0.76,0.8
310.0,0.5,0.26,0.92,0.96
200.0,0.5,0.24,0.48,0.6
310.0,0.5,0.25,0.92,1.0
200.0,0.5,0.25,0.68,0.88
310.0,0.5,0.24,0.84,0.88
200.0,0.5,0.26,0.64,0.72
310.0,0.5,0.23,0.84,0.8
200.0,0.5,0.27,0.8,0.8
310.0,0.5,0.22,0.92,0.92
200.0,0.5,0.28,0.92,0.88
310.0,0.5,0.21,0.6,0.88
200.0,0.5,0.29,0.8,0.92
310.0,0.5,0.2,0.76,0.8
200.0,0.5,0.3,0.88,0.96
310.0,0.5,0.19,0.68,0.76
200.0,0.5,0.31,0.8,0.88
310.0,0.5,0.18,0.6,0.64
200.0,0.5,0.32,0.88,0.96
310.0,0.5,0.17,0.48,0.48
200.0,0.5,0.33,0.92,0.96
310.0,0.5,0.16,0.44,0.48
200.0,0.5,0.34,0.96,0.96
310.0,0.5,0.15,0.36,0.44
200.0,0.5,0.35000000000000003,0.96,0.96
310.0,0.5,0.14,0.16,0.24
200.0,0.5,0.36,0.96,1.0
310.0,0.5,0.13,0.32,0.36
200.0,0.5,0.37,0.96,1.0
310.0,0.5,0.12,0.32,0.28
200.0,0.5,0.38,1.0,1.0
310.0,0.5,0.11,0.28,0.28
200.0,0.5,0.39,0.96,1.0
310.0,0.5,0.1,0.24,0.12
200.0,0.5,0.4,1.0,1.0
310.0,0.5,0.09,0.12,0.12
200.0,0.5,0.41000000000000003,1.0,1.0
310.0,0.5,0.08,0.16,0.16
200.0,0.5,0.42,1.0,1.0
310.0,0.5,0.07,0.04,0.12
200.0,0.5,0.43,1.0,1.0
310.0,0.5,0.06,0.04,0.04
200.0,0.5,0.44,1.0,1.0
310.0,0.5,0.05,0.08,0.04
200.0,0.5,0.45,1.0,1.0
310.0,0.5,0.04,0.0,0.0
200.0,0.5,0.46,1.0,1.0
310.0,0.5,0.03,0.0,0.0
200.0,0.5,0.47000000000000003,1.0,1.0
310.0,0.5,0.02,0.0,0.04
200.0,0.5,0.48,1.0,1.0
310.0,0.5,0.01,0.04,0.12
200.0,0.5,0.49,1.0,1.0
310.0,0.5,0.0,0.04,0.0
200.0,0.5,0.5,1.0,1.0
300.0,0.5,0.5,1.0,1.0
210.0,0.5,0.0,0.04,0.12
300.0,0.5,0.49,1.0,1.0
210.0,0.5,0.01,0.04,0.04
300.0,0.5,0.48,1.0,1.0
210.0,0.5,0.02,0.04,0.04
300.0,0.5,0.47000000000000003,1.0,1.0
210.0,0.5,0.03,0.04,0.08
300.0,0.5,0.46,1.0,1.0
210.0,0.5,0.04,0.0,0.04
300.0,0.5,0.45,1.0,1.0
210.0,0.5,0.05,0.0,0.04
300.0,0.5,0.44,1.0,1.0
210.0,0.5,0.06,0.08,0.04
300.0,0.5,0.43,1.0,1.0
210.0,0.5,0.07,0.12,0.0
300.0,0.5,0.42,1.0,1.0
210.0,0.5,0.08,0.04,0.08
300.0,0.5,0.41000000000000003,1.0,1.0
210.0,0.5,0.09,0.12,0.12
300.0,0.5,0.4,1.0,1.0
210.0,0.5,0.1,0.08,0.12
300.0,0.5,0.39,1.0,1.0
210.0,0.5,0.11,0.04,0.04
300.0,0.5,0.38,1.0,1.0
210.0,0.5,0.12,0.04,0.08
300.0,0.5,0.37,1.0,1.0
210.0,0.5,0.13,0.16,0.12
300.0,0.5,0.36,1.0,1.0
210.0,0.5,0.14,0.44,0.36
300.0,0.5,0.35000000000000003,1.0,1.0
210.0,0.5,0.15,0.12,0.32
300.0,0.5,0.34,1.0,1.0
210.0,0.5,0.16,0.28,0.24
300.0,0.5,0.33,1.0,1.0
210.0,0.5,0.17,0.4,0.4
300.0,0.5,0.32,0.96,1.0
210.0,0.5,0.18,0.36,0.48
300.0,0.5,0.31,1.0,1.0
210.0,0.5,0.19,0.4,0.36
300.0,0.5,0.3,0.92,0.96
210.0,0.5,0.2,0.52,0.44
300.0,0.5,0.29,1.0,0.96
210.0,0.5,0.21,0.56,0.6
300.0,0.5,0.28,0.96,0.96
210.0,0.5,0.22,0.44,0.64
300.0,0.5,0.27,0.96,0.92
210.0,0.5,0.23,0.64,0.68
300.0,0.5,0.26,0.8,1.0
210.0,0.5,0.24,0.76,0.68
300.0,0.5,0.25,0.96,0.88
210.0,0.5,0.25,0.68,0.84
300.0,0.5,0.24,0.88,0.96
210.0,0.5,0.26,0.56,0.72
300.0,0.5,0.23,0.88,0.92
210.0,0.5,0.27,0.72,0.72
300.0,0.5,0.22,0.76,0.8
210.0,0.5,0.28,0.8,0.68
300.0,0.5,0.21,0.72,0.96
210.0,0.5,0.29,0.76,0.88
300.0,0.5,0.2,0.64,0.8
210.0,0.5,0.3,0.88,0.96
300.0,0.5,0.19,0.72,0.72
210.0,0.5,0.31,0.92,1.0
300.0,0.5,0.18,0.68,0.72
210.0,0.5,0.32,0.92,0.96
300.0,0.5,0.17,0.56,0.64
210.0,0.5,0.33,0.96,1.0
300.0,0.5,0.16,0.44,0.6
210.0,0.5,0.34,0.96,0.96
300.0,0.5,0.15,0.2,0.4
210.0,0.5,0.35000000000000003,1.0,1.0
300.0,0.5,0.14,0.28,0.32
210.0,0.5,0.36,1.0,1.0
300.0,0.5,0.13,0.36,0.32
210.0,0.5,0.37,0.92,0.92
300.0,0.5,0.12,0.2,0.24
210.0,0.5,0.38,1.0,1.0
300.0,0.5,0.11,0.16,0.24
210.0,0.5,0.39,1.0,1.0
300.0,0.5,0.1,0.12,0.28
210.0,0.5,0.4,1.0,1.0
300.0,0.5,0.09,0.04,0.12
210.0,0.5,0.41000000000000003,1.0,1.0
300.0,0.5,0.08,0.12,0.04
210.0,0.5,0.42,1.0,1.0
300.0,0.5,0.07,0.08,0.08
210.0,0.5,0.43,1.0,1.0
300.0,0.5,0.06,0.0,0.12
210.0,0.5,0.44,1.0,1.0
300.0,0.5,0.05,0.0,0.0
210.0,0.5,0.45,1.0,1.0
300.0,0.5,0.04,0.12,0.2
210.0,0.5,0.46,1.0,1.0
300.0,0.5,0.03,0.12,0.04
210.0,0.5,0.47000000000000003,1.0,1.0
300.0,0.5,0.02,0.04,0.04
210.0,0.5,0.48,1.0,1.0
300.0,0.5,0.01,0.04,0.12
210.0,0.5,0.49,1.0,1.0
300.0,0.5,0.0,0.04,0.04
210.0,0.5,0.5,1.0,1.0
290.0,0.5,0.5,1.0,1.0
220.0,0.5,0.0,0.04,0.08
290.0,0.5,0.49,1.0,1.0
220.0,0.5,0.01,0.0,0.0
290.0,0.5,0.48,1.0,1.0
220.0,0.5,0.02,0.04,0.04
290.0,0.5,0.47000000000000003,1.0,1.0
220.0,0.5,0.03,0.08,0.04
290.0,0.5,0.46,1.0,1.0
220.0,0.5,0.04,0.12,0.04
290.0,0.5,0.45,1.0,1.0
220.0,0.5,0.05,0.04,0.08
290.0,0.5,0.44,1.0,1.0
220.0,0.5,0.06,0.04,0.04
290.0,0.5,0.43,1.0,1.0
220.0,0.5,0.07,0.04,0.08
290.0,0.5,0.42,1.0,1.0
220.0,0.5,0.08,0.04,0.0
290.0,0.5,0.41000000000000003,1.0,1.0
220.0,0.5,0.09,0.08,0.08
290.0,0.5,0.4,1.0,1.0
220.0,0.5,0.1,0.0,0.08
290.0,0.5,0.39,1.0,1.0
220.0,0.5,0.11,0.16,0.12
290.0,0.5,0.38,1.0,1.0
220.0,0.5,0.12,0.24,0.16
290.0,0.5,0.37,1.0,1.0
220.0,0.5,0.13,0.2,0.08
290.0,0.5,0.36,1.0,1.0
220.0,0.5,0.14,0.2,0.2
290.0,0.5,0.35000000000000003,1.0,0.96
220.0,0.5,0.15,0.16,0.12
290.0,0.5,0.34,1.0,1.0
220.0,0.5,0.16,0.16,0.2
290.0,0.5,0.33,1.0,0.96
220.0,0.5,0.17,0.32,0.28
290.0,0.5,0.32,1.0,1.0
220.0,0.5,0.18,0.44,0.6
290.0,0.5,0.31,0.96,1.0
220.0,0.5,0.19,0.56,0.52
290.0,0.5,0.3,1.0,1.0
220.0,0.5,0.2,0.6,0.64
290.0,0.5,0.29,1.0,1.0
220.0,0.5,0.21,0.56,0.72
290.0,0.5,0.28,0.96,0.96
220.0,0.5,0.22,0.56,0.68
290.0,0.5,0.27,0.76,0.88
220.0,0.5,0.23,0.72,0.72
290.0,0.5,0.26,0.88,0.92
220.0,0.5,0.24,0.64,0.76
290.0,0.5,0.25,0.92,0.92
220.0,0.5,0.25,0.76,0.84
290.0,0.5,0.24,0.88,0.96
220.0,0.5,0.26,0.84,0.88
290.0,0.5,0.23,0.64,0.8
220.0,0.5,0.27,0.8,0.88
290.0,0.5,0.22,0.68,0.8
220.0,0.5,0.28,0.76,0.88
290.0,0.5,0.21,0.6,0.68
220.0,0.5,0.29,0.76,0.92
290.0,0.5,0.2,0.44,0.56
220.0,0.5,0.3,0.8,0.84
290.0,0.5,0.19,0.48,0.56
220.0,0.5,0.31,0.92,0.96
290.0,0.5,0.18,0.64,0.68
220.0,0.5,0.32,0.92,0.96
290.0,0.5,0.17,0.4,0.36
220.0,0.5,0.33,0.92,0.92
290.0,0.5,0.16,0.56,0.64
220.0,0.5,0.34,1.0,1.0
290.0,0.5,0.15,0.24,0.24
220.0,0.5,0.35000000000000003,0.96,1.0
290.0,0.5,0.14,0.12,0.24
220.0,0.5,0.36,1.0,1.0
290.0,0.5,0.13,0.28,0.32
220.0,0.5,0.37,1.0,1.0
290.0,0.5,0.12,0.28,0.2
220.0,0.5,0.38,0.96,1.0
290.0,0.5,0.11,0.32,0.28
220.0,0.5,0.39,1.0,1.0
290.0,0.5,0.1,0.08,0.0
220.0,0.5,0.4,1.0,1.0
290.0,0.5,0.09,0.08,0.12
220.0,0.5,0.41000000000000003,1.0,1.0
290.0,0.5,0.08,0.04,0.0
220.0,0.5,0.42,1.0,1.0
290.0,0.5,0.07,0.0,0.04
220.0,0.5,0.43,1.0,1.0
290.0,0.5,0.06,0.08,0.04
220.0,0.5,0.44,1.0,1.0
290.0,0.5,0.05,0.08,0.0
220.0,0.5,0.45,1.0,1.0
290.0,0.5,0.04,0.04,0.08
220.0,0.5,0.46,1.0,1.0
290.0,0.5,0.03,0.0,0.04
220.0,0.5,0.47000000000000003,1.0,1.0
290.0,0.5,0.02,0.08,0.0
220.0,0.5,0.48,1.0,1.0
290.0,0.5,0.01,0.0,0.04
220.0,0.5,0.49,1.0,1.0
290.0,0.5,0.0,0.0,0.0
220.0,0.5,0.5,1.0,1.0
280.0,0.5,0.5,1.0,1.0
230.0,0.5,0.0,0.08,0.16
280.0,0.5,0.49,1.0,1.0
230.0,0.5,0.01,0.08,0.12
280.0,0.5,0.48,1.0,1.0
230.0,0.5,0.02,0.04,0.04
280.0,0.5,0.47000000000000003,1.0,1.0
230.0,0.5,0.03,0.04,0.04
280.0,0.5,0.46,1.0,1.0
230.0,0.5,0.04,0.04,0.08
280.0,0.5,0.45,1.0,1.0
230.0,0.5,0.05,0.08,0.08
280.0,0.5,0.44,1.0,1.0
230.0,0.5,0.06,0.12,0.2
280.0,0.5,0.43,1.0,1.0
230.0,0.5,0.07,0.08,0.08
280.0,0.5,0.42,1.0,1.0
230.0,0.5,0.08,0.08,0.08
280.0,0.5,0.41000000000000003,1.0,1.0
230.0,0.5,0.09,0.12,0.16
280.0,0.5,0.4,1.0,1.0
230.0,0.5,0.1,0.04,0.08
280.0,0.5,0.39,1.0,1.0
230.0,0.5,0.11,0.2,0.24
280.0,0.5,0.38,1.0,1.0
230.0,0.5,0.12,0.16,0.2
280.0,0.5,0.37,1.0,1.0
230.0,0.5,0.13,0.12,0.28
280.0,0.5,0.36,1.0,1.0
230.0,0.5,0.14,0.12,0.12
280.0,0.5,0.35000000000000003,1.0,1.0
230.0,0.5,0.15,0.2,0.32
280.0,0.5,0.34,1.0,1.0
230.0,0.5,0.16,0.28,0.28
280.0,0.5,0.33,0.96,1.0
230.0,0.5,0.17,0.48,0.52
280.0,0.5,0.32,0.96,0.96
230.0,0.5,0.18,0.36,0.48
280.0,0.5,0.31,0.96,1.0
230.0,0.5,0.19,0.32,0.44
280.0,0.5,0.3,0.96,0.96
230.0,0.5,0.2,0.4,0.6
280.0,0.5,0.29,0.96,0.96
230.0,0.5,0.21,0.52,0.48
280.0,0.5,0.28,0.96,1.0
230.0,0.5,0.22,0.64,0.6
280.0,0.5,0.27,1.0,0.96
230.0,0.5,0.23,0.52,0.76
280.0,0.5,0.26,0.88,0.92
230.0,0.5,0.24,0.68,0.76
280.0,0.5,0.25,0.88,0.92
230.0,0.5,0.25,0.76,0.84
280.0,0.5,0.24,0.8,0.88
230.0,0.5,0.26,0.84,0.96
280.0,0.5,0.23,0.6,0.8
230.0,0.5,0.27,0.88,0.92
280.0,0.5,0.22,0.64,0.96
230.0,0.5,0.28,0.8,0.92
280.0,0.5,0.21,0.52,0.48
230.0,0.5,0.29,0.88,0.92
280.0,0.5,0.2,0.64,0.6
230.0,0.5,0.3,0.96,1.0
280.0,0.5,0.19,0.4,0.48
230.0,0.5,0.31,1.0,0.96
280.0,0.5,0.18,0.68,0.6
230.0,0.5,0.32,0.84,0.88
280.0,0.5,0.17,0.36,0.48
230.0,0.5,0.33,1.0,0.96
280.0,0.5,0.16,0.28,0.24
230.0,0.5,0.34,1.0,1.0
280.0,0.5,0.15,0.32,0.36
230.0,0.5,0.35000000000000003,0.96,1.0
280.0,0.5,0.14,0.36,0.32
230.0,0.5,0.36,1.0,1.0
280.0,0.5,0.13,0.16,0.28
230.0,0.5,0.37,1.0,1.0
280.0,0.5,0.12,0.28,0.24
230.0,0.5,0.38,1.0,0.96
280.0,0.5,0.11,0.2,0.24
230.0,0.5,0.39,1.0,1.0
280.0,0.5,0.1,0.12,0.24
230.0,0.5,0.4,1.0,1.0
280.0,0.5,0.09,0.08,0.12
230.0,0.5,0.41000000000000003,1.0,1.0
280.0,0.5,0.08,0.04,0.08
230.0,0.5,0.42,1.0,1.0
280.0,0.5,0.07,0.12,0.16
230.0,0.5,0.43,1.0,1.0
280.0,0.5,0.06,0.04,0.12
230.0,0.5,0.44,1.0,1.0
280.0,0.5,0.05,0.04,0.04
230.0,0.5,0.45,1.0,1.0
280.0,0.5,0.04,0.04,0.08
230.0,0.5,0.46,1.0,1.0
280.0,0.5,0.03,0.08,0.08
230.0,0.5,0.47000000000000003,1.0,1.0
280.0,0.5,0.02,0.04,0.04
230.0,0.5,0.48,1.0,1.0
280.0,0.5,0.01,0.08,0.04
230.0,0.5,0.49,1.0,1.0
280.0,0.5,0.0,0.04,0.0
230.0,0.5,0.5,1.0,1.0
270.0,0.5,0.5,1.0,1.0
240.0,0.5,0.0,0.08,0.16
270.0,0.5,0.49,1.0,1.0
240.0,0.5,0.01,0.08,0.04
270.0,0.5,0.48,1.0,1.0
240.0,0.5,0.02,0.04,0.04
270.0,0.5,0.47000000000000003,1.0,1.0
240.0,0.5,0.03,0.04,0.08
270.0,0.5,0.46,1.0,1.0
240.0,0.5,0.04,0.04,0.04
270.0,0.5,0.45,1.0,1.0
240.0,0.5,0.05,0.04,0.04
270.0,0.5,0.44,1.0,1.0
240.0,0.5,0.06,0.12,0.08
270.0,0.5,0.43,1.0,1.0
240.0,0.5,0.07,0.12,0.04
270.0,0.5,0.42,1.0,1.0
240.0,0.5,0.08,0.16,0.16
270.0,0.5,0.41000000000000003,1.0,1.0
240.0,0.5,0.09,0.08,0.08
270.0,0.5,0.4,1.0,1.0
240.0,0.5,0.1,0.24,0.08
270.0,0.5,0.39,1.0,1.0
240.0,0.5,0.11,0.12,0.24
270.0,0.5,0.38,1.0,1.0
240.0,0.5,0.12,0.16,0.12
270.0,0.5,0.37,1.0,1.0
240.0,0.5,0.13,0.12,0.24
270.0,0.5,0.36,1.0,1.0
240.0,0.5,0.14,0.16,0.24
270.0,0.5,0.35000000000000003,1.0,1.0
240.0,0.5,0.15,0.24,0.36
270.0,0.5,0.34,1.0,1.0
240.0,0.5,0.16,0.24,0.36
270.0,0.5,0.33,1.0,1.0
240.0,0.5,0.17,0.44,0.56
270.0,0.5,0.32,1.0,1.0
240.0,0.5,0.18,0.52,0.6
270.0,0.5,0.31,0.96,1.0
240.0,0.5,0.19,0.48,0.48
270.0,0.5,0.3,0.96,1.0
240.0,0.5,0.2,0.56,0.68
270.0,0.5,0.29,0.96,0.96
240.0,0.5,0.21,0.44,0.72
270.0,0.5,0.28,0.96,0.96
240.0,0.5,0.22,0.72,0.76
270.0,0.5,0.27,0.96,0.92
240.0,0.5,0.23,0.64,0.68
270.0,0.5,0.26,0.8,0.88
240.0,0.5,0.24,0.8,0.84
270.0,0.5,0.25,0.92,0.92
240.0,0.5,0.25,0.76,0.8
270.0,0.5,0.24,0.76,0.72
240.0,0.5,0.26,0.8,0.84
270.0,0.5,0.23,0.84,0.84
240.0,0.5,0.27,0.84,0.96
270.0,0.5,0.22,0.6,0.72
240.0,0.5,0.28,0.88,0.96
270.0,0.5,0.21,0.64,0.72
240.0,0.5,0.29,1.0,0.96
270.0,0.5,0.2,0.48,0.64
240.0,0.5,0.3,0.92,1.0
270.0,0.5,0.19,0.4,0.52
240.0,0.5,0.31,0.96,1.0
270.0,0.5,0.18,0.44,0.48
240.0,0.5,0.32,0.96,1.0
270.0,0.5,0.17,0.44,0.4
240.0,0.5,0.33,1.0,0.96
270.0,0.5,0.16,0.24,0.32
240.0,0.5,0.34,1.0,1.0
270.0,0.5,0.15,0.28,0.24
240.0,0.5,0.35000000000000003,1.0,1.0
270.0,0.5,0.14,0.36,0.36
240.0,0.5,0.36,1.0,1.0
270.0,0.5,0.13,0.24,0.32
240.0,0.5,0.37,1.0,1.0
270.0,0.5,0.12,0.12,0.2
240.0,0.5,0.38,1.0,1.0
270.0,0.5,0.11,0.2,0.2
240.0,0.5,0.39,1.0,1.0
270.0,0.5,0.1,0.04,0.04
240.0,0.5,0.4,1.0,1.0
270.0,0.5,0.09,0.12,0.2
240.0,0.5,0.41000000000000003,1.0,1.0
270.0,0.5,0.08,0.16,0.16
240.0,0.5,0.42,1.0,1.0
270.0,0.5,0.07,0.0,0.08
240.0,0.5,0.43,1.0,1.0
270.0,0.5,0.06,0.08,0.04
240.0,0.5,0.44,1.0,1.0
270.0,0.5,0.05,0.04,0.04
240.0,0.5,0.45,1.0,1.0
270.0,0.5,0.04,0.0,0.0
240.0,0.5,0.46,1.0,1.0
270.0,0.5,0.03,0.04,0.08
240.0,0.5,0.47000000000000003,1.0,1.0
270.0,0.5,0.02,0.16,0.04
240.0,0.5,0.48,1.0,1.0
270.0,0.5,0.01,0.04,0.04
240.0,0.5,0.49,1.0,1.0
270.0,0.5,0.0,0.0,0.0
240.0,0.5,0.5,1.0,1.0
260.0,0.5,0.5,1.0,1.0
250.0,0.5,0.0,0.12,0.12
260.0,0.5,0.49,1.0,1.0
250.0,0.5,0.01,0.0,0.04
260.0,0.5,0.48,1.0,1.0
250.0,0.5,0.02,0.16,0.2
260.0,0.5,0.47000000000000003,1.0,1.0
250.0,0.5,0.03,0.0,0.04
260.0,0.5,0.46,1.0,1.0
250.0,0.5,0.04,0.12,0.16
260.0,0.5,0.45,1.0,1.0
250.0,0.5,0.05,0.0,0.0
260.0,0.5,0.44,1.0,1.0
250.0,0.5,0.06,0.12,0.08
260.0,0.5,0.43,1.0,1.0
250.0,0.5,0.07,0.16,0.2
260.0,0.5,0.42,1.0,1.0
250.0,0.5,0.08,0.04,0.12
260.0,0.5,0.41000000000000003,1.0,1.0
250.0,0.5,0.09,0.16,0.16
260.0,0.5,0.4,1.0,1.0
250.0,0.5,0.1,0.04,0.12
260.0,0.5,0.39,1.0,1.0
250.0,0.5,0.11,0.12,0.08
260.0,0.5,0.38,1.0,1.0
250.0,0.5,0.12,0.2,0.12
260.0,0.5,0.37,1.0,1.0
250.0,0.5,0.13,0.16,0.2
260.0,0.5,0.36,0.96,1.0
250.0,0.5,0.14,0.16,0.36
260.0,0.5,0.35000000000000003,1.0,1.0
250.0,0.5,0.15,0.36,0.32
260.0,0.5,0.34,0.96,0.96
250.0,0.5,0.16,0.28,0.28
260.0,0.5,0.33,1.0,1.0
250.0,0.5,0.17,0.32,0.4
260.0,0.5,0.32,0.96,1.0
250.0,0.5,0.18,0.36,0.48
260.0,0.5,0.31,1.0,1.0
250.0,0.5,0.19,0.44,0.52
260.0,0.5,0.3,0.92,0.88
250.0,0.5,0.2,0.44,0.56
260.0,0.5,0.29,0.88,0.96
250.0,0.5,0.21,0.56,0.52
260.0,0.5,0.28,0.96,1.0
250.0,0.5,0.22,0.64,0.76
260.0,0.5,0.27,0.88,0.92
250.0,0.5,0.23,0.76,0.92
260.0,0.5,0.26,0.92,1.0
250.0,0.5,0.24,0.64,0.76
260.0,0.5,0.25,0.8,0.8
250.0,0.5,0.25,0.84,1.0
260.0,0.5,0.24,0.92,0.92
250.0,0.5,0.26,0.8,0.92
260.0,0.5,0.23,0.68,0.72
250.0,0.5,0.27,0.88,0.88
260.0,0.5,0.22,0.52,0.6
250.0,0.5,0.28,0.96,0.96
260.0,0.5,0.21,0.56,0.68
250.0,0.5,0.29,0.88,0.96
260.0,0.5,0.2,0.44,0.48
250.0,0.5,0.3,0.92,0.96
260.0,0.5,0.19,0.6,0.64
250.0,0.5,0.31,0.88,0.96
260.0,0.5,0.18,0.56,0.44
250.0,0.5,0.32,1.0,1.0
260.0,0.5,0.17,0.44,0.4
250.0,0.5,0.33,1.0,1.0
260.0,0.5,0.16,0.24,0.36
250.0,0.5,0.34,1.0,0.96
260.0,0.5,0.15,0.44,0.44
250.0,0.5,0.35000000000000003,1.0,1.0
260.0,0.5,0.14,0.32,0.32
250.0,0.5,0.36,1.0,1.0
260.0,0.5,0.13,0.28,0.16
250.0,0.5,0.37,1.0,1.0
260.0,0.5,0.12,0.08,0.04
250.0,0.5,0.38,1.0,1.0
260.0,0.5,0.11,0.16,0.2
250.0,0.5,0.39,1.0,1.0
260.0,0.5,0.1,0.12,0.12
250.0,0.5,0.4,1.0,1.0
260.0,0.5,0.09,0.12,0.16
250.0,0.5,0.41000000000000003,1.0,1.0
260.0,0.5,0.08,0.16,0.04
250.0,0.5,0.42,1.0,1.0
260.0,0.5,0.07,0.04,0.0
250.0,0.5,0.43,1.0,1.0
260.0,0.5,0.06,0.04,0.12
250.0,0.5,0.44,1.0,1.0
260.0,0.5,0.05,0.12,0.12
250.0,0.5,0.45,1.0,1.0
260.0,0.5,0.04,0.04,0.04
250.0,0.5,0.46,1.0,1.0
260.0,0.5,0.03,0.04,0.04
250.0,0.5,0.47000000000000003,1.0,1.0
260.0,0.5,0.02,0.08,0.16
250.0,0.5,0.48,1.0,1.0
260.0,0.5,0.01,0.12,0.16
250.0,0.5,0.49,1.0,1.0
260.0,0.5,0.0,0.12,0.16
250.0,0.5,0.5,1.0,1.0
