m,p,q,delta,prec,recall
5.0,0.5,0.5,0.0,0.29,0.29
5.0,0.5,0.5,0.01,0.41,0.41
5.0,0.5,0.5,0.02,0.51,0.51
5.0,0.5,0.5,0.03,0.72,0.72
5.0,0.5,0.5,0.04,0.81,0.81
5.0,0.5,0.5,0.05,0.96,0.96
5.0,0.5,0.5,0.06,0.99,0.99
5.0,0.5,0.5,0.07,0.99,0.99
5.0,0.5,0.5,0.08,0.99,0.99
5.0,0.5,0.5,0.09,1.0,1.0
5.0,0.5,0.5,0.1,1.0,1.0
5.0,0.5,0.5,0.11,1.0,1.0
5.0,0.5,0.5,0.12,1.0,1.0
5.0,0.5,0.5,0.13,1.0,1.0
5.0,0.5,0.5,0.14,1.0,1.0
5.0,0.5,0.5,0.15,1.0,1.0
5.0,0.5,0.5,0.16,1.0,1.0
5.0,0.5,0.5,0.17,1.0,1.0
5.0,0.5,0.5,0.18,1.0,1.0
5.0,0.5,0.5,0.19,1.0,1.0
5.0,0.5,0.5,0.2,1.0,1.0
5.0,0.5,0.5,0.21,1.0,1.0
5.0,0.5,0.5,0.22,1.0,1.0
5.0,0.5,0.5,0.23,1.0,1.0
5.0,0.5,0.5,0.24,1.0,1.0
5.0,0.5,0.5,0.25,1.0,1.0
5.0,0.5,0.5,0.26,1.0,1.0
5.0,0.5,0.5,0.27,1.0,1.0
5.0,0.5,0.5,0.28,1.0,1.0
5.0,0.5,0.5,0.29,1.0,1.0
5.0,0.5,0.5,0.3,1.0,1.0
5.0,0.5,0.5,0.31,1.0,1.0
5.0,0.5,0.5,0.32,1.0,1.0
5.0,0.5,0.5,0.33,1.0,1.0
5.0,0.5,0.5,0.34,1.0,1.0
5.0,0.5,0.5,0.35000000000000003,1.0,1.0
5.0,0.5,0.5,0.36,1.0,1.0
5.0,0.5,0.5,0.37,1.0,1.0
5.0,0.5,0.5,0.38,1.0,1.0
5.0,0.5,0.5,0.39,1.0,1.0
5.0,0.5,0.5,0.4,1.0,1.0
5.0,0.5,0.5,0.41000000000000003,1.0,1.0
5.0,0.5,0.5,0.42,1.0,1.0
5.0,0.5,0.5,0.43,1.0,1.0
5.0,0.5,0.5,0.44,1.0,1.0
5.0,0.5,0.5,0.45,1.0,1.0
5.0,0.5,0.5,0.46,1.0,1.0
5.0,0.5,0.5,0.47000000000000003,1.0,1.0
5.0,0.5,0.5,0.48,1.0,1.0
5.0,0.5,0.5,0.49,1.0,1.0
5.0,0.5,0.5,0.5,1.0,1.0
10.0,0.5,0.5,0.0,0.42,0.42
10.0,0.5,0.5,0.01,0.46,0.46
10.0,0.5,0.5,0.02,0.69,0.69
10.0,0.5,0.5,0.03,0.84,0.84
10.0,0.5,0.5,0.04,0.99,0.99
10.0,0.5,0.5,0.05,0.99,0.99
10.0,0.5,0.5,0.06,1.0,1.0
10.0,0.5,0.5,0.07,1.0,1.0
10.0,0.5,0.5,0.08,1.0,1.0
10.0,0.5,0.5,0.09,1.0,1.0
10.0,0.5,0.5,0.1,1.0,1.0
10.0,0.5,0.5,0.11,1.0,1.0
10.0,0.5,0.5,0.12,1.0,1.0
10.0,0.5,0.5,0.13,1.0,1.0
10.0,0.5,0.5,0.14,1.0,1.0
10.0,0.5,0.5,0.15,1.0,1.0
10.0,0.5,0.5,0.16,1.0,1.0
10.0,0.5,0.5,0.17,1.0,1.0
10.0,0.5,0.5,0.18,1.0,1.0
10.0,0.5,0.5,0.19,1.0,1.0
10.0,0.5,0.5,0.2,1.0,1.0
10.0,0.5,0.5,0.21,1.0,1.0
10.0,0.5,0.5,0.22,1.0,1.0
10.0,0.5,0.5,0.23,1.0,1.0
10.0,0.5,0.5,0.24,1.0,1.0
10.0,0.5,0.5,0.25,1.0,1.0
10.0,0.5,0.5,0.26,1.0,1.0
10.0,0.5,0.5,0.27,1.0,1.0
10.0,0.5,0.5,0.28,1.0,1.0
10.0,0.5,0.5,0.29,1.0,1.0
10.0,0.5,0.5,0.3,1.0,1.0
10.0,0.5,0.5,0.31,1.0,1.0
10.0,0.5,0.5,0.32,1.0,1.0
10.0,0.5,0.5,0.33,1.0,1.0
10.0,0.5,0.5,0.34,1.0,1.0
10.0,0.5,0.5,0.35000000000000003,1.0,1.0
10.0,0.5,0.5,0.36,1.0,1.0
10.0,0.5,0.5,0.37,1.0,1.0
10.0,0.5,0.5,0.38,1.0,1.0
10.0,0.5,0.5,0.39,1.0,1.0
10.0,0.5,0.5,0.4,1.0,1.0
10.0,0.5,0.5,0.41000000000000003,1.0,1.0
10.0,0.5,0.5,0.42,1.0,1.0
10.0,0.5,0.5,0.43,1.0,1.0
10.0,0.5,0.5,0.44,1.0,1.0
10.0,0.5,0.5,0.45,1.0,1.0
10.0,0.5,0.5,0.46,1.0,1.0
10.0,0.5,0.5,0.47000000000000003,1.0,1.0
10.0,0.5,0.5,0.48,1.0,1.0
10.0,0.5,0.5,0.49,1.0,1.0
10.0,0.5,0.5,0.5,1.0,1.0
15.0,0.5,0.5,0.0,0.27,0.27
15.0,0.5,0.5,0.01,0.54,0.54
15.0,0.5,0.5,0.02,0.77,0.77
15.0,0.5,0.5,0.03,0.94,0.94
15.0,0.5,0.5,0.04,0.99,0.99
15.0,0.5,0.5,0.05,0.99,0.99
15.0,0.5,0.5,0.06,1.0,1.0
15.0,0.5,0.5,0.07,1.0,1.0
15.0,0.5,0.5,0.08,1.0,1.0
15.0,0.5,0.5,0.09,1.0,1.0
15.0,0.5,0.5,0.1,1.0,1.0
15.0,0.5,0.5,0.11,1.0,1.0
15.0,0.5,0.5,0.12,1.0,1.0
15.0,0.5,0.5,0.13,1.0,1.0
15.0,0.5,0.5,0.14,1.0,1.0
15.0,0.5,0.5,0.15,1.0,1.0
15.0,0.5,0.5,0.16,1.0,1.0
15.0,0.5,0.5,0.17,1.0,1.0
15.0,0.5,0.5,0.18,1.0,1.0
15.0,0.5,0.5,0.19,1.0,1.0
15.0,0.5,0.5,0.2,1.0,1.0
15.0,0.5,0.5,0.21,1.0,1.0
15.0,0.5,0.5,0.22,1.0,1.0
15.0,0.5,0.5,0.23,1.0,1.0
15.0,0.5,0.5,0.24,1.0,1.0
15.0,0.5,0.5,0.25,1.0,1.0
15.0,0.5,0.5,0.26,1.0,1.0
15.0,0.5,0.5,0.27,1.0,1.0
15.0,0.5,0.5,0.28,1.0,1.0
15.0,0.5,0.5,0.29,1.0,1.0
15.0,0.5,0.5,0.3,1.0,1.0
15.0,0.5,0.5,0.31,1.0,1.0
15.0,0.5,0.5,0.32,1.0,1.0
15.0,0.5,0.5,0.33,1.0,1.0
15.0,0.5,0.5,0.34,1.0,1.0
15.0,0.5,0.5,0.35000000000000003,1.0,1.0
15.0,0.5,0.5,0.36,1.0,1.0
15.0,0.5,0.5,0.37,1.0,1.0
15.0,0.5,0.5,0.38,1.0,1.0
15.0,0.5,0.5,0.39,1.0,1.0
15.0,0.5,0.5,0.4,1.0,1.0
15.0,0.5,0.5,0.41000000000000003,1.0,1.0
15.0,0.5,0.5,0.42,1.0,1.0
15.0,0.5,0.5,0.43,1.0,1.0
15.0,0.5,0.5,0.44,1.0,1.0
15.0,0.5,0.5,0.45,1.0,1.0
15.0,0.5,0.5,0.46,1.0,1.0
15.0,0.5,0.5,0.47000000000000003,1.0,1.0
15.0,0.5,0.5,0.48,1.0,1.0
15.0,0.5,0.5,0.49,1.0,1.0
15.0,0.5,0.5,0.5,1.0,1.0
20.0,0.5,0.5,0.0,0.29,0.29
20.0,0.5,0.5,0.01,0.4,0.4
20.0,0.5,0.5,0.02,0.78,0.78
20.0,0.5,0.5,0.03,0.98,0.98
20.0,0.5,0.5,0.04,1.0,1.0
20.0,0.5,0.5,0.05,1.0,1.0
20.0,0.5,0.5,0.06,1.0,1.0
20.0,0.5,0.5,0.07,1.0,1.0
20.0,0.5,0.5,0.08,1.0,1.0
20.0,0.5,0.5,0.09,1.0,1.0
20.0,0.5,0.5,0.1,1.0,1.0
20.0,0.5,0.5,0.11,1.0,1.0
20.0,0.5,0.5,0.12,1.0,1.0
20.0,0.5,0.5,0.13,1.0,1.0
20.0,0.5,0.5,0.14,1.0,1.0
20.0,0.5,0.5,0.15,1.0,1.0
20.0,0.5,0.5,0.16,1.0,1.0
20.0,0.5,0.5,0.17,1.0,1.0
20.0,0.5,0.5,0.18,1.0,1.0
20.0,0.5,0.5,0.19,1.0,1.0
20.0,0.5,0.5,0.2,1.0,1.0
20.0,0.5,0.5,0.21,1.0,1.0
20.0,0.5,0.5,0.22,1.0,1.0
20.0,0.5,0.5,0.23,1.0,1.0
20.0,0.5,0.5,0.24,1.0,1.0
20.0,0.5,0.5,0.25,1.0,1.0
20.0,0.5,0.5,0.26,1.0,1.0
20.0,0.5,0.5,0.27,1.0,1.0
20.0,0.5,0.5,0.28,1.0,1.0
20.0,0.5,0.5,0.29,1.0,1.0
20.0,0.5,0.5,0.3,1.0,1.0
20.0,0.5,0.5,0.31,1.0,1.0
20.0,0.5,0.5,0.32,1.0,1.0
20.0,0.5,0.5,0.33,1.0,1.0
20.0,0.5,0.5,0.34,1.0,1.0
20.0,0.5,0.5,0.35000000000000003,1.0,1.0
20.0,0.5,0.5,0.36,1.0,1.0
20.0,0.5,0.5,0.37,1.0,1.0
20.0,0.5,0.5,0.38,1.0,1.0
20.0,0.5,0.5,0.39,1.0,1.0
20.0,0.5,0.5,0.4,1.0,1.0
20.0,0.5,0.5,0.41000000000000003,1.0,1.0
20.0,0.5,0.5,0.42,1.0,1.0
20.0,0.5,0.5,0.43,1.0,1.0
20.0,0.5,0.5,0.44,1.0,1.0
20.0,0.5,0.5,0.45,1.0,1.0
20.0,0.5,0.5,0.46,1.0,1.0
20.0,0.5,0.5,0.47000000000000003,1.0,1.0
20.0,0.5,0.5,0.48,1.0,1.0
20.0,0.5,0.5,0.49,1.0,1.0
20.0,0.5,0.5,0.5,1.0,1.0
25.0,0.5,0.5,0.0,0.31,0.31
25.0,0.5,0.5,0.01,0.5,0.5
25.0,0.5,0.5,0.02,0.86,0.86
25.0,0.5,0.5,0.03,0.98,0.98
25.0,0.5,0.5,0.04,1.0,1.0
25.0,0.5,0.5,0.05,1.0,1.0
25.0,0.5,0.5,0.06,1.0,1.0
25.0,0.5,0.5,0.07,1.0,1.0
25.0,0.5,0.5,0.08,1.0,1.0
25.0,0.5,0.5,0.09,1.0,1.0
25.0,0.5,0.5,0.1,1.0,1.0
25.0,0.5,0.5,0.11,1.0,1.0
25.0,0.5,0.5,0.12,1.0,1.0
25.0,0.5,0.5,0.13,1.0,1.0
25.0,0.5,0.5,0.14,1.0,1.0
25.0,0.5,0.5,0.15,1.0,1.0
25.0,0.5,0.5,0.16,1.0,1.0
25.0,0.5,0.5,0.17,1.0,1.0
25.0,0.5,0.5,0.18,1.0,1.0
25.0,0.5,0.5,0.19,1.0,1.0
25.0,0.5,0.5,0.2,1.0,1.0
25.0,0.5,0.5,0.21,1.0,1.0
25.0,0.5,0.5,0.22,1.0,1.0
25.0,0.5,0.5,0.23,1.0,1.0
25.0,0.5,0.5,0.24,1.0,1.0
25.0,0.5,0.5,0.25,1.0,1.0
25.0,0.5,0.5,0.26,1.0,1.0
25.0,0.5,0.5,0.27,1.0,1.0
25.0,0.5,0.5,0.28,1.0,1.0
25.0,0.5,0.5,0.29,1.0,1.0
25.0,0.5,0.5,0.3,1.0,1.0
25.0,0.5,0.5,0.31,1.0,1.0
25.0,0.5,0.5,0.32,1.0,1.0
25.0,0.5,0.5,0.33,1.0,1.0
25.0,0.5,0.5,0.34,1.0,1.0
25.0,0.5,0.5,0.35000000000000003,1.0,1.0
25.0,0.5,0.5,0.36,1.0,1.0
25.0,0.5,0.5,0.37,1.0,1.0
25.0,0.5,0.5,0.38,1.0,1.0
25.0,0.5,0.5,0.39,1.0,1.0
25.0,0.5,0.5,0.4,1.0,1.0
25.0,0.5,0.5,0.41000000000000003,1.0,1.0
25.0,0.5,0.5,0.42,1.0,1.0
25.0,0.5,0.5,0.43,1.0,1.0
25.0,0.5,0.5,0.44,1.0,1.0
25.0,0.5,0.5,0.45,1.0,1.0
25.0,0.5,0.5,0.46,1.0,1.0
25.0,0.5,0.5,0.47000000000000003,1.0,1.0
25.0,0.5,0.5,0.48,1.0,1.0
25.0,0.5,0.5,0.49,1.0,1.0
25.0,0.5,0.5,0.5,1.0,1.0
30.0,0.5,0.5,0.0,0.33,0.33
30.0,0.5,0.5,0.01,0.62,0.62
30.0,0.5,0.5,0.02,0.98,0.98
30.0,0.5,0.5,0.03,0.99,0.99
30.0,0.5,0.5,0.04,1.0,1.0
30.0,0.5,0.5,0.05,1.0,1.0
30.0,0.5,0.5,0.06,1.0,1.0
30.0,0.5,0.5,0.07,1.0,1.0
30.0,0.5,0.5,0.08,1.0,1.0
30.0,0.5,0.5,0.09,1.0,1.0
30.0,0.5,0.5,0.1,1.0,1.0
30.0,0.5,0.5,0.11,1.0,1.0
30.0,0.5,0.5,0.12,1.0,1.0
30.0,0.5,0.5,0.13,1.0,1.0
30.0,0.5,0.5,0.14,1.0,1.0
30.0,0.5,0.5,0.15,1.0,1.0
30.0,0.5,0.5,0.16,1.0,1.0
30.0,0.5,0.5,0.17,1.0,1.0
30.0,0.5,0.5,0.18,1.0,1.0
30.0,0.5,0.5,0.19,1.0,1.0
30.0,0.5,0.5,0.2,1.0,1.0
30.0,0.5,0.5,0.21,1.0,1.0
30.0,0.5,0.5,0.22,1.0,1.0
30.0,0.5,0.5,0.23,1.0,1.0
30.0,0.5,0.5,0.24,1.0,1.0
30.0,0.5,0.5,0.25,1.0,1.0
30.0,0.5,0.5,0.26,1.0,1.0
30.0,0.5,0.5,0.27,1.0,1.0
30.0,0.5,0.5,0.28,1.0,1.0
30.0,0.5,0.5,0.29,1.0,1.0
30.0,0.5,0.5,0.3,1.0,1.0
30.0,0.5,0.5,0.31,1.0,1.0
30.0,0.5,0.5,0.32,1.0,1.0
30.0,0.5,0.5,0.33,1.0,1.0
30.0,0.5,0.5,0.34,1.0,1.0
30.0,0.5,0.5,0.35000000000000003,1.0,1.0
30.0,0.5,0.5,0.36,1.0,1.0
30.0,0.5,0.5,0.37,1.0,1.0
30.0,0.5,0.5,0.38,1.0,1.0
30.0,0.5,0.5,0.39,1.0,1.0
30.0,0.5,0.5,0.4,1.0,1.0
30.0,0.5,0.5,0.41000000000000003,1.0,1.0
30.0,0.5,0.5,0.42,1.0,1.0
30.0,0.5,0.5,0.43,1.0,1.0
30.0,0.5,0.5,0.44,1.0,1.0
30.0,0.5,0.5,0.45,1.0,1.0
30.0,0.5,0.5,0.46,1.0,1.0
30.0,0.5,0.5,0.47000000000000003,1.0,1.0
30.0,0.5,0.5,0.48,1.0,1.0
30.0,0.5,0.5,0.49,1.0,1.0
30.0,0.5,0.5,0.5,1.0,1.0
35.0,0.5,0.5,0.0,0.35,0.35
35.0,0.5,0.5,0.01,0.62,0.62
35.0,0.5,0.5,0.02,0.96,0.96
35.0,0.5,0.5,0.03,1.0,1.0
35.0,0.5,0.5,0.04,1.0,1.0
35.0,0.5,0.5,0.05,1.0,1.0
35.0,0.5,0.5,0.06,1.0,1.0
35.0,0.5,0.5,0.07,1.0,1.0
35.0,0.5,0.5,0.08,1.0,1.0
35.0,0.5,0.5,0.09,1.0,1.0
35.0,0.5,0.5,0.1,1.0,1.0
35.0,0.5,0.5,0.11,1.0,1.0
35.0,0.5,0.5,0.12,1.0,1.0
35.0,0.5,0.5,0.13,1.0,1.0
35.0,0.5,0.5,0.14,1.0,1.0
35.0,0.5,0.5,0.15,1.0,1.0
35.0,0.5,0.5,0.16,1.0,1.0
35.0,0.5,0.5,0.17,1.0,1.0
35.0,0.5,0.5,0.18,1.0,1.0
35.0,0.5,0.5,0.19,1.0,1.0
35.0,0.5,0.5,0.2,1.0,1.0
35.0,0.5,0.5,0.21,1.0,1.0
35.0,0.5,0.5,0.22,1.0,1.0
35.0,0.5,0.5,0.23,1.0,1.0
35.0,0.5,0.5,0.24,1.0,1.0
35.0,0.5,0.5,0.25,1.0,1.0
35.0,0.5,0.5,0.26,1.0,1.0
35.0,0.5,0.5,0.27,1.0,1.0
35.0,0.5,0.5,0.28,1.0,1.0
35.0,0.5,0.5,0.29,1.0,1.0
35.0,0.5,0.5,0.3,1.0,1.0
35.0,0.5,0.5,0.31,1.0,1.0
35.0,0.5,0.5,0.32,1.0,1.0
35.0,0.5,0.5,0.33,1.0,1.0
35.0,0.5,0.5,0.34,1.0,1.0
35.0,0.5,0.5,0.35000000000000003,1.0,1.0
35.0,0.5,0.5,0.36,1.0,1.0
35.0,0.5,0.5,0.37,1.0,1.0
35.0,0.5,0.5,0.38,1.0,1.0
35.0,0.5,0.5,0.39,1.0,1.0
35.0,0.5,0.5,0.4,1.0,1.0
35.0,0.5,0.5,0.41000000000000003,1.0,1.0
35.0,0.5,0.5,0.42,1.0,1.0
35.0,0.5,0.5,0.43,1.0,1.0
35.0,0.5,0.5,0.44,1.0,1.0
35.0,0.5,0.5,0.45,1.0,1.0
35.0,0.5,0.5,0.46,1.0,1.0
35.0,0.5,0.5,0.47000000000000003,1.0,1.0
35.0,0.5,0.5,0.48,1.0,1.0
35.0,0.5,0.5,0.49,1.0,1.0
35.0,0.5,0.5,0.5,1.0,1.0
40.0,0.5,0.5,0.0,0.28,0.28
40.0,0.5,0.5,0.01,0.69,0.69
40.0,0.5,0.5,0.02,0.97,0.97
40.0,0.5,0.5,0.03,1.0,1.0
40.0,0.5,0.5,0.04,1.0,1.0
40.0,0.5,0.5,0.05,1.0,1.0
40.0,0.5,0.5,0.06,1.0,1.0
40.0,0.5,0.5,0.07,1.0,1.0
40.0,0.5,0.5,0.08,1.0,1.0
40.0,0.5,0.5,0.09,1.0,1.0
40.0,0.5,0.5,0.1,1.0,1.0
40.0,0.5,0.5,0.11,1.0,1.0
40.0,0.5,0.5,0.12,1.0,1.0
40.0,0.5,0.5,0.13,1.0,1.0
40.0,0.5,0.5,0.14,1.0,1.0
40.0,0.5,0.5,0.15,1.0,1.0
40.0,0.5,0.5,0.16,1.0,1.0
40.0,0.5,0.5,0.17,1.0,1.0
40.0,0.5,0.5,0.18,1.0,1.0
40.0,0.5,0.5,0.19,1.0,1.0
40.0,0.5,0.5,0.2,1.0,1.0
40.0,0.5,0.5,0.21,1.0,1.0
40.0,0.5,0.5,0.22,1.0,1.0
40.0,0.5,0.5,0.23,1.0,1.0
40.0,0.5,0.5,0.24,1.0,1.0
40.0,0.5,0.5,0.25,1.0,1.0
40.0,0.5,0.5,0.26,1.0,1.0
40.0,0.5,0.5,0.27,1.0,1.0
40.0,0.5,0.5,0.28,1.0,1.0
40.0,0.5,0.5,0.29,1.0,1.0
40.0,0.5,0.5,0.3,1.0,1.0
40.0,0.5,0.5,0.31,1.0,1.0
40.0,0.5,0.5,0.32,1.0,1.0
40.0,0.5,0.5,0.33,1.0,1.0
40.0,0.5,0.5,0.34,1.0,1.0
40.0,0.5,0.5,0.35000000000000003,1.0,1.0
40.0,0.5,0.5,0.36,1.0,1.0
40.0,0.5,0.5,0.37,1.0,1.0
40.0,0.5,0.5,0.38,1.0,1.0
40.0,0.5,0.5,0.39,1.0,1.0
40.0,0.5,0.5,0.4,1.0,1.0
40.0,0.5,0.5,0.41000000000000003,1.0,1.0
40.0,0.5,0.5,0.42,1.0,1.0
40.0,0.5,0.5,0.43,1.0,1.0
40.0,0.5,0.5,0.44,1.0,1.0
40.0,0.5,0.5,0.45,1.0,1.0
40.0,0.5,0.5,0.46,1.0,1.0
40.0,0.5,0.5,0.47000000000000003,1.0,1.0
40.0,0.5,0.5,0.48,1.0,1.0
40.0,0.5,0.5,0.49,1.0,1.0
40.0,0.5,0.5,0.5,1.0,1.0
45.0,0.5,0.5,0.0,0.32,0.32
45.0,0.5,0.5,0.01,0.74,0.74
45.0,0.5,0.5,0.02,0.95,0.95
45.0,0.5,0.5,0.03,1.0,1.0
45.0,0.5,0.5,0.04,1.0,1.0
45.0,0.5,0.5,0.05,1.0,1.0
45.0,0.5,0.5,0.06,1.0,1.0
45.0,0.5,0.5,0.07,1.0,1.0
45.0,0.5,0.5,0.08,1.0,1.0
45.0,0.5,0.5,0.09,1.0,1.0
45.0,0.5,0.5,0.1,1.0,1.0
45.0,0.5,0.5,0.11,1.0,1.0
45.0,0.5,0.5,0.12,1.0,1.0
45.0,0.5,0.5,0.13,1.0,1.0
45.0,0.5,0.5,0.14,1.0,1.0
45.0,0.5,0.5,0.15,1.0,1.0
45.0,0.5,0.5,0.16,1.0,1.0
45.0,0.5,0.5,0.17,1.0,1.0
45.0,0.5,0.5,0.18,1.0,1.0
45.0,0.5,0.5,0.19,1.0,1.0
45.0,0.5,0.5,0.2,1.0,1.0
45.0,0.5,0.5,0.21,1.0,1.0
45.0,0.5,0.5,0.22,1.0,1.0
45.0,0.5,0.5,0.23,1.0,1.0
45.0,0.5,0.5,0.24,1.0,1.0
45.0,0.5,0.5,0.25,1.0,1.0
45.0,0.5,0.5,0.26,1.0,1.0
45.0,0.5,0.5,0.27,1.0,1.0
45.0,0.5,0.5,0.28,1.0,1.0
45.0,0.5,0.5,0.29,1.0,1.0
45.0,0.5,0.5,0.3,1.0,1.0
45.0,0.5,0.5,0.31,1.0,1.0
45.0,0.5,0.5,0.32,1.0,1.0
45.0,0.5,0.5,0.33,1.0,1.0
45.0,0.5,0.5,0.34,1.0,1.0
45.0,0.5,0.5,0.35000000000000003,1.0,1.0
45.0,0.5,0.5,0.36,1.0,1.0
45.0,0.5,0.5,0.37,1.0,1.0
45.0,0.5,0.5,0.38,1.0,1.0
45.0,0.5,0.5,0.39,1.0,1.0
45.0,0.5,0.5,0.4,1.0,1.0
45.0,0.5,0.5,0.41000000000000003,1.0,1.0
45.0,0.5,0.5,0.42,1.0,1.0
45.0,0.5,0.5,0.43,1.0,1.0
45.0,0.5,0.5,0.44,1.0,1.0
45.0,0.5,0.5,0.45,1.0,1.0
45.0,0.5,0.5,0.46,1.0,1.0
45.0,0.5,0.5,0.47000000000000003,1.0,1.0
45.0,0.5,0.5,0.48,1.0,1.0
45.0,0.5,0.5,0.49,1.0,1.0
45.0,0.5,0.5,0.5,1.0,1.0
50.0,0.5,0.5,0.0,0.44,0.44
50.0,0.5,0.5,0.01,0.74,0.74
50.0,0.5,0.5,0.02,0.96,0.96
50.0,0.5,0.5,0.03,1.0,1.0
50.0,0.5,0.5,0.04,1.0,1.0
50.0,0.5,0.5,0.05,1.0,1.0
50.0,0.5,0.5,0.06,1.0,1.0
50.0,0.5,0.5,0.07,1.0,1.0
50.0,0.5,0.5,0.08,1.0,1.0
50.0,0.5,0.5,0.09,1.0,1.0
50.0,0.5,0.5,0.1,1.0,1.0
50.0,0.5,0.5,0.11,1.0,1.0
50.0,0.5,0.5,0.12,1.0,1.0
50.0,0.5,0.5,0.13,1.0,1.0
50.0,0.5,0.5,0.14,1.0,1.0
50.0,0.5,0.5,0.15,1.0,1.0
50.0,0.5,0.5,0.16,1.0,1.0
50.0,0.5,0.5,0.17,1.0,1.0
50.0,0.5,0.5,0.18,1.0,1.0
50.0,0.5,0.5,0.19,1.0,1.0
50.0,0.5,0.5,0.2,1.0,1.0
50.0,0.5,0.5,0.21,1.0,1.0
50.0,0.5,0.5,0.22,1.0,1.0
50.0,0.5,0.5,0.23,1.0,1.0
50.0,0.5,0.5,0.24,1.0,1.0
50.0,0.5,0.5,0.25,1.0,1.0
50.0,0.5,0.5,0.26,1.0,1.0
50.0,0.5,0.5,0.27,1.0,1.0
50.0,0.5,0.5,0.28,1.0,1.0
50.0,0.5,0.5,0.29,1.0,1.0
50.0,0.5,0.5,0.3,1.0,1.0
50.0,0.5,0.5,0.31,1.0,1.0
50.0,0.5,0.5,0.32,1.0,1.0
50.0,0.5,0.5,0.33,1.0,1.0
50.0,0.5,0.5,0.34,1.0,1.0
50.0,0.5,0.5,0.35000000000000003,1.0,1.0
50.0,0.5,0.5,0.36,1.0,1.0
50.0,0.5,0.5,0.37,1.0,1.0
50.0,0.5,0.5,0.38,1.0,1.0
50.0,0.5,0.5,0.39,1.0,1.0
50.0,0.5,0.5,0.4,1.0,1.0
50.0,0.5,0.5,0.41000000000000003,1.0,1.0
50.0,0.5,0.5,0.42,1.0,1.0
50.0,0.5,0.5,0.43,1.0,1.0
50.0,0.5,0.5,0.44,1.0,1.0
50.0,0.5,0.5,0.45,1.0,1.0
50.0,0.5,0.5,0.46,1.0,1.0
50.0,0.5,0.5,0.47000000000000003,1.0,1.0
50.0,0.5,0.5,0.48,1.0,1.0
50.0,0.5,0.5,0.49,1.0,1.0
50.0,0.5,0.5,0.5,1.0,1.0
55.0,0.5,0.5,0.0,0.33,0.33
55.0,0.5,0.5,0.01,0.75,0.75
55.0,0.5,0.5,0.02,0.99,0.99
55.0,0.5,0.5,0.03,1.0,1.0
55.0,0.5,0.5,0.04,1.0,1.0
55.0,0.5,0.5,0.05,1.0,1.0
55.0,0.5,0.5,0.06,1.0,1.0
55.0,0.5,0.5,0.07,1.0,1.0
55.0,0.5,0.5,0.08,1.0,1.0
55.0,0.5,0.5,0.09,1.0,1.0
55.0,0.5,0.5,0.1,1.0,1.0
55.0,0.5,0.5,0.11,1.0,1.0
55.0,0.5,0.5,0.12,1.0,1.0
55.0,0.5,0.5,0.13,1.0,1.0
55.0,0.5,0.5,0.14,1.0,1.0
55.0,0.5,0.5,0.15,1.0,1.0
55.0,0.5,0.5,0.16,1.0,1.0
55.0,0.5,0.5,0.17,1.0,1.0
55.0,0.5,0.5,0.18,1.0,1.0
55.0,0.5,0.5,0.19,1.0,1.0
55.0,0.5,0.5,0.2,1.0,1.0
55.0,0.5,0.5,0.21,1.0,1.0
55.0,0.5,0.5,0.22,1.0,1.0
55.0,0.5,0.5,0.23,1.0,1.0
55.0,0.5,0.5,0.24,1.0,1.0
55.0,0.5,0.5,0.25,1.0,1.0
55.0,0.5,0.5,0.26,1.0,1.0
55.0,0.5,0.5,0.27,1.0,1.0
55.0,0.5,0.5,0.28,1.0,1.0
55.0,0.5,0.5,0.29,1.0,1.0
55.0,0.5,0.5,0.3,1.0,1.0
55.0,0.5,0.5,0.31,1.0,1.0
55.0,0.5,0.5,0.32,1.0,1.0
55.0,0.5,0.5,0.33,1.0,1.0
55.0,0.5,0.5,0.34,1.0,1.0
55.0,0.5,0.5,0.35000000000000003,1.0,1.0
55.0,0.5,0.5,0.36,1.0,1.0
55.0,0.5,0.5,0.37,1.0,1.0
55.0,0.5,0.5,0.38,1.0,1.0
55.0,0.5,0.5,0.39,1.0,1.0
55.0,0.5,0.5,0.4,1.0,1.0
55.0,0.5,0.5,0.41000000000000003,1.0,1.0
55.0,0.5,0.5,0.42,1.0,1.0
55.0,0.5,0.5,0.43,1.0,1.0
55.0,0.5,0.5,0.44,1.0,1.0
55.0,0.5,0.5,0.45,1.0,1.0
55.0,0.5,0.5,0.46,1.0,1.0
55.0,0.5,0.5,0.47000000000000003,1.0,1.0
55.0,0.5,0.5,0.48,1.0,1.0
55.0,0.5,0.5,0.49,1.0,1.0
55.0,0.5,0.5,0.5,1.0,1.0
60.0,0.5,0.5,0.0,0.3,0.3
60.0,0.5,0.5,0.01,0.72,0.72
60.0,0.5,0.5,0.02,1.0,1.0
60.0,0.5,0.5,0.03,1.0,1.0
60.0,0.5,0.5,0.04,1.0,1.0
60.0,0.5,0.5,0.05,1.0,1.0
60.0,0.5,0.5,0.06,1.0,1.0
60.0,0.5,0.5,0.07,1.0,1.0
60.0,0.5,0.5,0.08,1.0,1.0
60.0,0.5,0.5,0.09,1.0,1.0
60.0,0.5,0.5,0.1,1.0,1.0
60.0,0.5,0.5,0.11,1.0,1.0
60.0,0.5,0.5,0.12,1.0,1.0
60.0,0.5,0.5,0.13,1.0,1.0
60.0,0.5,0.5,0.14,1.0,1.0
60.0,0.5,0.5,0.15,1.0,1.0
60.0,0.5,0.5,0.16,1.0,1.0
60.0,0.5,0.5,0.17,1.0,1.0
60.0,0.5,0.5,0.18,1.0,1.0
60.0,0.5,0.5,0.19,1.0,1.0
60.0,0.5,0.5,0.2,1.0,1.0
60.0,0.5,0.5,0.21,1.0,1.0
60.0,0.5,0.5,0.22,1.0,1.0
60.0,0.5,0.5,0.23,1.0,1.0
60.0,0.5,0.5,0.24,1.0,1.0
60.0,0.5,0.5,0.25,1.0,1.0
60.0,0.5,0.5,0.26,1.0,1.0
60.0,0.5,0.5,0.27,1.0,1.0
60.0,0.5,0.5,0.28,1.0,1.0
60.0,0.5,0.5,0.29,1.0,1.0
60.0,0.5,0.5,0.3,1.0,1.0
60.0,0.5,0.5,0.31,1.0,1.0
60.0,0.5,0.5,0.32,1.0,1.0
60.0,0.5,0.5,0.33,1.0,1.0
60.0,0.5,0.5,0.34,1.0,1.0
60.0,0.5,0.5,0.35000000000000003,1.0,1.0
60.0,0.5,0.5,0.36,1.0,1.0
60.0,0.5,0.5,0.37,1.0,1.0
60.0,0.5,0.5,0.38,1.0,1.0
60.0,0.5,0.5,0.39,1.0,1.0
60.0,0.5,0.5,0.4,1.0,1.0
60.0,0.5,0.5,0.41000000000000003,1.0,1.0
60.0,0.5,0.5,0.42,1.0,1.0
60.0,0.5,0.5,0.43,1.0,1.0
60.0,0.5,0.5,0.44,1.0,1.0
60.0,0.5,0.5,0.45,1.0,1.0
60.0,0.5,0.5,0.46,1.0,1.0
60.0,0.5,0.5,0.47000000000000003,1.0,1.0
60.0,0.5,0.5,0.48,1.0,1.0
60.0,0.5,0.5,0.49,1.0,1.0
60.0,0.5,0.5,0.5,1.0,1.0
65.0,0.5,0.5,0.0,0.36,0.36
65.0,0.5,0.5,0.01,0.73,0.73
65.0,0.5,0.5,0.02,0.99,0.99
65.0,0.5,0.5,0.03,1.0,1.0
65.0,0.5,0.5,0.04,1.0,1.0
65.0,0.5,0.5,0.05,1.0,1.0
65.0,0.5,0.5,0.06,1.0,1.0
65.0,0.5,0.5,0.07,1.0,1.0
65.0,0.5,0.5,0.08,1.0,1.0
65.0,0.5,0.5,0.09,1.0,1.0
65.0,0.5,0.5,0.1,1.0,1.0
65.0,0.5,0.5,0.11,1.0,1.0
65.0,0.5,0.5,0.12,1.0,1.0
65.0,0.5,0.5,0.13,1.0,1.0
65.0,0.5,0.5,0.14,1.0,1.0
65.0,0.5,0.5,0.15,1.0,1.0
65.0,0.5,0.5,0.16,1.0,1.0
65.0,0.5,0.5,0.17,1.0,1.0
65.0,0.5,0.5,0.18,1.0,1.0
65.0,0.5,0.5,0.19,1.0,1.0
65.0,0.5,0.5,0.2,1.0,1.0
65.0,0.5,0.5,0.21,1.0,1.0
65.0,0.5,0.5,0.22,1.0,1.0
65.0,0.5,0.5,0.23,1.0,1.0
65.0,0.5,0.5,0.24,1.0,1.0
65.0,0.5,0.5,0.25,1.0,1.0
65.0,0.5,0.5,0.26,1.0,1.0
65.0,0.5,0.5,0.27,1.0,1.0
65.0,0.5,0.5,0.28,1.0,1.0
65.0,0.5,0.5,0.29,1.0,1.0
65.0,0.5,0.5,0.3,1.0,1.0
65.0,0.5,0.5,0.31,1.0,1.0
65.0,0.5,0.5,0.32,1.0,1.0
65.0,0.5,0.5,0.33,1.0,1.0
65.0,0.5,0.5,0.34,1.0,1.0
65.0,0.5,0.5,0.35000000000000003,1.0,1.0
65.0,0.5,0.5,0.36,1.0,1.0
65.0,0.5,0.5,0.37,1.0,1.0
65.0,0.5,0.5,0.38,1.0,1.0
65.0,0.5,0.5,0.39,1.0,1.0
65.0,0.5,0.5,0.4,1.0,1.0
65.0,0.5,0.5,0.41000000000000003,1.0,1.0
65.0,0.5,0.5,0.42,1.0,1.0
65.0,0.5,0.5,0.43,1.0,1.0
65.0,0.5,0.5,0.44,1.0,1.0
65.0,0.5,0.5,0.45,1.0,1.0
65.0,0.5,0.5,0.46,1.0,1.0
65.0,0.5,0.5,0.47000000000000003,1.0,1.0
65.0,0.5,0.5,0.48,1.0,1.0
65.0,0.5,0.5,0.49,1.0,1.0
65.0,0.5,0.5,0.5,1.0,1.0
70.0,0.5,0.5,0.0,0.35,0.35
70.0,0.5,0.5,0.01,0.8,0.8
70.0,0.5,0.5,0.02,1.0,1.0
70.0,0.5,0.5,0.03,1.0,1.0
70.0,0.5,0.5,0.04,1.0,1.0
70.0,0.5,0.5,0.05,1.0,1.0
70.0,0.5,0.5,0.06,1.0,1.0
70.0,0.5,0.5,0.07,1.0,1.0
70.0,0.5,0.5,0.08,1.0,1.0
70.0,0.5,0.5,0.09,1.0,1.0
70.0,0.5,0.5,0.1,1.0,1.0
70.0,0.5,0.5,0.11,1.0,1.0
70.0,0.5,0.5,0.12,1.0,1.0
70.0,0.5,0.5,0.13,1.0,1.0
70.0,0.5,0.5,0.14,1.0,1.0
70.0,0.5,0.5,0.15,1.0,1.0
70.0,0.5,0.5,0.16,1.0,1.0
70.0,0.5,0.5,0.17,1.0,1.0
70.0,0.5,0.5,0.18,1.0,1.0
70.0,0.5,0.5,0.19,1.0,1.0
70.0,0.5,0.5,0.2,1.0,1.0
70.0,0.5,0.5,0.21,1.0,1.0
70.0,0.5,0.5,0.22,1.0,1.0
70.0,0.5,0.5,0.23,1.0,1.0
70.0,0.5,0.5,0.24,1.0,1.0
70.0,0.5,0.5,0.25,1.0,1.0
70.0,0.5,0.5,0.26,1.0,1.0
70.0,0.5,0.5,0.27,1.0,1.0
70.0,0.5,0.5,0.28,1.0,1.0
70.0,0.5,0.5,0.29,1.0,1.0
70.0,0.5,0.5,0.3,1.0,1.0
70.0,0.5,0.5,0.31,1.0,1.0
70.0,0.5,0.5,0.32,1.0,1.0
70.0,0.5,0.5,0.33,1.0,1.0
70.0,0.5,0.5,0.34,1.0,1.0
70.0,0.5,0.5,0.35000000000000003,1.0,1.0
70.0,0.5,0.5,0.36,1.0,1.0
70.0,0.5,0.5,0.37,1.0,1.0
70.0,0.5,0.5,0.38,1.0,1.0
70.0,0.5,0.5,0.39,1.0,1.0
70.0,0.5,0.5,0.4,1.0,1.0
70.0,0.5,0.5,0.41000000000000003,1.0,1.0
70.0,0.5,0.5,0.42,1.0,1.0
70.0,0.5,0.5,0.43,1.0,1.0
70.0,0.5,0.5,0.44,1.0,1.0
70.0,0.5,0.5,0.45,1.0,1.0
70.0,0.5,0.5,0.46,1.0,1.0
70.0,0.5,0.5,0.47000000000000003,1.0,1.0
70.0,0.5,0.5,0.48,1.0,1.0
70.0,0.5,0.5,0.49,1.0,1.0
70.0,0.5,0.5,0.5,1.0,1.0
75.0,0.5,0.5,0.0,0.35,0.35
75.0,0.5,0.5,0.01,0.8,0.8
75.0,0.5,0.5,0.02,1.0,1.0
75.0,0.5,0.5,0.03,1.0,1.0
75.0,0.5,0.5,0.04,1.0,1.0
75.0,0.5,0.5,0.05,1.0,1.0
75.0,0.5,0.5,0.06,1.0,1.0
75.0,0.5,0.5,0.07,1.0,1.0
75.0,0.5,0.5,0.08,1.0,1.0
75.0,0.5,0.5,0.09,1.0,1.0
75.0,0.5,0.5,0.1,1.0,1.0
75.0,0.5,0.5,0.11,1.0,1.0
75.0,0.5,0.5,0.12,1.0,1.0
75.0,0.5,0.5,0.13,1.0,1.0
75.0,0.5,0.5,0.14,1.0,1.0
75.0,0.5,0.5,0.15,1.0,1.0
75.0,0.5,0.5,0.16,1.0,1.0
75.0,0.5,0.5,0.17,1.0,1.0
75.0,0.5,0.5,0.18,1.0,1.0
75.0,0.5,0.5,0.19,1.0,1.0
75.0,0.5,0.5,0.2,1.0,1.0
75.0,0.5,0.5,0.21,1.0,1.0
75.0,0.5,0.5,0.22,1.0,1.0
75.0,0.5,0.5,0.23,1.0,1.0
75.0,0.5,0.5,0.24,1.0,1.0
75.0,0.5,0.5,0.25,1.0,1.0
75.0,0.5,0.5,0.26,1.0,1.0
75.0,0.5,0.5,0.27,1.0,1.0
75.0,0.5,0.5,0.28,1.0,1.0
75.0,0.5,0.5,0.29,1.0,1.0
75.0,0.5,0.5,0.3,1.0,1.0
75.0,0.5,0.5,0.31,1.0,1.0
75.0,0.5,0.5,0.32,1.0,1.0
75.0,0.5,0.5,0.33,1.0,1.0
75.0,0.5,0.5,0.34,1.0,1.0
75.0,0.5,0.5,0.35000000000000003,1.0,1.0
75.0,0.5,0.5,0.36,1.0,1.0
75.0,0.5,0.5,0.37,1.0,1.0
75.0,0.5,0.5,0.38,1.0,1.0
75.0,0.5,0.5,0.39,1.0,1.0
75.0,0.5,0.5,0.4,1.0,1.0
75.0,0.5,0.5,0.41000000000000003,1.0,1.0
75.0,0.5,0.5,0.42,1.0,1.0
75.0,0.5,0.5,0.43,1.0,1.0
75.0,0.5,0.5,0.44,1.0,1.0
75.0,0.5,0.5,0.45,1.0,1.0
75.0,0.5,0.5,0.46,1.0,1.0
75.0,0.5,0.5,0.47000000000000003,1.0,1.0
75.0,0.5,0.5,0.48,1.0,1.0
75.0,0.5,0.5,0.49,1.0,1.0
75.0,0.5,0.5,0.5,1.0,1.0
80.0,0.5,0.5,0.0,0.28,0.28
80.0,0.5,0.5,0.01,0.85,0.85
80.0,0.5,0.5,0.02,1.0,1.0
80.0,0.5,0.5,0.03,1.0,1.0
80.0,0.5,0.5,0.04,1.0,1.0
80.0,0.5,0.5,0.05,1.0,1.0
80.0,0.5,0.5,0.06,1.0,1.0
80.0,0.5,0.5,0.07,1.0,1.0
80.0,0.5,0.5,0.08,1.0,1.0
80.0,0.5,0.5,0.09,1.0,1.0
80.0,0.5,0.5,0.1,1.0,1.0
80.0,0.5,0.5,0.11,1.0,1.0
80.0,0.5,0.5,0.12,1.0,1.0
80.0,0.5,0.5,0.13,1.0,1.0
80.0,0.5,0.5,0.14,1.0,1.0
80.0,0.5,0.5,0.15,1.0,1.0
80.0,0.5,0.5,0.16,1.0,1.0
80.0,0.5,0.5,0.17,1.0,1.0
80.0,0.5,0.5,0.18,1.0,1.0
80.0,0.5,0.5,0.19,1.0,1.0
80.0,0.5,0.5,0.2,1.0,1.0
80.0,0.5,0.5,0.21,1.0,1.0
80.0,0.5,0.5,0.22,1.0,1.0
80.0,0.5,0.5,0.23,1.0,1.0
80.0,0.5,0.5,0.24,1.0,1.0
80.0,0.5,0.5,0.25,1.0,1.0
80.0,0.5,0.5,0.26,1.0,1.0
80.0,0.5,0.5,0.27,1.0,1.0
80.0,0.5,0.5,0.28,1.0,1.0
80.0,0.5,0.5,0.29,1.0,1.0
80.0,0.5,0.5,0.3,1.0,1.0
80.0,0.5,0.5,0.31,1.0,1.0
80.0,0.5,0.5,0.32,1.0,1.0
80.0,0.5,0.5,0.33,1.0,1.0
80.0,0.5,0.5,0.34,1.0,1.0
80.0,0.5,0.5,0.35000000000000003,1.0,1.0
80.0,0.5,0.5,0.36,1.0,1.0
80.0,0.5,0.5,0.37,1.0,1.0
80.0,0.5,0.5,0.38,1.0,1.0
80.0,0.5,0.5,0.39,1.0,1.0
80.0,0.5,0.5,0.4,1.0,1.0
80.0,0.5,0.5,0.41000000000000003,1.0,1.0
80.0,0.5,0.5,0.42,1.0,1.0
80.0,0.5,0.5,0.43,1.0,1.0
80.0,0.5,0.5,0.44,1.0,1.0
80.0,0.5,0.5,0.45,1.0,1.0
80.0,0.5,0.5,0.46,1.0,1.0
80.0,0.5,0.5,0.47000000000000003,1.0,1.0
80.0,0.5,0.5,0.48,1.0,1.0
80.0,0.5,0.5,0.49,1.0,1.0
80.0,0.5,0.5,0.5,1.0,1.0
85.0,0.5,0.5,0.0,0.32,0.32
85.0,0.5,0.5,0.01,0.87,0.87
85.0,0.5,0.5,0.02,1.0,1.0
85.0,0.5,0.5,0.03,1.0,1.0
85.0,0.5,0.5,0.04,1.0,1.0
85.0,0.5,0.5,0.05,1.0,1.0
85.0,0.5,0.5,0.06,1.0,1.0
85.0,0.5,0.5,0.07,1.0,1.0
85.0,0.5,0.5,0.08,1.0,1.0
85.0,0.5,0.5,0.09,1.0,1.0
85.0,0.5,0.5,0.1,1.0,1.0
85.0,0.5,0.5,0.11,1.0,1.0
85.0,0.5,0.5,0.12,1.0,1.0
85.0,0.5,0.5,0.13,1.0,1.0
85.0,0.5,0.5,0.14,1.0,1.0
85.0,0.5,0.5,0.15,1.0,1.0
85.0,0.5,0.5,0.16,1.0,1.0
85.0,0.5,0.5,0.17,1.0,1.0
85.0,0.5,0.5,0.18,1.0,1.0
85.0,0.5,0.5,0.19,1.0,1.0
85.0,0.5,0.5,0.2,1.0,1.0
85.0,0.5,0.5,0.21,1.0,1.0
85.0,0.5,0.5,0.22,1.0,1.0
85.0,0.5,0.5,0.23,1.0,1.0
85.0,0.5,0.5,0.24,1.0,1.0
85.0,0.5,0.5,0.25,1.0,1.0
85.0,0.5,0.5,0.26,1.0,1.0
85.0,0.5,0.5,0.27,1.0,1.0
85.0,0.5,0.5,0.28,1.0,1.0
85.0,0.5,0.5,0.29,1.0,1.0
85.0,0.5,0.5,0.3,1.0,1.0
85.0,0.5,0.5,0.31,1.0,1.0
85.0,0.5,0.5,0.32,1.0,1.0
85.0,0.5,0.5,0.33,1.0,1.0
85.0,0.5,0.5,0.34,1.0,1.0
85.0,0.5,0.5,0.35000000000000003,1.0,1.0
85.0,0.5,0.5,0.36,1.0,1.0
85.0,0.5,0.5,0.37,1.0,1.0
85.0,0.5,0.5,0.38,1.0,1.0
85.0,0.5,0.5,0.39,1.0,1.0
85.0,0.5,0.5,0.4,1.0,1.0
85.0,0.5,0.5,0.41000000000000003,1.0,1.0
85.0,0.5,0.5,0.42,1.0,1.0
85.0,0.5,0.5,0.43,1.0,1.0
85.0,0.5,0.5,0.44,1.0,1.0
85.0,0.5,0.5,0.45,1.0,1.0
85.0,0.5,0.5,0.46,1.0,1.0
85.0,0.5,0.5,0.47000000000000003,1.0,1.0
85.0,0.5,0.5,0.48,1.0,1.0
85.0,0.5,0.5,0.49,1.0,1.0
85.0,0.5,0.5,0.5,1.0,1.0
90.0,0.5,0.5,0.0,0.39,0.39
90.0,0.5,0.5,0.01,0.9,0.9
90.0,0.5,0.5,0.02,0.99,0.99
90.0,0.5,0.5,0.03,1.0,1.0
90.0,0.5,0.5,0.04,1.0,1.0
90.0,0.5,0.5,0.05,1.0,1.0
90.0,0.5,0.5,0.06,1.0,1.0
90.0,0.5,0.5,0.07,1.0,1.0
90.0,0.5,0.5,0.08,1.0,1.0
90.0,0.5,0.5,0.09,1.0,1.0
90.0,0.5,0.5,0.1,1.0,1.0
90.0,0.5,0.5,0.11,1.0,1.0
90.0,0.5,0.5,0.12,1.0,1.0
90.0,0.5,0.5,0.13,1.0,1.0
90.0,0.5,0.5,0.14,1.0,1.0
90.0,0.5,0.5,0.15,1.0,1.0
90.0,0.5,0.5,0.16,1.0,1.0
90.0,0.5,0.5,0.17,1.0,1.0
90.0,0.5,0.5,0.18,1.0,1.0
90.0,0.5,0.5,0.19,1.0,1.0
90.0,0.5,0.5,0.2,1.0,1.0
90.0,0.5,0.5,0.21,1.0,1.0
90.0,0.5,0.5,0.22,1.0,1.0
90.0,0.5,0.5,0.23,1.0,1.0
90.0,0.5,0.5,0.24,1.0,1.0
90.0,0.5,0.5,0.25,1.0,1.0
90.0,0.5,0.5,0.26,1.0,1.0
90.0,0.5,0.5,0.27,1.0,1.0
90.0,0.5,0.5,0.28,1.0,1.0
90.0,0.5,0.5,0.29,1.0,1.0
90.0,0.5,0.5,0.3,1.0,1.0
90.0,0.5,0.5,0.31,1.0,1.0
90.0,0.5,0.5,0.32,1.0,1.0
90.0,0.5,0.5,0.33,1.0,1.0
90.0,0.5,0.5,0.34,1.0,1.0
90.0,0.5,0.5,0.35000000000000003,1.0,1.0
90.0,0.5,0.5,0.36,1.0,1.0
90.0,0.5,0.5,0.37,1.0,1.0
90.0,0.5,0.5,0.38,1.0,1.0
90.0,0.5,0.5,0.39,1.0,1.0
90.0,0.5,0.5,0.4,1.0,1.0
90.0,0.5,0.5,0.41000000000000003,1.0,1.0
90.0,0.5,0.5,0.42,1.0,1.0
90.0,0.5,0.5,0.43,1.0,1.0
90.0,0.5,0.5,0.44,1.0,1.0
90.0,0.5,0.5,0.45,1.0,1.0
90.0,0.5,0.5,0.46,1.0,1.0
90.0,0.5,0.5,0.47000000000000003,1.0,1.0
90.0,0.5,0.5,0.48,1.0,1.0
90.0,0.5,0.5,0.49,1.0,1.0
90.0,0.5,0.5,0.5,1.0,1.0
95.0,0.5,0.5,0.0,0.3,0.3
95.0,0.5,0.5,0.01,0.88,0.88
95.0,0.5,0.5,0.02,1.0,1.0
95.0,0.5,0.5,0.03,1.0,1.0
95.0,0.5,0.5,0.04,1.0,1.0
95.0,0.5,0.5,0.05,1.0,1.0
95.0,0.5,0.5,0.06,1.0,1.0
95.0,0.5,0.5,0.07,1.0,1.0
95.0,0.5,0.5,0.08,1.0,1.0
95.0,0.5,0.5,0.09,1.0,1.0
95.0,0.5,0.5,0.1,1.0,1.0
95.0,0.5,0.5,0.11,1.0,1.0
95.0,0.5,0.5,0.12,1.0,1.0
95.0,0.5,0.5,0.13,1.0,1.0
95.0,0.5,0.5,0.14,1.0,1.0
95.0,0.5,0.5,0.15,1.0,1.0
95.0,0.5,0.5,0.16,1.0,1.0
95.0,0.5,0.5,0.17,1.0,1.0
95.0,0.5,0.5,0.18,1.0,1.0
95.0,0.5,0.5,0.19,1.0,1.0
95.0,0.5,0.5,0.2,1.0,1.0
95.0,0.5,0.5,0.21,1.0,1.0
95.0,0.5,0.5,0.22,1.0,1.0
95.0,0.5,0.5,0.23,1.0,1.0
95.0,0.5,0.5,0.24,1.0,1.0
95.0,0.5,0.5,0.25,1.0,1.0
95.0,0.5,0.5,0.26,1.0,1.0
95.0,0.5,0.5,0.27,1.0,1.0
95.0,0.5,0.5,0.28,1.0,1.0
95.0,0.5,0.5,0.29,1.0,1.0
95.0,0.5,0.5,0.3,1.0,1.0
95.0,0.5,0.5,0.31,1.0,1.0
95.0,0.5,0.5,0.32,1.0,1.0
95.0,0.5,0.5,0.33,1.0,1.0
95.0,0.5,0.5,0.34,1.0,1.0
95.0,0.5,0.5,0.35000000000000003,1.0,1.0
95.0,0.5,0.5,0.36,1.0,1.0
95.0,0.5,0.5,0.37,1.0,1.0
95.0,0.5,0.5,0.38,1.0,1.0
95.0,0.5,0.5,0.39,1.0,1.0
95.0,0.5,0.5,0.4,1.0,1.0
95.0,0.5,0.5,0.41000000000000003,1.0,1.0
95.0,0.5,0.5,0.42,1.0,1.0
95.0,0.5,0.5,0.43,1.0,1.0
95.0,0.5,0.5,0.44,1.0,1.0
95.0,0.5,0.5,0.45,1.0,1.0
95.0,0.5,0.5,0.46,1.0,1.0
95.0,0.5,0.5,0.47000000000000003,1.0,1.0
95.0,0.5,0.5,0.48,1.0,1.0
95.0,0.5,0.5,0.49,1.0,1.0
95.0,0.5,0.5,0.5,1.0,1.0
100.0,0.5,0.5,0.0,0.37,0.37
100.0,0.5,0.5,0.01,0.84,0.84
100.0,0.5,0.5,0.02,1.0,1.0
100.0,0.5,0.5,0.03,1.0,1.0
100.0,0.5,0.5,0.04,1.0,1.0
100.0,0.5,0.5,0.05,1.0,1.0
100.0,0.5,0.5,0.06,1.0,1.0
100.0,0.5,0.5,0.07,1.0,1.0
100.0,0.5,0.5,0.08,1.0,1.0
100.0,0.5,0.5,0.09,1.0,1.0
100.0,0.5,0.5,0.1,1.0,1.0
100.0,0.5,0.5,0.11,1.0,1.0
100.0,0.5,0.5,0.12,1.0,1.0
100.0,0.5,0.5,0.13,1.0,1.0
100.0,0.5,0.5,0.14,1.0,1.0
100.0,0.5,0.5,0.15,1.0,1.0
100.0,0.5,0.5,0.16,1.0,1.0
100.0,0.5,0.5,0.17,1.0,1.0
100.0,0.5,0.5,0.18,1.0,1.0
100.0,0.5,0.5,0.19,1.0,1.0
100.0,0.5,0.5,0.2,1.0,1.0
100.0,0.5,0.5,0.21,1.0,1.0
100.0,0.5,0.5,0.22,1.0,1.0
100.0,0.5,0.5,0.23,1.0,1.0
100.0,0.5,0.5,0.24,1.0,1.0
100.0,0.5,0.5,0.25,1.0,1.0
100.0,0.5,0.5,0.26,1.0,1.0
100.0,0.5,0.5,0.27,1.0,1.0
100.0,0.5,0.5,0.28,1.0,1.0
100.0,0.5,0.5,0.29,1.0,1.0
100.0,0.5,0.5,0.3,1.0,1.0
100.0,0.5,0.5,0.31,1.0,1.0
100.0,0.5,0.5,0.32,1.0,1.0
100.0,0.5,0.5,0.33,1.0,1.0
100.0,0.5,0.5,0.34,1.0,1.0
100.0,0.5,0.5,0.35000000000000003,1.0,1.0
100.0,0.5,0.5,0.36,1.0,1.0
100.0,0.5,0.5,0.37,1.0,1.0
100.0,0.5,0.5,0.38,1.0,1.0
100.0,0.5,0.5,0.39,1.0,1.0
100.0,0.5,0.5,0.4,1.0,1.0
100.0,0.5,0.5,0.41000000000000003,1.0,1.0
100.0,0.5,0.5,0.42,1.0,1.0
100.0,0.5,0.5,0.43,1.0,1.0
100.0,0.5,0.5,0.44,1.0,1.0
100.0,0.5,0.5,0.45,1.0,1.0
100.0,0.5,0.5,0.46,1.0,1.0
100.0,0.5,0.5,0.47000000000000003,1.0,1.0
100.0,0.5,0.5,0.48,1.0,1.0
100.0,0.5,0.5,0.49,1.0,1.0
100.0,0.5,0.5,0.5,1.0,1.0
105.0,0.5,0.5,0.0,0.26,0.26
105.0,0.5,0.5,0.01,0.92,0.92
105.0,0.5,0.5,0.02,1.0,1.0
105.0,0.5,0.5,0.03,1.0,1.0
105.0,0.5,0.5,0.04,1.0,1.0
105.0,0.5,0.5,0.05,1.0,1.0
105.0,0.5,0.5,0.06,1.0,1.0
105.0,0.5,0.5,0.07,1.0,1.0
105.0,0.5,0.5,0.08,1.0,1.0
105.0,0.5,0.5,0.09,1.0,1.0
105.0,0.5,0.5,0.1,1.0,1.0
105.0,0.5,0.5,0.11,1.0,1.0
105.0,0.5,0.5,0.12,1.0,1.0
105.0,0.5,0.5,0.13,1.0,1.0
105.0,0.5,0.5,0.14,1.0,1.0
105.0,0.5,0.5,0.15,1.0,1.0
105.0,0.5,0.5,0.16,1.0,1.0
105.0,0.5,0.5,0.17,1.0,1.0
105.0,0.5,0.5,0.18,1.0,1.0
105.0,0.5,0.5,0.19,1.0,1.0
105.0,0.5,0.5,0.2,1.0,1.0
105.0,0.5,0.5,0.21,1.0,1.0
105.0,0.5,0.5,0.22,1.0,1.0
105.0,0.5,0.5,0.23,1.0,1.0
105.0,0.5,0.5,0.24,1.0,1.0
105.0,0.5,0.5,0.25,1.0,1.0
105.0,0.5,0.5,0.26,1.0,1.0
105.0,0.5,0.5,0.27,1.0,1.0
105.0,0.5,0.5,0.28,1.0,1.0
105.0,0.5,0.5,0.29,1.0,1.0
105.0,0.5,0.5,0.3,1.0,1.0
105.0,0.5,0.5,0.31,1.0,1.0
105.0,0.5,0.5,0.32,1.0,1.0
105.0,0.5,0.5,0.33,1.0,1.0
105.0,0.5,0.5,0.34,1.0,1.0
105.0,0.5,0.5,0.35000000000000003,1.0,1.0
105.0,0.5,0.5,0.36,1.0,1.0
105.0,0.5,0.5,0.37,1.0,1.0
105.0,0.5,0.5,0.38,1.0,1.0
105.0,0.5,0.5,0.39,1.0,1.0
105.0,0.5,0.5,0.4,1.0,1.0
105.0,0.5,0.5,0.41000000000000003,1.0,1.0
105.0,0.5,0.5,0.42,1.0,1.0
105.0,0.5,0.5,0.43,1.0,1.0
105.0,0.5,0.5,0.44,1.0,1.0
105.0,0.5,0.5,0.45,1.0,1.0
105.0,0.5,0.5,0.46,1.0,1.0
105.0,0.5,0.5,0.47000000000000003,1.0,1.0
105.0,0.5,0.5,0.48,1.0,1.0
105.0,0.5,0.5,0.49,1.0,1.0
105.0,0.5,0.5,0.5,1.0,1.0
110.0,0.5,0.5,0.0,0.32,0.32
110.0,0.5,0.5,0.01,0.89,0.89
110.0,0.5,0.5,0.02,1.0,1.0
110.0,0.5,0.5,0.03,1.0,1.0
110.0,0.5,0.5,0.04,1.0,1.0
110.0,0.5,0.5,0.05,1.0,1.0
110.0,0.5,0.5,0.06,1.0,1.0
110.0,0.5,0.5,0.07,1.0,1.0
110.0,0.5,0.5,0.08,1.0,1.0
110.0,0.5,0.5,0.09,1.0,1.0
110.0,0.5,0.5,0.1,1.0,1.0
110.0,0.5,0.5,0.11,1.0,1.0
110.0,0.5,0.5,0.12,1.0,1.0
110.0,0.5,0.5,0.13,1.0,1.0
110.0,0.5,0.5,0.14,1.0,1.0
110.0,0.5,0.5,0.15,1.0,1.0
110.0,0.5,0.5,0.16,1.0,1.0
110.0,0.5,0.5,0.17,1.0,1.0
110.0,0.5,0.5,0.18,1.0,1.0
110.0,0.5,0.5,0.19,1.0,1.0
110.0,0.5,0.5,0.2,1.0,1.0
110.0,0.5,0.5,0.21,1.0,1.0
110.0,0.5,0.5,0.22,1.0,1.0
110.0,0.5,0.5,0.23,1.0,1.0
110.0,0.5,0.5,0.24,1.0,1.0
110.0,0.5,0.5,0.25,1.0,1.0
110.0,0.5,0.5,0.26,1.0,1.0
110.0,0.5,0.5,0.27,1.0,1.0
110.0,0.5,0.5,0.28,1.0,1.0
110.0,0.5,0.5,0.29,1.0,1.0
110.0,0.5,0.5,0.3,1.0,1.0
110.0,0.5,0.5,0.31,1.0,1.0
110.0,0.5,0.5,0.32,1.0,1.0
110.0,0.5,0.5,0.33,1.0,1.0
110.0,0.5,0.5,0.34,1.0,1.0
110.0,0.5,0.5,0.35000000000000003,1.0,1.0
110.0,0.5,0.5,0.36,1.0,1.0
110.0,0.5,0.5,0.37,1.0,1.0
110.0,0.5,0.5,0.38,1.0,1.0
110.0,0.5,0.5,0.39,1.0,1.0
110.0,0.5,0.5,0.4,1.0,1.0
110.0,0.5,0.5,0.41000000000000003,1.0,1.0
110.0,0.5,0.5,0.42,1.0,1.0
110.0,0.5,0.5,0.43,1.0,1.0
110.0,0.5,0.5,0.44,1.0,1.0
110.0,0.5,0.5,0.45,1.0,1.0
110.0,0.5,0.5,0.46,1.0,1.0
110.0,0.5,0.5,0.47000000000000003,1.0,1.0
110.0,0.5,0.5,0.48,1.0,1.0
110.0,0.5,0.5,0.49,1.0,1.0
110.0,0.5,0.5,0.5,1.0,1.0
115.0,0.5,0.5,0.0,0.33,0.33
115.0,0.5,0.5,0.01,0.89,0.89
115.0,0.5,0.5,0.02,1.0,1.0
115.0,0.5,0.5,0.03,1.0,1.0
115.0,0.5,0.5,0.04,1.0,1.0
115.0,0.5,0.5,0.05,1.0,1.0
115.0,0.5,0.5,0.06,1.0,1.0
115.0,0.5,0.5,0.07,1.0,1.0
115.0,0.5,0.5,0.08,1.0,1.0
115.0,0.5,0.5,0.09,1.0,1.0
115.0,0.5,0.5,0.1,1.0,1.0
115.0,0.5,0.5,0.11,1.0,1.0
115.0,0.5,0.5,0.12,1.0,1.0
115.0,0.5,0.5,0.13,1.0,1.0
115.0,0.5,0.5,0.14,1.0,1.0
115.0,0.5,0.5,0.15,1.0,1.0
115.0,0.5,0.5,0.16,1.0,1.0
115.0,0.5,0.5,0.17,1.0,1.0
115.0,0.5,0.5,0.18,1.0,1.0
115.0,0.5,0.5,0.19,1.0,1.0
115.0,0.5,0.5,0.2,1.0,1.0
115.0,0.5,0.5,0.21,1.0,1.0
115.0,0.5,0.5,0.22,1.0,1.0
115.0,0.5,0.5,0.23,1.0,1.0
115.0,0.5,0.5,0.24,1.0,1.0
115.0,0.5,0.5,0.25,1.0,1.0
115.0,0.5,0.5,0.26,1.0,1.0
115.0,0.5,0.5,0.27,1.0,1.0
115.0,0.5,0.5,0.28,1.0,1.0
115.0,0.5,0.5,0.29,1.0,1.0
115.0,0.5,0.5,0.3,1.0,1.0
115.0,0.5,0.5,0.31,1.0,1.0
115.0,0.5,0.5,0.32,1.0,1.0
115.0,0.5,0.5,0.33,1.0,1.0
115.0,0.5,0.5,0.34,1.0,1.0
115.0,0.5,0.5,0.35000000000000003,1.0,1.0
115.0,0.5,0.5,0.36,1.0,1.0
115.0,0.5,0.5,0.37,1.0,1.0
115.0,0.5,0.5,0.38,1.0,1.0
115.0,0.5,0.5,0.39,1.0,1.0
115.0,0.5,0.5,0.4,1.0,1.0
115.0,0.5,0.5,0.41000000000000003,1.0,1.0
115.0,0.5,0.5,0.42,1.0,1.0
115.0,0.5,0.5,0.43,1.0,1.0
115.0,0.5,0.5,0.44,1.0,1.0
115.0,0.5,0.5,0.45,1.0,1.0
115.0,0.5,0.5,0.46,1.0,1.0
115.0,0.5,0.5,0.47000000000000003,1.0,1.0
115.0,0.5,0.5,0.48,1.0,1.0
115.0,0.5,0.5,0.49,1.0,1.0
115.0,0.5,0.5,0.5,1.0,1.0
120.0,0.5,0.5,0.0,0.27,0.27
120.0,0.5,0.5,0.01,0.91,0.91
120.0,0.5,0.5,0.02,1.0,1.0
120.0,0.5,0.5,0.03,1.0,1.0
120.0,0.5,0.5,0.04,1.0,1.0
120.0,0.5,0.5,0.05,1.0,1.0
120.0,0.5,0.5,0.06,1.0,1.0
120.0,0.5,0.5,0.07,1.0,1.0
120.0,0.5,0.5,0.08,1.0,1.0
120.0,0.5,0.5,0.09,1.0,1.0
120.0,0.5,0.5,0.1,1.0,1.0
120.0,0.5,0.5,0.11,1.0,1.0
120.0,0.5,0.5,0.12,1.0,1.0
120.0,0.5,0.5,0.13,1.0,1.0
120.0,0.5,0.5,0.14,1.0,1.0
120.0,0.5,0.5,0.15,1.0,1.0
120.0,0.5,0.5,0.16,1.0,1.0
120.0,0.5,0.5,0.17,1.0,1.0
120.0,0.5,0.5,0.18,1.0,1.0
120.0,0.5,0.5,0.19,1.0,1.0
120.0,0.5,0.5,0.2,1.0,1.0
120.0,0.5,0.5,0.21,1.0,1.0
120.0,0.5,0.5,0.22,1.0,1.0
120.0,0.5,0.5,0.23,1.0,1.0
120.0,0.5,0.5,0.24,1.0,1.0
120.0,0.5,0.5,0.25,1.0,1.0
120.0,0.5,0.5,0.26,1.0,1.0
120.0,0.5,0.5,0.27,1.0,1.0
120.0,0.5,0.5,0.28,1.0,1.0
120.0,0.5,0.5,0.29,1.0,1.0
120.0,0.5,0.5,0.3,1.0,1.0
120.0,0.5,0.5,0.31,1.0,1.0
120.0,0.5,0.5,0.32,1.0,1.0
120.0,0.5,0.5,0.33,1.0,1.0
120.0,0.5,0.5,0.34,1.0,1.0
120.0,0.5,0.5,0.35000000000000003,1.0,1.0
120.0,0.5,0.5,0.36,1.0,1.0
120.0,0.5,0.5,0.37,1.0,1.0
120.0,0.5,0.5,0.38,1.0,1.0
120.0,0.5,0.5,0.39,1.0,1.0
120.0,0.5,0.5,0.4,1.0,1.0
120.0,0.5,0.5,0.41000000000000003,1.0,1.0
120.0,0.5,0.5,0.42,1.0,1.0
120.0,0.5,0.5,0.43,1.0,1.0
120.0,0.5,0.5,0.44,1.0,1.0
120.0,0.5,0.5,0.45,1.0,1.0
120.0,0.5,0.5,0.46,1.0,1.0
120.0,0.5,0.5,0.47000000000000003,1.0,1.0
120.0,0.5,0.5,0.48,1.0,1.0
120.0,0.5,0.5,0.49,1.0,1.0
120.0,0.5,0.5,0.5,1.0,1.0
125.0,0.5,0.5,0.0,0.41,0.41
125.0,0.5,0.5,0.01,0.86,0.86
125.0,0.5,0.5,0.02,1.0,1.0
125.0,0.5,0.5,0.03,1.0,1.0
125.0,0.5,0.5,0.04,1.0,1.0
125.0,0.5,0.5,0.05,1.0,1.0
125.0,0.5,0.5,0.06,1.0,1.0
125.0,0.5,0.5,0.07,1.0,1.0
125.0,0.5,0.5,0.08,1.0,1.0
125.0,0.5,0.5,0.09,1.0,1.0
125.0,0.5,0.5,0.1,1.0,1.0
125.0,0.5,0.5,0.11,1.0,1.0
125.0,0.5,0.5,0.12,1.0,1.0
125.0,0.5,0.5,0.13,1.0,1.0
125.0,0.5,0.5,0.14,1.0,1.0
125.0,0.5,0.5,0.15,1.0,1.0
125.0,0.5,0.5,0.16,1.0,1.0
125.0,0.5,0.5,0.17,1.0,1.0
125.0,0.5,0.5,0.18,1.0,1.0
125.0,0.5,0.5,0.19,1.0,1.0
125.0,0.5,0.5,0.2,1.0,1.0
125.0,0.5,0.5,0.21,1.0,1.0
125.0,0.5,0.5,0.22,1.0,1.0
125.0,0.5,0.5,0.23,1.0,1.0
125.0,0.5,0.5,0.24,1.0,1.0
125.0,0.5,0.5,0.25,1.0,1.0
125.0,0.5,0.5,0.26,1.0,1.0
125.0,0.5,0.5,0.27,1.0,1.0
125.0,0.5,0.5,0.28,1.0,1.0
125.0,0.5,0.5,0.29,1.0,1.0
125.0,0.5,0.5,0.3,1.0,1.0
125.0,0.5,0.5,0.31,1.0,1.0
125.0,0.5,0.5,0.32,1.0,1.0
125.0,0.5,0.5,0.33,1.0,1.0
125.0,0.5,0.5,0.34,1.0,1.0
125.0,0.5,0.5,0.35000000000000003,1.0,1.0
125.0,0.5,0.5,0.36,1.0,1.0
125.0,0.5,0.5,0.37,1.0,1.0
125.0,0.5,0.5,0.38,1.0,1.0
125.0,0.5,0.5,0.39,1.0,1.0
125.0,0.5,0.5,0.4,1.0,1.0
125.0,0.5,0.5,0.41000000000000003,1.0,1.0
125.0,0.5,0.5,0.42,1.0,1.0
125.0,0.5,0.5,0.43,1.0,1.0
125.0,0.5,0.5,0.44,1.0,1.0
125.0,0.5,0.5,0.45,1.0,1.0
125.0,0.5,0.5,0.46,1.0,1.0
125.0,0.5,0.5,0.47000000000000003,1.0,1.0
125.0,0.5,0.5,0.48,1.0,1.0
125.0,0.5,0.5,0.49,1.0,1.0
125.0,0.5,0.5,0.5,1.0,1.0
130.0,0.5,0.5,0.0,0.35,0.35
130.0,0.5,0.5,0.01,0.91,0.91
130.0,0.5,0.5,0.02,1.0,1.0
130.0,0.5,0.5,0.03,1.0,1.0
130.0,0.5,0.5,0.04,1.0,1.0
130.0,0.5,0.5,0.05,1.0,1.0
130.0,0.5,0.5,0.06,1.0,1.0
130.0,0.5,0.5,0.07,1.0,1.0
130.0,0.5,0.5,0.08,1.0,1.0
130.0,0.5,0.5,0.09,1.0,1.0
130.0,0.5,0.5,0.1,1.0,1.0
130.0,0.5,0.5,0.11,1.0,1.0
130.0,0.5,0.5,0.12,1.0,1.0
130.0,0.5,0.5,0.13,1.0,1.0
130.0,0.5,0.5,0.14,1.0,1.0
130.0,0.5,0.5,0.15,1.0,1.0
130.0,0.5,0.5,0.16,1.0,1.0
130.0,0.5,0.5,0.17,1.0,1.0
130.0,0.5,0.5,0.18,1.0,1.0
130.0,0.5,0.5,0.19,1.0,1.0
130.0,0.5,0.5,0.2,1.0,1.0
130.0,0.5,0.5,0.21,1.0,1.0
130.0,0.5,0.5,0.22,1.0,1.0
130.0,0.5,0.5,0.23,1.0,1.0
130.0,0.5,0.5,0.24,1.0,1.0
130.0,0.5,0.5,0.25,1.0,1.0
130.0,0.5,0.5,0.26,1.0,1.0
130.0,0.5,0.5,0.27,1.0,1.0
130.0,0.5,0.5,0.28,1.0,1.0
130.0,0.5,0.5,0.29,1.0,1.0
130.0,0.5,0.5,0.3,1.0,1.0
130.0,0.5,0.5,0.31,1.0,1.0
130.0,0.5,0.5,0.32,1.0,1.0
130.0,0.5,0.5,0.33,1.0,1.0
130.0,0.5,0.5,0.34,1.0,1.0
130.0,0.5,0.5,0.35000000000000003,1.0,1.0
130.0,0.5,0.5,0.36,1.0,1.0
130.0,0.5,0.5,0.37,1.0,1.0
130.0,0.5,0.5,0.38,1.0,1.0
130.0,0.5,0.5,0.39,1.0,1.0
130.0,0.5,0.5,0.4,1.0,1.0
130.0,0.5,0.5,0.41000000000000003,1.0,1.0
130.0,0.5,0.5,0.42,1.0,1.0
130.0,0.5,0.5,0.43,1.0,1.0
130.0,0.5,0.5,0.44,1.0,1.0
130.0,0.5,0.5,0.45,1.0,1.0
130.0,0.5,0.5,0.46,1.0,1.0
130.0,0.5,0.5,0.47000000000000003,1.0,1.0
130.0,0.5,0.5,0.48,1.0,1.0
130.0,0.5,0.5,0.49,1.0,1.0
130.0,0.5,0.5,0.5,1.0,1.0
135.0,0.5,0.5,0.0,0.38,0.38
135.0,0.5,0.5,0.01,0.97,0.97
135.0,0.5,0.5,0.02,1.0,1.0
135.0,0.5,0.5,0.03,1.0,1.0
135.0,0.5,0.5,0.04,1.0,1.0
135.0,0.5,0.5,0.05,1.0,1.0
135.0,0.5,0.5,0.06,1.0,1.0
135.0,0.5,0.5,0.07,1.0,1.0
135.0,0.5,0.5,0.08,1.0,1.0
135.0,0.5,0.5,0.09,1.0,1.0
135.0,0.5,0.5,0.1,1.0,1.0
135.0,0.5,0.5,0.11,1.0,1.0
135.0,0.5,0.5,0.12,1.0,1.0
135.0,0.5,0.5,0.13,1.0,1.0
135.0,0.5,0.5,0.14,1.0,1.0
135.0,0.5,0.5,0.15,1.0,1.0
135.0,0.5,0.5,0.16,1.0,1.0
135.0,0.5,0.5,0.17,1.0,1.0
135.0,0.5,0.5,0.18,1.0,1.0
135.0,0.5,0.5,0.19,1.0,1.0
135.0,0.5,0.5,0.2,1.0,1.0
135.0,0.5,0.5,0.21,1.0,1.0
135.0,0.5,0.5,0.22,1.0,1.0
135.0,0.5,0.5,0.23,1.0,1.0
135.0,0.5,0.5,0.24,1.0,1.0
135.0,0.5,0.5,0.25,1.0,1.0
135.0,0.5,0.5,0.26,1.0,1.0
135.0,0.5,0.5,0.27,1.0,1.0
135.0,0.5,0.5,0.28,1.0,1.0
135.0,0.5,0.5,0.29,1.0,1.0
135.0,0.5,0.5,0.3,1.0,1.0
135.0,0.5,0.5,0.31,1.0,1.0
135.0,0.5,0.5,0.32,1.0,1.0
135.0,0.5,0.5,0.33,1.0,1.0
135.0,0.5,0.5,0.34,1.0,1.0
135.0,0.5,0.5,0.35000000000000003,1.0,1.0
135.0,0.5,0.5,0.36,1.0,1.0
135.0,0.5,0.5,0.37,1.0,1.0
135.0,0.5,0.5,0.38,1.0,1.0
135.0,0.5,0.5,0.39,1.0,1.0
135.0,0.5,0.5,0.4,1.0,1.0
135.0,0.5,0.5,0.41000000000000003,1.0,1.0
135.0,0.5,0.5,0.42,1.0,1.0
135.0,0.5,0.5,0.43,1.0,1.0
135.0,0.5,0.5,0.44,1.0,1.0
135.0,0.5,0.5,0.45,1.0,1.0
135.0,0.5,0.5,0.46,1.0,1.0
135.0,0.5,0.5,0.47000000000000003,1.0,1.0
135.0,0.5,0.5,0.48,1.0,1.0
135.0,0.5,0.5,0.49,1.0,1.0
135.0,0.5,0.5,0.5,1.0,1.0
140.0,0.5,0.5,0.0,0.36,0.36
140.0,0.5,0.5,0.01,0.93,0.93
140.0,0.5,0.5,0.02,1.0,1.0
140.0,0.5,0.5,0.03,1.0,1.0
140.0,0.5,0.5,0.04,1.0,1.0
140.0,0.5,0.5,0.05,1.0,1.0
140.0,0.5,0.5,0.06,1.0,1.0
140.0,0.5,0.5,0.07,1.0,1.0
140.0,0.5,0.5,0.08,1.0,1.0
140.0,0.5,0.5,0.09,1.0,1.0
140.0,0.5,0.5,0.1,1.0,1.0
140.0,0.5,0.5,0.11,1.0,1.0
140.0,0.5,0.5,0.12,1.0,1.0
140.0,0.5,0.5,0.13,1.0,1.0
140.0,0.5,0.5,0.14,1.0,1.0
140.0,0.5,0.5,0.15,1.0,1.0
140.0,0.5,0.5,0.16,1.0,1.0
140.0,0.5,0.5,0.17,1.0,1.0
140.0,0.5,0.5,0.18,1.0,1.0
140.0,0.5,0.5,0.19,1.0,1.0
140.0,0.5,0.5,0.2,1.0,1.0
140.0,0.5,0.5,0.21,1.0,1.0
140.0,0.5,0.5,0.22,1.0,1.0
140.0,0.5,0.5,0.23,1.0,1.0
140.0,0.5,0.5,0.24,1.0,1.0
140.0,0.5,0.5,0.25,1.0,1.0
140.0,0.5,0.5,0.26,1.0,1.0
140.0,0.5,0.5,0.27,1.0,1.0
140.0,0.5,0.5,0.28,1.0,1.0
140.0,0.5,0.5,0.29,1.0,1.0
140.0,0.5,0.5,0.3,1.0,1.0
140.0,0.5,0.5,0.31,1.0,1.0
140.0,0.5,0.5,0.32,1.0,1.0
140.0,0.5,0.5,0.33,1.0,1.0
140.0,0.5,0.5,0.34,1.0,1.0
140.0,0.5,0.5,0.35000000000000003,1.0,1.0
140.0,0.5,0.5,0.36,1.0,1.0
140.0,0.5,0.5,0.37,1.0,1.0
140.0,0.5,0.5,0.38,1.0,1.0
140.0,0.5,0.5,0.39,1.0,1.0
140.0,0.5,0.5,0.4,1.0,1.0
140.0,0.5,0.5,0.41000000000000003,1.0,1.0
140.0,0.5,0.5,0.42,1.0,1.0
140.0,0.5,0.5,0.43,1.0,1.0
140.0,0.5,0.5,0.44,1.0,1.0
140.0,0.5,0.5,0.45,1.0,1.0
140.0,0.5,0.5,0.46,1.0,1.0
140.0,0.5,0.5,0.47000000000000003,1.0,1.0
140.0,0.5,0.5,0.48,1.0,1.0
140.0,0.5,0.5,0.49,1.0,1.0
140.0,0.5,0.5,0.5,1.0,1.0
145.0,0.5,0.5,0.0,0.26,0.26
145.0,0.5,0.5,0.01,0.95,0.95
145.0,0.5,0.5,0.02,1.0,1.0
145.0,0.5,0.5,0.03,1.0,1.0
145.0,0.5,0.5,0.04,1.0,1.0
145.0,0.5,0.5,0.05,1.0,1.0
145.0,0.5,0.5,0.06,1.0,1.0
145.0,0.5,0.5,0.07,1.0,1.0
145.0,0.5,0.5,0.08,1.0,1.0
145.0,0.5,0.5,0.09,1.0,1.0
145.0,0.5,0.5,0.1,1.0,1.0
145.0,0.5,0.5,0.11,1.0,1.0
145.0,0.5,0.5,0.12,1.0,1.0
145.0,0.5,0.5,0.13,1.0,1.0
145.0,0.5,0.5,0.14,1.0,1.0
145.0,0.5,0.5,0.15,1.0,1.0
145.0,0.5,0.5,0.16,1.0,1.0
145.0,0.5,0.5,0.17,1.0,1.0
145.0,0.5,0.5,0.18,1.0,1.0
145.0,0.5,0.5,0.19,1.0,1.0
145.0,0.5,0.5,0.2,1.0,1.0
145.0,0.5,0.5,0.21,1.0,1.0
145.0,0.5,0.5,0.22,1.0,1.0
145.0,0.5,0.5,0.23,1.0,1.0
145.0,0.5,0.5,0.24,1.0,1.0
145.0,0.5,0.5,0.25,1.0,1.0
145.0,0.5,0.5,0.26,1.0,1.0
145.0,0.5,0.5,0.27,1.0,1.0
145.0,0.5,0.5,0.28,1.0,1.0
145.0,0.5,0.5,0.29,1.0,1.0
145.0,0.5,0.5,0.3,1.0,1.0
145.0,0.5,0.5,0.31,1.0,1.0
145.0,0.5,0.5,0.32,1.0,1.0
145.0,0.5,0.5,0.33,1.0,1.0
145.0,0.5,0.5,0.34,1.0,1.0
145.0,0.5,0.5,0.35000000000000003,1.0,1.0
145.0,0.5,0.5,0.36,1.0,1.0
145.0,0.5,0.5,0.37,1.0,1.0
145.0,0.5,0.5,0.38,1.0,1.0
145.0,0.5,0.5,0.39,1.0,1.0
145.0,0.5,0.5,0.4,1.0,1.0
145.0,0.5,0.5,0.41000000000000003,1.0,1.0
145.0,0.5,0.5,0.42,1.0,1.0
145.0,0.5,0.5,0.43,1.0,1.0
145.0,0.5,0.5,0.44,1.0,1.0
145.0,0.5,0.5,0.45,1.0,1.0
145.0,0.5,0.5,0.46,1.0,1.0
145.0,0.5,0.5,0.47000000000000003,1.0,1.0
145.0,0.5,0.5,0.48,1.0,1.0
145.0,0.5,0.5,0.49,1.0,1.0
145.0,0.5,0.5,0.5,1.0,1.0
150.0,0.5,0.5,0.0,0.37,0.37
150.0,0.5,0.5,0.01,0.95,0.95
150.0,0.5,0.5,0.02,1.0,1.0
150.0,0.5,0.5,0.03,1.0,1.0
150.0,0.5,0.5,0.04,1.0,1.0
150.0,0.5,0.5,0.05,1.0,1.0
150.0,0.5,0.5,0.06,1.0,1.0
150.0,0.5,0.5,0.07,1.0,1.0
150.0,0.5,0.5,0.08,1.0,1.0
150.0,0.5,0.5,0.09,1.0,1.0
150.0,0.5,0.5,0.1,1.0,1.0
150.0,0.5,0.5,0.11,1.0,1.0
150.0,0.5,0.5,0.12,1.0,1.0
150.0,0.5,0.5,0.13,1.0,1.0
150.0,0.5,0.5,0.14,1.0,1.0
150.0,0.5,0.5,0.15,1.0,1.0
150.0,0.5,0.5,0.16,1.0,1.0
150.0,0.5,0.5,0.17,1.0,1.0
150.0,0.5,0.5,0.18,1.0,1.0
150.0,0.5,0.5,0.19,1.0,1.0
150.0,0.5,0.5,0.2,1.0,1.0
150.0,0.5,0.5,0.21,1.0,1.0
150.0,0.5,0.5,0.22,1.0,1.0
150.0,0.5,0.5,0.23,1.0,1.0
150.0,0.5,0.5,0.24,1.0,1.0
150.0,0.5,0.5,0.25,1.0,1.0
150.0,0.5,0.5,0.26,1.0,1.0
150.0,0.5,0.5,0.27,1.0,1.0
150.0,0.5,0.5,0.28,1.0,1.0
150.0,0.5,0.5,0.29,1.0,1.0
150.0,0.5,0.5,0.3,1.0,1.0
150.0,0.5,0.5,0.31,1.0,1.0
150.0,0.5,0.5,0.32,1.0,1.0
150.0,0.5,0.5,0.33,1.0,1.0
150.0,0.5,0.5,0.34,1.0,1.0
150.0,0.5,0.5,0.35000000000000003,1.0,1.0
150.0,0.5,0.5,0.36,1.0,1.0
150.0,0.5,0.5,0.37,1.0,1.0
150.0,0.5,0.5,0.38,1.0,1.0
150.0,0.5,0.5,0.39,1.0,1.0
150.0,0.5,0.5,0.4,1.0,1.0
150.0,0.5,0.5,0.41000000000000003,1.0,1.0
150.0,0.5,0.5,0.42,1.0,1.0
150.0,0.5,0.5,0.43,1.0,1.0
150.0,0.5,0.5,0.44,1.0,1.0
150.0,0.5,0.5,0.45,1.0,1.0
150.0,0.5,0.5,0.46,1.0,1.0
150.0,0.5,0.5,0.47000000000000003,1.0,1.0
150.0,0.5,0.5,0.48,1.0,1.0
150.0,0.5,0.5,0.49,1.0,1.0
150.0,0.5,0.5,0.5,1.0,1.0
155.0,0.5,0.5,0.0,0.25,0.25
155.0,0.5,0.5,0.01,0.91,0.91
155.0,0.5,0.5,0.02,1.0,1.0
155.0,0.5,0.5,0.03,1.0,1.0
155.0,0.5,0.5,0.04,1.0,1.0
155.0,0.5,0.5,0.05,1.0,1.0
155.0,0.5,0.5,0.06,1.0,1.0
155.0,0.5,0.5,0.07,1.0,1.0
155.0,0.5,0.5,0.08,1.0,1.0
155.0,0.5,0.5,0.09,1.0,1.0
155.0,0.5,0.5,0.1,1.0,1.0
155.0,0.5,0.5,0.11,1.0,1.0
155.0,0.5,0.5,0.12,1.0,1.0
155.0,0.5,0.5,0.13,1.0,1.0
155.0,0.5,0.5,0.14,1.0,1.0
155.0,0.5,0.5,0.15,1.0,1.0
155.0,0.5,0.5,0.16,1.0,1.0
155.0,0.5,0.5,0.17,1.0,1.0
155.0,0.5,0.5,0.18,1.0,1.0
155.0,0.5,0.5,0.19,1.0,1.0
155.0,0.5,0.5,0.2,1.0,1.0
155.0,0.5,0.5,0.21,1.0,1.0
155.0,0.5,0.5,0.22,1.0,1.0
155.0,0.5,0.5,0.23,1.0,1.0
155.0,0.5,0.5,0.24,1.0,1.0
155.0,0.5,0.5,0.25,1.0,1.0
155.0,0.5,0.5,0.26,1.0,1.0
155.0,0.5,0.5,0.27,1.0,1.0
155.0,0.5,0.5,0.28,1.0,1.0
155.0,0.5,0.5,0.29,1.0,1.0
155.0,0.5,0.5,0.3,1.0,1.0
155.0,0.5,0.5,0.31,1.0,1.0
155.0,0.5,0.5,0.32,1.0,1.0
155.0,0.5,0.5,0.33,1.0,1.0
155.0,0.5,0.5,0.34,1.0,1.0
155.0,0.5,0.5,0.35000000000000003,1.0,1.0
155.0,0.5,0.5,0.36,1.0,1.0
155.0,0.5,0.5,0.37,1.0,1.0
155.0,0.5,0.5,0.38,1.0,1.0
155.0,0.5,0.5,0.39,1.0,1.0
155.0,0.5,0.5,0.4,1.0,1.0
155.0,0.5,0.5,0.41000000000000003,1.0,1.0
155.0,0.5,0.5,0.42,1.0,1.0
155.0,0.5,0.5,0.43,1.0,1.0
155.0,0.5,0.5,0.44,1.0,1.0
155.0,0.5,0.5,0.45,1.0,1.0
155.0,0.5,0.5,0.46,1.0,1.0
155.0,0.5,0.5,0.47000000000000003,1.0,1.0
155.0,0.5,0.5,0.48,1.0,1.0
155.0,0.5,0.5,0.49,1.0,1.0
155.0,0.5,0.5,0.5,1.0,1.0
160.0,0.5,0.5,0.0,0.31,0.31
160.0,0.5,0.5,0.01,1.0,1.0
160.0,0.5,0.5,0.02,1.0,1.0
160.0,0.5,0.5,0.03,1.0,1.0
160.0,0.5,0.5,0.04,1.0,1.0
160.0,0.5,0.5,0.05,1.0,1.0
160.0,0.5,0.5,0.06,1.0,1.0
160.0,0.5,0.5,0.07,1.0,1.0
160.0,0.5,0.5,0.08,1.0,1.0
160.0,0.5,0.5,0.09,1.0,1.0
160.0,0.5,0.5,0.1,1.0,1.0
160.0,0.5,0.5,0.11,1.0,1.0
160.0,0.5,0.5,0.12,1.0,1.0
160.0,0.5,0.5,0.13,1.0,1.0
160.0,0.5,0.5,0.14,1.0,1.0
160.0,0.5,0.5,0.15,1.0,1.0
160.0,0.5,0.5,0.16,1.0,1.0
160.0,0.5,0.5,0.17,1.0,1.0
160.0,0.5,0.5,0.18,1.0,1.0
160.0,0.5,0.5,0.19,1.0,1.0
160.0,0.5,0.5,0.2,1.0,1.0
160.0,0.5,0.5,0.21,1.0,1.0
160.0,0.5,0.5,0.22,1.0,1.0
160.0,0.5,0.5,0.23,1.0,1.0
160.0,0.5,0.5,0.24,1.0,1.0
160.0,0.5,0.5,0.25,1.0,1.0
160.0,0.5,0.5,0.26,1.0,1.0
160.0,0.5,0.5,0.27,1.0,1.0
160.0,0.5,0.5,0.28,1.0,1.0
160.0,0.5,0.5,0.29,1.0,1.0
160.0,0.5,0.5,0.3,1.0,1.0
160.0,0.5,0.5,0.31,1.0,1.0
160.0,0.5,0.5,0.32,1.0,1.0
160.0,0.5,0.5,0.33,1.0,1.0
160.0,0.5,0.5,0.34,1.0,1.0
160.0,0.5,0.5,0.35000000000000003,1.0,1.0
160.0,0.5,0.5,0.36,1.0,1.0
160.0,0.5,0.5,0.37,1.0,1.0
160.0,0.5,0.5,0.38,1.0,1.0
160.0,0.5,0.5,0.39,1.0,1.0
160.0,0.5,0.5,0.4,1.0,1.0
160.0,0.5,0.5,0.41000000000000003,1.0,1.0
160.0,0.5,0.5,0.42,1.0,1.0
160.0,0.5,0.5,0.43,1.0,1.0
160.0,0.5,0.5,0.44,1.0,1.0
160.0,0.5,0.5,0.45,1.0,1.0
160.0,0.5,0.5,0.46,1.0,1.0
160.0,0.5,0.5,0.47000000000000003,1.0,1.0
160.0,0.5,0.5,0.48,1.0,1.0
160.0,0.5,0.5,0.49,1.0,1.0
160.0,0.5,0.5,0.5,1.0,1.0
165.0,0.5,0.5,0.0,0.3,0.3
165.0,0.5,0.5,0.01,0.94,0.94
165.0,0.5,0.5,0.02,1.0,1.0
165.0,0.5,0.5,0.03,1.0,1.0
165.0,0.5,0.5,0.04,1.0,1.0
165.0,0.5,0.5,0.05,1.0,1.0
165.0,0.5,0.5,0.06,1.0,1.0
165.0,0.5,0.5,0.07,1.0,1.0
165.0,0.5,0.5,0.08,1.0,1.0
165.0,0.5,0.5,0.09,1.0,1.0
165.0,0.5,0.5,0.1,1.0,1.0
165.0,0.5,0.5,0.11,1.0,1.0
165.0,0.5,0.5,0.12,1.0,1.0
165.0,0.5,0.5,0.13,1.0,1.0
165.0,0.5,0.5,0.14,1.0,1.0
165.0,0.5,0.5,0.15,1.0,1.0
165.0,0.5,0.5,0.16,1.0,1.0
165.0,0.5,0.5,0.17,1.0,1.0
165.0,0.5,0.5,0.18,1.0,1.0
165.0,0.5,0.5,0.19,1.0,1.0
165.0,0.5,0.5,0.2,1.0,1.0
165.0,0.5,0.5,0.21,1.0,1.0
165.0,0.5,0.5,0.22,1.0,1.0
165.0,0.5,0.5,0.23,1.0,1.0
165.0,0.5,0.5,0.24,1.0,1.0
165.0,0.5,0.5,0.25,1.0,1.0
165.0,0.5,0.5,0.26,1.0,1.0
165.0,0.5,0.5,0.27,1.0,1.0
165.0,0.5,0.5,0.28,1.0,1.0
165.0,0.5,0.5,0.29,1.0,1.0
165.0,0.5,0.5,0.3,1.0,1.0
165.0,0.5,0.5,0.31,1.0,1.0
165.0,0.5,0.5,0.32,1.0,1.0
165.0,0.5,0.5,0.33,1.0,1.0
165.0,0.5,0.5,0.34,1.0,1.0
165.0,0.5,0.5,0.35000000000000003,1.0,1.0
165.0,0.5,0.5,0.36,1.0,1.0
165.0,0.5,0.5,0.37,1.0,1.0
165.0,0.5,0.5,0.38,1.0,1.0
165.0,0.5,0.5,0.39,1.0,1.0
165.0,0.5,0.5,0.4,1.0,1.0
165.0,0.5,0.5,0.41000000000000003,1.0,1.0
165.0,0.5,0.5,0.42,1.0,1.0
165.0,0.5,0.5,0.43,1.0,1.0
165.0,0.5,0.5,0.44,1.0,1.0
165.0,0.5,0.5,0.45,1.0,1.0
165.0,0.5,0.5,0.46,1.0,1.0
165.0,0.5,0.5,0.47000000000000003,1.0,1.0
165.0,0.5,0.5,0.48,1.0,1.0
165.0,0.5,0.5,0.49,1.0,1.0
165.0,0.5,0.5,0.5,1.0,1.0
170.0,0.5,0.5,0.0,0.27,0.27
170.0,0.5,0.5,0.01,0.98,0.98
170.0,0.5,0.5,0.02,1.0,1.0
170.0,0.5,0.5,0.03,1.0,1.0
170.0,0.5,0.5,0.04,1.0,1.0
170.0,0.5,0.5,0.05,1.0,1.0
170.0,0.5,0.5,0.06,1.0,1.0
170.0,0.5,0.5,0.07,1.0,1.0
170.0,0.5,0.5,0.08,1.0,1.0
170.0,0.5,0.5,0.09,1.0,1.0
170.0,0.5,0.5,0.1,1.0,1.0
170.0,0.5,0.5,0.11,1.0,1.0
170.0,0.5,0.5,0.12,1.0,1.0
170.0,0.5,0.5,0.13,1.0,1.0
170.0,0.5,0.5,0.14,1.0,1.0
170.0,0.5,0.5,0.15,1.0,1.0
170.0,0.5,0.5,0.16,1.0,1.0
170.0,0.5,0.5,0.17,1.0,1.0
170.0,0.5,0.5,0.18,1.0,1.0
170.0,0.5,0.5,0.19,1.0,1.0
170.0,0.5,0.5,0.2,1.0,1.0
170.0,0.5,0.5,0.21,1.0,1.0
170.0,0.5,0.5,0.22,1.0,1.0
170.0,0.5,0.5,0.23,1.0,1.0
170.0,0.5,0.5,0.24,1.0,1.0
170.0,0.5,0.5,0.25,1.0,1.0
170.0,0.5,0.5,0.26,1.0,1.0
170.0,0.5,0.5,0.27,1.0,1.0
170.0,0.5,0.5,0.28,1.0,1.0
170.0,0.5,0.5,0.29,1.0,1.0
170.0,0.5,0.5,0.3,1.0,1.0
170.0,0.5,0.5,0.31,1.0,1.0
170.0,0.5,0.5,0.32,1.0,1.0
170.0,0.5,0.5,0.33,1.0,1.0
170.0,0.5,0.5,0.34,1.0,1.0
170.0,0.5,0.5,0.35000000000000003,1.0,1.0
170.0,0.5,0.5,0.36,1.0,1.0
170.0,0.5,0.5,0.37,1.0,1.0
170.0,0.5,0.5,0.38,1.0,1.0
170.0,0.5,0.5,0.39,1.0,1.0
170.0,0.5,0.5,0.4,1.0,1.0
170.0,0.5,0.5,0.41000000000000003,1.0,1.0
170.0,0.5,0.5,0.42,1.0,1.0
170.0,0.5,0.5,0.43,1.0,1.0
170.0,0.5,0.5,0.44,1.0,1.0
170.0,0.5,0.5,0.45,1.0,1.0
170.0,0.5,0.5,0.46,1.0,1.0
170.0,0.5,0.5,0.47000000000000003,1.0,1.0
170.0,0.5,0.5,0.48,1.0,1.0
170.0,0.5,0.5,0.49,1.0,1.0
170.0,0.5,0.5,0.5,1.0,1.0
175.0,0.5,0.5,0.0,0.35,0.35
175.0,0.5,0.5,0.01,0.97,0.97
175.0,0.5,0.5,0.02,1.0,1.0
175.0,0.5,0.5,0.03,1.0,1.0
175.0,0.5,0.5,0.04,1.0,1.0
175.0,0.5,0.5,0.05,1.0,1.0
175.0,0.5,0.5,0.06,1.0,1.0
175.0,0.5,0.5,0.07,1.0,1.0
175.0,0.5,0.5,0.08,1.0,1.0
175.0,0.5,0.5,0.09,1.0,1.0
175.0,0.5,0.5,0.1,1.0,1.0
175.0,0.5,0.5,0.11,1.0,1.0
175.0,0.5,0.5,0.12,1.0,1.0
175.0,0.5,0.5,0.13,1.0,1.0
175.0,0.5,0.5,0.14,1.0,1.0
175.0,0.5,0.5,0.15,1.0,1.0
175.0,0.5,0.5,0.16,1.0,1.0
175.0,0.5,0.5,0.17,1.0,1.0
175.0,0.5,0.5,0.18,1.0,1.0
175.0,0.5,0.5,0.19,1.0,1.0
175.0,0.5,0.5,0.2,1.0,1.0
175.0,0.5,0.5,0.21,1.0,1.0
175.0,0.5,0.5,0.22,1.0,1.0
175.0,0.5,0.5,0.23,1.0,1.0
175.0,0.5,0.5,0.24,1.0,1.0
175.0,0.5,0.5,0.25,1.0,1.0
175.0,0.5,0.5,0.26,1.0,1.0
175.0,0.5,0.5,0.27,1.0,1.0
175.0,0.5,0.5,0.28,1.0,1.0
175.0,0.5,0.5,0.29,1.0,1.0
175.0,0.5,0.5,0.3,1.0,1.0
175.0,0.5,0.5,0.31,1.0,1.0
175.0,0.5,0.5,0.32,1.0,1.0
175.0,0.5,0.5,0.33,1.0,1.0
175.0,0.5,0.5,0.34,1.0,1.0
175.0,0.5,0.5,0.35000000000000003,1.0,1.0
175.0,0.5,0.5,0.36,1.0,1.0
175.0,0.5,0.5,0.37,1.0,1.0
175.0,0.5,0.5,0.38,1.0,1.0
175.0,0.5,0.5,0.39,1.0,1.0
175.0,0.5,0.5,0.4,1.0,1.0
175.0,0.5,0.5,0.41000000000000003,1.0,1.0
175.0,0.5,0.5,0.42,1.0,1.0
175.0,0.5,0.5,0.43,1.0,1.0
175.0,0.5,0.5,0.44,1.0,1.0
175.0,0.5,0.5,0.45,1.0,1.0
175.0,0.5,0.5,0.46,1.0,1.0
175.0,0.5,0.5,0.47000000000000003,1.0,1.0
175.0,0.5,0.5,0.48,1.0,1.0
175.0,0.5,0.5,0.49,1.0,1.0
175.0,0.5,0.5,0.5,1.0,1.0
180.0,0.5,0.5,0.0,0.35,0.35
180.0,0.5,0.5,0.01,0.95,0.95
180.0,0.5,0.5,0.02,1.0,1.0
180.0,0.5,0.5,0.03,1.0,1.0
180.0,0.5,0.5,0.04,1.0,1.0
180.0,0.5,0.5,0.05,1.0,1.0
180.0,0.5,0.5,0.06,1.0,1.0
180.0,0.5,0.5,0.07,1.0,1.0
180.0,0.5,0.5,0.08,1.0,1.0
180.0,0.5,0.5,0.09,1.0,1.0
180.0,0.5,0.5,0.1,1.0,1.0
180.0,0.5,0.5,0.11,1.0,1.0
180.0,0.5,0.5,0.12,1.0,1.0
180.0,0.5,0.5,0.13,1.0,1.0
180.0,0.5,0.5,0.14,1.0,1.0
180.0,0.5,0.5,0.15,1.0,1.0
180.0,0.5,0.5,0.16,1.0,1.0
180.0,0.5,0.5,0.17,1.0,1.0
180.0,0.5,0.5,0.18,1.0,1.0
180.0,0.5,0.5,0.19,1.0,1.0
180.0,0.5,0.5,0.2,1.0,1.0
180.0,0.5,0.5,0.21,1.0,1.0
180.0,0.5,0.5,0.22,1.0,1.0
180.0,0.5,0.5,0.23,1.0,1.0
180.0,0.5,0.5,0.24,1.0,1.0
180.0,0.5,0.5,0.25,1.0,1.0
180.0,0.5,0.5,0.26,1.0,1.0
180.0,0.5,0.5,0.27,1.0,1.0
180.0,0.5,0.5,0.28,1.0,1.0
180.0,0.5,0.5,0.29,1.0,1.0
180.0,0.5,0.5,0.3,1.0,1.0
180.0,0.5,0.5,0.31,1.0,1.0
180.0,0.5,0.5,0.32,1.0,1.0
180.0,0.5,0.5,0.33,1.0,1.0
180.0,0.5,0.5,0.34,1.0,1.0
180.0,0.5,0.5,0.35000000000000003,1.0,1.0
180.0,0.5,0.5,0.36,1.0,1.0
180.0,0.5,0.5,0.37,1.0,1.0
180.0,0.5,0.5,0.38,1.0,1.0
180.0,0.5,0.5,0.39,1.0,1.0
180.0,0.5,0.5,0.4,1.0,1.0
180.0,0.5,0.5,0.41000000000000003,1.0,1.0
180.0,0.5,0.5,0.42,1.0,1.0
180.0,0.5,0.5,0.43,1.0,1.0
180.0,0.5,0.5,0.44,1.0,1.0
180.0,0.5,0.5,0.45,1.0,1.0
180.0,0.5,0.5,0.46,1.0,1.0
180.0,0.5,0.5,0.47000000000000003,1.0,1.0
180.0,0.5,0.5,0.48,1.0,1.0
180.0,0.5,0.5,0.49,1.0,1.0
180.0,0.5,0.5,0.5,1.0,1.0
185.0,0.5,0.5,0.0,0.37,0.37
185.0,0.5,0.5,0.01,0.97,0.97
185.0,0.5,0.5,0.02,1.0,1.0
185.0,0.5,0.5,0.03,1.0,1.0
185.0,0.5,0.5,0.04,1.0,1.0
185.0,0.5,0.5,0.05,1.0,1.0
185.0,0.5,0.5,0.06,1.0,1.0
185.0,0.5,0.5,0.07,1.0,1.0
185.0,0.5,0.5,0.08,1.0,1.0
185.0,0.5,0.5,0.09,1.0,1.0
185.0,0.5,0.5,0.1,1.0,1.0
185.0,0.5,0.5,0.11,1.0,1.0
185.0,0.5,0.5,0.12,1.0,1.0
185.0,0.5,0.5,0.13,1.0,1.0
185.0,0.5,0.5,0.14,1.0,1.0
185.0,0.5,0.5,0.15,1.0,1.0
185.0,0.5,0.5,0.16,1.0,1.0
185.0,0.5,0.5,0.17,1.0,1.0
185.0,0.5,0.5,0.18,1.0,1.0
185.0,0.5,0.5,0.19,1.0,1.0
185.0,0.5,0.5,0.2,1.0,1.0
185.0,0.5,0.5,0.21,1.0,1.0
185.0,0.5,0.5,0.22,1.0,1.0
185.0,0.5,0.5,0.23,1.0,1.0
185.0,0.5,0.5,0.24,1.0,1.0
185.0,0.5,0.5,0.25,1.0,1.0
185.0,0.5,0.5,0.26,1.0,1.0
185.0,0.5,0.5,0.27,1.0,1.0
185.0,0.5,0.5,0.28,1.0,1.0
185.0,0.5,0.5,0.29,1.0,1.0
185.0,0.5,0.5,0.3,1.0,1.0
185.0,0.5,0.5,0.31,1.0,1.0
185.0,0.5,0.5,0.32,1.0,1.0
185.0,0.5,0.5,0.33,1.0,1.0
185.0,0.5,0.5,0.34,1.0,1.0
185.0,0.5,0.5,0.35000000000000003,1.0,1.0
185.0,0.5,0.5,0.36,1.0,1.0
185.0,0.5,0.5,0.37,1.0,1.0
185.0,0.5,0.5,0.38,1.0,1.0
185.0,0.5,0.5,0.39,1.0,1.0
185.0,0.5,0.5,0.4,1.0,1.0
185.0,0.5,0.5,0.41000000000000003,1.0,1.0
185.0,0.5,0.5,0.42,1.0,1.0
185.0,0.5,0.5,0.43,1.0,1.0
185.0,0.5,0.5,0.44,1.0,1.0
185.0,0.5,0.5,0.45,1.0,1.0
185.0,0.5,0.5,0.46,1.0,1.0
185.0,0.5,0.5,0.47000000000000003,1.0,1.0
185.0,0.5,0.5,0.48,1.0,1.0
185.0,0.5,0.5,0.49,1.0,1.0
185.0,0.5,0.5,0.5,1.0,1.0
190.0,0.5,0.5,0.0,0.39,0.39
190.0,0.5,0.5,0.01,0.98,0.98
190.0,0.5,0.5,0.02,1.0,1.0
190.0,0.5,0.5,0.03,1.0,1.0
190.0,0.5,0.5,0.04,1.0,1.0
190.0,0.5,0.5,0.05,1.0,1.0
190.0,0.5,0.5,0.06,1.0,1.0
190.0,0.5,0.5,0.07,1.0,1.0
190.0,0.5,0.5,0.08,1.0,1.0
190.0,0.5,0.5,0.09,1.0,1.0
190.0,0.5,0.5,0.1,1.0,1.0
190.0,0.5,0.5,0.11,1.0,1.0
190.0,0.5,0.5,0.12,1.0,1.0
190.0,0.5,0.5,0.13,1.0,1.0
190.0,0.5,0.5,0.14,1.0,1.0
190.0,0.5,0.5,0.15,1.0,1.0
190.0,0.5,0.5,0.16,1.0,1.0
190.0,0.5,0.5,0.17,1.0,1.0
190.0,0.5,0.5,0.18,1.0,1.0
190.0,0.5,0.5,0.19,1.0,1.0
190.0,0.5,0.5,0.2,1.0,1.0
190.0,0.5,0.5,0.21,1.0,1.0
190.0,0.5,0.5,0.22,1.0,1.0
190.0,0.5,0.5,0.23,1.0,1.0
190.0,0.5,0.5,0.24,1.0,1.0
190.0,0.5,0.5,0.25,1.0,1.0
190.0,0.5,0.5,0.26,1.0,1.0
190.0,0.5,0.5,0.27,1.0,1.0
190.0,0.5,0.5,0.28,1.0,1.0
190.0,0.5,0.5,0.29,1.0,1.0
190.0,0.5,0.5,0.3,1.0,1.0
190.0,0.5,0.5,0.31,1.0,1.0
190.0,0.5,0.5,0.32,1.0,1.0
190.0,0.5,0.5,0.33,1.0,1.0
190.0,0.5,0.5,0.34,1.0,1.0
190.0,0.5,0.5,0.35000000000000003,1.0,1.0
190.0,0.5,0.5,0.36,1.0,1.0
190.0,0.5,0.5,0.37,1.0,1.0
190.0,0.5,0.5,0.38,1.0,1.0
190.0,0.5,0.5,0.39,1.0,1.0
190.0,0.5,0.5,0.4,1.0,1.0
190.0,0.5,0.5,0.41000000000000003,1.0,1.0
190.0,0.5,0.5,0.42,1.0,1.0
190.0,0.5,0.5,0.43,1.0,1.0
190.0,0.5,0.5,0.44,1.0,1.0
190.0,0.5,0.5,0.45,1.0,1.0
190.0,0.5,0.5,0.46,1.0,1.0
190.0,0.5,0.5,0.47000000000000003,1.0,1.0
190.0,0.5,0.5,0.48,1.0,1.0
190.0,0.5,0.5,0.49,1.0,1.0
190.0,0.5,0.5,0.5,1.0,1.0
195.0,0.5,0.5,0.0,0.37,0.37
195.0,0.5,0.5,0.01,0.97,0.97
195.0,0.5,0.5,0.02,1.0,1.0
195.0,0.5,0.5,0.03,1.0,1.0
195.0,0.5,0.5,0.04,1.0,1.0
195.0,0.5,0.5,0.05,1.0,1.0
195.0,0.5,0.5,0.06,1.0,1.0
195.0,0.5,0.5,0.07,1.0,1.0
195.0,0.5,0.5,0.08,1.0,1.0
195.0,0.5,0.5,0.09,1.0,1.0
195.0,0.5,0.5,0.1,1.0,1.0
195.0,0.5,0.5,0.11,1.0,1.0
195.0,0.5,0.5,0.12,1.0,1.0
195.0,0.5,0.5,0.13,1.0,1.0
195.0,0.5,0.5,0.14,1.0,1.0
195.0,0.5,0.5,0.15,1.0,1.0
195.0,0.5,0.5,0.16,1.0,1.0
195.0,0.5,0.5,0.17,1.0,1.0
195.0,0.5,0.5,0.18,1.0,1.0
195.0,0.5,0.5,0.19,1.0,1.0
195.0,0.5,0.5,0.2,1.0,1.0
195.0,0.5,0.5,0.21,1.0,1.0
195.0,0.5,0.5,0.22,1.0,1.0
195.0,0.5,0.5,0.23,1.0,1.0
195.0,0.5,0.5,0.24,1.0,1.0
195.0,0.5,0.5,0.25,1.0,1.0
195.0,0.5,0.5,0.26,1.0,1.0
195.0,0.5,0.5,0.27,1.0,1.0
195.0,0.5,0.5,0.28,1.0,1.0
195.0,0.5,0.5,0.29,1.0,1.0
195.0,0.5,0.5,0.3,1.0,1.0
195.0,0.5,0.5,0.31,1.0,1.0
195.0,0.5,0.5,0.32,1.0,1.0
195.0,0.5,0.5,0.33,1.0,1.0
195.0,0.5,0.5,0.34,1.0,1.0
195.0,0.5,0.5,0.35000000000000003,1.0,1.0
195.0,0.5,0.5,0.36,1.0,1.0
195.0,0.5,0.5,0.37,1.0,1.0
195.0,0.5,0.5,0.38,1.0,1.0
195.0,0.5,0.5,0.39,1.0,1.0
195.0,0.5,0.5,0.4,1.0,1.0
195.0,0.5,0.5,0.41000000000000003,1.0,1.0
195.0,0.5,0.5,0.42,1.0,1.0
195.0,0.5,0.5,0.43,1.0,1.0
195.0,0.5,0.5,0.44,1.0,1.0
195.0,0.5,0.5,0.45,1.0,1.0
195.0,0.5,0.5,0.46,1.0,1.0
195.0,0.5,0.5,0.47000000000000003,1.0,1.0
195.0,0.5,0.5,0.48,1.0,1.0
195.0,0.5,0.5,0.49,1.0,1.0
195.0,0.5,0.5,0.5,1.0,1.0
200.0,0.5,0.5,0.0,0.35,0.35
200.0,0.5,0.5,0.01,1.0,1.0
200.0,0.5,0.5,0.02,1.0,1.0
200.0,0.5,0.5,0.03,1.0,1.0
200.0,0.5,0.5,0.04,1.0,1.0
200.0,0.5,0.5,0.05,1.0,1.0
200.0,0.5,0.5,0.06,1.0,1.0
200.0,0.5,0.5,0.07,1.0,1.0
200.0,0.5,0.5,0.08,1.0,1.0
200.0,0.5,0.5,0.09,1.0,1.0
200.0,0.5,0.5,0.1,1.0,1.0
200.0,0.5,0.5,0.11,1.0,1.0
200.0,0.5,0.5,0.12,1.0,1.0
200.0,0.5,0.5,0.13,1.0,1.0
200.0,0.5,0.5,0.14,1.0,1.0
200.0,0.5,0.5,0.15,1.0,1.0
200.0,0.5,0.5,0.16,1.0,1.0
200.0,0.5,0.5,0.17,1.0,1.0
200.0,0.5,0.5,0.18,1.0,1.0
200.0,0.5,0.5,0.19,1.0,1.0
200.0,0.5,0.5,0.2,1.0,1.0
200.0,0.5,0.5,0.21,1.0,1.0
200.0,0.5,0.5,0.22,1.0,1.0
200.0,0.5,0.5,0.23,1.0,1.0
200.0,0.5,0.5,0.24,1.0,1.0
200.0,0.5,0.5,0.25,1.0,1.0
200.0,0.5,0.5,0.26,1.0,1.0
200.0,0.5,0.5,0.27,1.0,1.0
200.0,0.5,0.5,0.28,1.0,1.0
200.0,0.5,0.5,0.29,1.0,1.0
200.0,0.5,0.5,0.3,1.0,1.0
200.0,0.5,0.5,0.31,1.0,1.0
200.0,0.5,0.5,0.32,1.0,1.0
200.0,0.5,0.5,0.33,1.0,1.0
200.0,0.5,0.5,0.34,1.0,1.0
200.0,0.5,0.5,0.35000000000000003,1.0,1.0
200.0,0.5,0.5,0.36,1.0,1.0
200.0,0.5,0.5,0.37,1.0,1.0
200.0,0.5,0.5,0.38,1.0,1.0
200.0,0.5,0.5,0.39,1.0,1.0
200.0,0.5,0.5,0.4,1.0,1.0
200.0,0.5,0.5,0.41000000000000003,1.0,1.0
200.0,0.5,0.5,0.42,1.0,1.0
200.0,0.5,0.5,0.43,1.0,1.0
200.0,0.5,0.5,0.44,1.0,1.0
200.0,0.5,0.5,0.45,1.0,1.0
200.0,0.5,0.5,0.46,1.0,1.0
200.0,0.5,0.5,0.47000000000000003,1.0,1.0
200.0,0.5,0.5,0.48,1.0,1.0
200.0,0.5,0.5,0.49,1.0,1.0
200.0,0.5,0.5,0.5,1.0,1.0
205.0,0.5,0.5,0.0,0.31,0.31
205.0,0.5,0.5,0.01,0.96,0.96
205.0,0.5,0.5,0.02,1.0,1.0
205.0,0.5,0.5,0.03,1.0,1.0
205.0,0.5,0.5,0.04,1.0,1.0
205.0,0.5,0.5,0.05,1.0,1.0
205.0,0.5,0.5,0.06,1.0,1.0
205.0,0.5,0.5,0.07,1.0,1.0
205.0,0.5,0.5,0.08,1.0,1.0
205.0,0.5,0.5,0.09,1.0,1.0
205.0,0.5,0.5,0.1,1.0,1.0
205.0,0.5,0.5,0.11,1.0,1.0
205.0,0.5,0.5,0.12,1.0,1.0
205.0,0.5,0.5,0.13,1.0,1.0
205.0,0.5,0.5,0.14,1.0,1.0
205.0,0.5,0.5,0.15,1.0,1.0
205.0,0.5,0.5,0.16,1.0,1.0
205.0,0.5,0.5,0.17,1.0,1.0
205.0,0.5,0.5,0.18,1.0,1.0
205.0,0.5,0.5,0.19,1.0,1.0
205.0,0.5,0.5,0.2,1.0,1.0
205.0,0.5,0.5,0.21,1.0,1.0
205.0,0.5,0.5,0.22,1.0,1.0
205.0,0.5,0.5,0.23,1.0,1.0
205.0,0.5,0.5,0.24,1.0,1.0
205.0,0.5,0.5,0.25,1.0,1.0
205.0,0.5,0.5,0.26,1.0,1.0
205.0,0.5,0.5,0.27,1.0,1.0
205.0,0.5,0.5,0.28,1.0,1.0
205.0,0.5,0.5,0.29,1.0,1.0
205.0,0.5,0.5,0.3,1.0,1.0
205.0,0.5,0.5,0.31,1.0,1.0
205.0,0.5,0.5,0.32,1.0,1.0
205.0,0.5,0.5,0.33,1.0,1.0
205.0,0.5,0.5,0.34,1.0,1.0
205.0,0.5,0.5,0.35000000000000003,1.0,1.0
205.0,0.5,0.5,0.36,1.0,1.0
205.0,0.5,0.5,0.37,1.0,1.0
205.0,0.5,0.5,0.38,1.0,1.0
205.0,0.5,0.5,0.39,1.0,1.0
205.0,0.5,0.5,0.4,1.0,1.0
205.0,0.5,0.5,0.41000000000000003,1.0,1.0
205.0,0.5,0.5,0.42,1.0,1.0
205.0,0.5,0.5,0.43,1.0,1.0
205.0,0.5,0.5,0.44,1.0,1.0
205.0,0.5,0.5,0.45,1.0,1.0
205.0,0.5,0.5,0.46,1.0,1.0
205.0,0.5,0.5,0.47000000000000003,1.0,1.0
205.0,0.5,0.5,0.48,1.0,1.0
205.0,0.5,0.5,0.49,1.0,1.0
205.0,0.5,0.5,0.5,1.0,1.0
210.0,0.5,0.5,0.0,0.31,0.31
210.0,0.5,0.5,0.01,0.97,0.97
210.0,0.5,0.5,0.02,1.0,1.0
210.0,0.5,0.5,0.03,1.0,1.0
210.0,0.5,0.5,0.04,1.0,1.0
210.0,0.5,0.5,0.05,1.0,1.0
210.0,0.5,0.5,0.06,1.0,1.0
210.0,0.5,0.5,0.07,1.0,1.0
210.0,0.5,0.5,0.08,1.0,1.0
210.0,0.5,0.5,0.09,1.0,1.0
210.0,0.5,0.5,0.1,1.0,1.0
210.0,0.5,0.5,0.11,1.0,1.0
210.0,0.5,0.5,0.12,1.0,1.0
210.0,0.5,0.5,0.13,1.0,1.0
210.0,0.5,0.5,0.14,1.0,1.0
210.0,0.5,0.5,0.15,1.0,1.0
210.0,0.5,0.5,0.16,1.0,1.0
210.0,0.5,0.5,0.17,1.0,1.0
210.0,0.5,0.5,0.18,1.0,1.0
210.0,0.5,0.5,0.19,1.0,1.0
210.0,0.5,0.5,0.2,1.0,1.0
210.0,0.5,0.5,0.21,1.0,1.0
210.0,0.5,0.5,0.22,1.0,1.0
210.0,0.5,0.5,0.23,1.0,1.0
210.0,0.5,0.5,0.24,1.0,1.0
210.0,0.5,0.5,0.25,1.0,1.0
210.0,0.5,0.5,0.26,1.0,1.0
210.0,0.5,0.5,0.27,1.0,1.0
210.0,0.5,0.5,0.28,1.0,1.0
210.0,0.5,0.5,0.29,1.0,1.0
210.0,0.5,0.5,0.3,1.0,1.0
210.0,0.5,0.5,0.31,1.0,1.0
210.0,0.5,0.5,0.32,1.0,1.0
210.0,0.5,0.5,0.33,1.0,1.0
210.0,0.5,0.5,0.34,1.0,1.0
210.0,0.5,0.5,0.35000000000000003,1.0,1.0
210.0,0.5,0.5,0.36,1.0,1.0
210.0,0.5,0.5,0.37,1.0,1.0
210.0,0.5,0.5,0.38,1.0,1.0
210.0,0.5,0.5,0.39,1.0,1.0
210.0,0.5,0.5,0.4,1.0,1.0
210.0,0.5,0.5,0.41000000000000003,1.0,1.0
210.0,0.5,0.5,0.42,1.0,1.0
210.0,0.5,0.5,0.43,1.0,1.0
210.0,0.5,0.5,0.44,1.0,1.0
210.0,0.5,0.5,0.45,1.0,1.0
210.0,0.5,0.5,0.46,1.0,1.0
210.0,0.5,0.5,0.47000000000000003,1.0,1.0
210.0,0.5,0.5,0.48,1.0,1.0
210.0,0.5,0.5,0.49,1.0,1.0
210.0,0.5,0.5,0.5,1.0,1.0
215.0,0.5,0.5,0.0,0.34,0.34
215.0,0.5,0.5,0.01,0.99,0.99
215.0,0.5,0.5,0.02,1.0,1.0
215.0,0.5,0.5,0.03,1.0,1.0
215.0,0.5,0.5,0.04,1.0,1.0
215.0,0.5,0.5,0.05,1.0,1.0
215.0,0.5,0.5,0.06,1.0,1.0
215.0,0.5,0.5,0.07,1.0,1.0
215.0,0.5,0.5,0.08,1.0,1.0
215.0,0.5,0.5,0.09,1.0,1.0
215.0,0.5,0.5,0.1,1.0,1.0
215.0,0.5,0.5,0.11,1.0,1.0
215.0,0.5,0.5,0.12,1.0,1.0
215.0,0.5,0.5,0.13,1.0,1.0
215.0,0.5,0.5,0.14,1.0,1.0
215.0,0.5,0.5,0.15,1.0,1.0
215.0,0.5,0.5,0.16,1.0,1.0
215.0,0.5,0.5,0.17,1.0,1.0
215.0,0.5,0.5,0.18,1.0,1.0
215.0,0.5,0.5,0.19,1.0,1.0
215.0,0.5,0.5,0.2,1.0,1.0
215.0,0.5,0.5,0.21,1.0,1.0
215.0,0.5,0.5,0.22,1.0,1.0
215.0,0.5,0.5,0.23,1.0,1.0
215.0,0.5,0.5,0.24,1.0,1.0
215.0,0.5,0.5,0.25,1.0,1.0
215.0,0.5,0.5,0.26,1.0,1.0
215.0,0.5,0.5,0.27,1.0,1.0
215.0,0.5,0.5,0.28,1.0,1.0
215.0,0.5,0.5,0.29,1.0,1.0
215.0,0.5,0.5,0.3,1.0,1.0
215.0,0.5,0.5,0.31,1.0,1.0
215.0,0.5,0.5,0.32,1.0,1.0
215.0,0.5,0.5,0.33,1.0,1.0
215.0,0.5,0.5,0.34,1.0,1.0
215.0,0.5,0.5,0.35000000000000003,1.0,1.0
215.0,0.5,0.5,0.36,1.0,1.0
215.0,0.5,0.5,0.37,1.0,1.0
215.0,0.5,0.5,0.38,1.0,1.0
215.0,0.5,0.5,0.39,1.0,1.0
215.0,0.5,0.5,0.4,1.0,1.0
215.0,0.5,0.5,0.41000000000000003,1.0,1.0
215.0,0.5,0.5,0.42,1.0,1.0
215.0,0.5,0.5,0.43,1.0,1.0
215.0,0.5,0.5,0.44,1.0,1.0
215.0,0.5,0.5,0.45,1.0,1.0
215.0,0.5,0.5,0.46,1.0,1.0
215.0,0.5,0.5,0.47000000000000003,1.0,1.0
215.0,0.5,0.5,0.48,1.0,1.0
215.0,0.5,0.5,0.49,1.0,1.0
215.0,0.5,0.5,0.5,1.0,1.0
220.0,0.5,0.5,0.0,0.27,0.27
220.0,0.5,0.5,0.01,0.97,0.97
220.0,0.5,0.5,0.02,1.0,1.0
220.0,0.5,0.5,0.03,1.0,1.0
220.0,0.5,0.5,0.04,1.0,1.0
220.0,0.5,0.5,0.05,1.0,1.0
220.0,0.5,0.5,0.06,1.0,1.0
220.0,0.5,0.5,0.07,1.0,1.0
220.0,0.5,0.5,0.08,1.0,1.0
220.0,0.5,0.5,0.09,1.0,1.0
220.0,0.5,0.5,0.1,1.0,1.0
220.0,0.5,0.5,0.11,1.0,1.0
220.0,0.5,0.5,0.12,1.0,1.0
220.0,0.5,0.5,0.13,1.0,1.0
220.0,0.5,0.5,0.14,1.0,1.0
220.0,0.5,0.5,0.15,1.0,1.0
220.0,0.5,0.5,0.16,1.0,1.0
220.0,0.5,0.5,0.17,1.0,1.0
220.0,0.5,0.5,0.18,1.0,1.0
220.0,0.5,0.5,0.19,1.0,1.0
220.0,0.5,0.5,0.2,1.0,1.0
220.0,0.5,0.5,0.21,1.0,1.0
220.0,0.5,0.5,0.22,1.0,1.0
220.0,0.5,0.5,0.23,1.0,1.0
220.0,0.5,0.5,0.24,1.0,1.0
220.0,0.5,0.5,0.25,1.0,1.0
220.0,0.5,0.5,0.26,1.0,1.0
220.0,0.5,0.5,0.27,1.0,1.0
220.0,0.5,0.5,0.28,1.0,1.0
220.0,0.5,0.5,0.29,1.0,1.0
220.0,0.5,0.5,0.3,1.0,1.0
220.0,0.5,0.5,0.31,1.0,1.0
220.0,0.5,0.5,0.32,1.0,1.0
220.0,0.5,0.5,0.33,1.0,1.0
220.0,0.5,0.5,0.34,1.0,1.0
220.0,0.5,0.5,0.35000000000000003,1.0,1.0
220.0,0.5,0.5,0.36,1.0,1.0
220.0,0.5,0.5,0.37,1.0,1.0
220.0,0.5,0.5,0.38,1.0,1.0
220.0,0.5,0.5,0.39,1.0,1.0
220.0,0.5,0.5,0.4,1.0,1.0
220.0,0.5,0.5,0.41000000000000003,1.0,1.0
220.0,0.5,0.5,0.42,1.0,1.0
220.0,0.5,0.5,0.43,1.0,1.0
220.0,0.5,0.5,0.44,1.0,1.0
220.0,0.5,0.5,0.45,1.0,1.0
220.0,0.5,0.5,0.46,1.0,1.0
220.0,0.5,0.5,0.47000000000000003,1.0,1.0
220.0,0.5,0.5,0.48,1.0,1.0
220.0,0.5,0.5,0.49,1.0,1.0
220.0,0.5,0.5,0.5,1.0,1.0
225.0,0.5,0.5,0.0,0.29,0.29
225.0,0.5,0.5,0.01,1.0,1.0
225.0,0.5,0.5,0.02,1.0,1.0
225.0,0.5,0.5,0.03,1.0,1.0
225.0,0.5,0.5,0.04,1.0,1.0
225.0,0.5,0.5,0.05,1.0,1.0
225.0,0.5,0.5,0.06,1.0,1.0
225.0,0.5,0.5,0.07,1.0,1.0
225.0,0.5,0.5,0.08,1.0,1.0
225.0,0.5,0.5,0.09,1.0,1.0
225.0,0.5,0.5,0.1,1.0,1.0
225.0,0.5,0.5,0.11,1.0,1.0
225.0,0.5,0.5,0.12,1.0,1.0
225.0,0.5,0.5,0.13,1.0,1.0
225.0,0.5,0.5,0.14,1.0,1.0
225.0,0.5,0.5,0.15,1.0,1.0
225.0,0.5,0.5,0.16,1.0,1.0
225.0,0.5,0.5,0.17,1.0,1.0
225.0,0.5,0.5,0.18,1.0,1.0
225.0,0.5,0.5,0.19,1.0,1.0
225.0,0.5,0.5,0.2,1.0,1.0
225.0,0.5,0.5,0.21,1.0,1.0
225.0,0.5,0.5,0.22,1.0,1.0
225.0,0.5,0.5,0.23,1.0,1.0
225.0,0.5,0.5,0.24,1.0,1.0
225.0,0.5,0.5,0.25,1.0,1.0
225.0,0.5,0.5,0.26,1.0,1.0
225.0,0.5,0.5,0.27,1.0,1.0
225.0,0.5,0.5,0.28,1.0,1.0
225.0,0.5,0.5,0.29,1.0,1.0
225.0,0.5,0.5,0.3,1.0,1.0
225.0,0.5,0.5,0.31,1.0,1.0
225.0,0.5,0.5,0.32,1.0,1.0
225.0,0.5,0.5,0.33,1.0,1.0
225.0,0.5,0.5,0.34,1.0,1.0
225.0,0.5,0.5,0.35000000000000003,1.0,1.0
225.0,0.5,0.5,0.36,1.0,1.0
225.0,0.5,0.5,0.37,1.0,1.0
225.0,0.5,0.5,0.38,1.0,1.0
225.0,0.5,0.5,0.39,1.0,1.0
225.0,0.5,0.5,0.4,1.0,1.0
225.0,0.5,0.5,0.41000000000000003,1.0,1.0
225.0,0.5,0.5,0.42,1.0,1.0
225.0,0.5,0.5,0.43,1.0,1.0
225.0,0.5,0.5,0.44,1.0,1.0
225.0,0.5,0.5,0.45,1.0,1.0
225.0,0.5,0.5,0.46,1.0,1.0
225.0,0.5,0.5,0.47000000000000003,1.0,1.0
225.0,0.5,0.5,0.48,1.0,1.0
225.0,0.5,0.5,0.49,1.0,1.0
225.0,0.5,0.5,0.5,1.0,1.0
230.0,0.5,0.5,0.0,0.29,0.29
230.0,0.5,0.5,0.01,0.98,0.98
230.0,0.5,0.5,0.02,1.0,1.0
230.0,0.5,0.5,0.03,1.0,1.0
230.0,0.5,0.5,0.04,1.0,1.0
230.0,0.5,0.5,0.05,1.0,1.0
230.0,0.5,0.5,0.06,1.0,1.0
230.0,0.5,0.5,0.07,1.0,1.0
230.0,0.5,0.5,0.08,1.0,1.0
230.0,0.5,0.5,0.09,1.0,1.0
230.0,0.5,0.5,0.1,1.0,1.0
230.0,0.5,0.5,0.11,1.0,1.0
230.0,0.5,0.5,0.12,1.0,1.0
230.0,0.5,0.5,0.13,1.0,1.0
230.0,0.5,0.5,0.14,1.0,1.0
230.0,0.5,0.5,0.15,1.0,1.0
230.0,0.5,0.5,0.16,1.0,1.0
230.0,0.5,0.5,0.17,1.0,1.0
230.0,0.5,0.5,0.18,1.0,1.0
230.0,0.5,0.5,0.19,1.0,1.0
230.0,0.5,0.5,0.2,1.0,1.0
230.0,0.5,0.5,0.21,1.0,1.0
230.0,0.5,0.5,0.22,1.0,1.0
230.0,0.5,0.5,0.23,1.0,1.0
230.0,0.5,0.5,0.24,1.0,1.0
230.0,0.5,0.5,0.25,1.0,1.0
230.0,0.5,0.5,0.26,1.0,1.0
230.0,0.5,0.5,0.27,1.0,1.0
230.0,0.5,0.5,0.28,1.0,1.0
230.0,0.5,0.5,0.29,1.0,1.0
230.0,0.5,0.5,0.3,1.0,1.0
230.0,0.5,0.5,0.31,1.0,1.0
230.0,0.5,0.5,0.32,1.0,1.0
230.0,0.5,0.5,0.33,1.0,1.0
230.0,0.5,0.5,0.34,1.0,1.0
230.0,0.5,0.5,0.35000000000000003,1.0,1.0
230.0,0.5,0.5,0.36,1.0,1.0
230.0,0.5,0.5,0.37,1.0,1.0
230.0,0.5,0.5,0.38,1.0,1.0
230.0,0.5,0.5,0.39,1.0,1.0
230.0,0.5,0.5,0.4,1.0,1.0
230.0,0.5,0.5,0.41000000000000003,1.0,1.0
230.0,0.5,0.5,0.42,1.0,1.0
230.0,0.5,0.5,0.43,1.0,1.0
230.0,0.5,0.5,0.44,1.0,1.0
230.0,0.5,0.5,0.45,1.0,1.0
230.0,0.5,0.5,0.46,1.0,1.0
230.0,0.5,0.5,0.47000000000000003,1.0,1.0
230.0,0.5,0.5,0.48,1.0,1.0
230.0,0.5,0.5,0.49,1.0,1.0
230.0,0.5,0.5,0.5,1.0,1.0
235.0,0.5,0.5,0.0,0.35,0.35
235.0,0.5,0.5,0.01,1.0,1.0
235.0,0.5,0.5,0.02,1.0,1.0
235.0,0.5,0.5,0.03,1.0,1.0
235.0,0.5,0.5,0.04,1.0,1.0
235.0,0.5,0.5,0.05,1.0,1.0
235.0,0.5,0.5,0.06,1.0,1.0
235.0,0.5,0.5,0.07,1.0,1.0
235.0,0.5,0.5,0.08,1.0,1.0
235.0,0.5,0.5,0.09,1.0,1.0
235.0,0.5,0.5,0.1,1.0,1.0
235.0,0.5,0.5,0.11,1.0,1.0
235.0,0.5,0.5,0.12,1.0,1.0
235.0,0.5,0.5,0.13,1.0,1.0
235.0,0.5,0.5,0.14,1.0,1.0
235.0,0.5,0.5,0.15,1.0,1.0
235.0,0.5,0.5,0.16,1.0,1.0
235.0,0.5,0.5,0.17,1.0,1.0
235.0,0.5,0.5,0.18,1.0,1.0
235.0,0.5,0.5,0.19,1.0,1.0
235.0,0.5,0.5,0.2,1.0,1.0
235.0,0.5,0.5,0.21,1.0,1.0
235.0,0.5,0.5,0.22,1.0,1.0
235.0,0.5,0.5,0.23,1.0,1.0
235.0,0.5,0.5,0.24,1.0,1.0
235.0,0.5,0.5,0.25,1.0,1.0
235.0,0.5,0.5,0.26,1.0,1.0
235.0,0.5,0.5,0.27,1.0,1.0
235.0,0.5,0.5,0.28,1.0,1.0
235.0,0.5,0.5,0.29,1.0,1.0
235.0,0.5,0.5,0.3,1.0,1.0
235.0,0.5,0.5,0.31,1.0,1.0
235.0,0.5,0.5,0.32,1.0,1.0
235.0,0.5,0.5,0.33,1.0,1.0
235.0,0.5,0.5,0.34,1.0,1.0
235.0,0.5,0.5,0.35000000000000003,1.0,1.0
235.0,0.5,0.5,0.36,1.0,1.0
235.0,0.5,0.5,0.37,1.0,1.0
235.0,0.5,0.5,0.38,1.0,1.0
235.0,0.5,0.5,0.39,1.0,1.0
235.0,0.5,0.5,0.4,1.0,1.0
235.0,0.5,0.5,0.41000000000000003,1.0,1.0
235.0,0.5,0.5,0.42,1.0,1.0
235.0,0.5,0.5,0.43,1.0,1.0
235.0,0.5,0.5,0.44,1.0,1.0
235.0,0.5,0.5,0.45,1.0,1.0
235.0,0.5,0.5,0.46,1.0,1.0
235.0,0.5,0.5,0.47000000000000003,1.0,1.0
235.0,0.5,0.5,0.48,1.0,1.0
235.0,0.5,0.5,0.49,1.0,1.0
235.0,0.5,0.5,0.5,1.0,1.0
240.0,0.5,0.5,0.0,0.31,0.31
240.0,0.5,0.5,0.01,0.98,0.98
240.0,0.5,0.5,0.02,1.0,1.0
240.0,0.5,0.5,0.03,1.0,1.0
240.0,0.5,0.5,0.04,1.0,1.0
240.0,0.5,0.5,0.05,1.0,1.0
240.0,0.5,0.5,0.06,1.0,1.0
240.0,0.5,0.5,0.07,1.0,1.0
240.0,0.5,0.5,0.08,1.0,1.0
240.0,0.5,0.5,0.09,1.0,1.0
240.0,0.5,0.5,0.1,1.0,1.0
240.0,0.5,0.5,0.11,1.0,1.0
240.0,0.5,0.5,0.12,1.0,1.0
240.0,0.5,0.5,0.13,1.0,1.0
240.0,0.5,0.5,0.14,1.0,1.0
240.0,0.5,0.5,0.15,1.0,1.0
240.0,0.5,0.5,0.16,1.0,1.0
240.0,0.5,0.5,0.17,1.0,1.0
240.0,0.5,0.5,0.18,1.0,1.0
240.0,0.5,0.5,0.19,1.0,1.0
240.0,0.5,0.5,0.2,1.0,1.0
240.0,0.5,0.5,0.21,1.0,1.0
240.0,0.5,0.5,0.22,1.0,1.0
240.0,0.5,0.5,0.23,1.0,1.0
240.0,0.5,0.5,0.24,1.0,1.0
240.0,0.5,0.5,0.25,1.0,1.0
240.0,0.5,0.5,0.26,1.0,1.0
240.0,0.5,0.5,0.27,1.0,1.0
240.0,0.5,0.5,0.28,1.0,1.0
240.0,0.5,0.5,0.29,1.0,1.0
240.0,0.5,0.5,0.3,1.0,1.0
240.0,0.5,0.5,0.31,1.0,1.0
240.0,0.5,0.5,0.32,1.0,1.0
240.0,0.5,0.5,0.33,1.0,1.0
240.0,0.5,0.5,0.34,1.0,1.0
240.0,0.5,0.5,0.35000000000000003,1.0,1.0
240.0,0.5,0.5,0.36,1.0,1.0
240.0,0.5,0.5,0.37,1.0,1.0
240.0,0.5,0.5,0.38,1.0,1.0
240.0,0.5,0.5,0.39,1.0,1.0
240.0,0.5,0.5,0.4,1.0,1.0
240.0,0.5,0.5,0.41000000000000003,1.0,1.0
240.0,0.5,0.5,0.42,1.0,1.0
240.0,0.5,0.5,0.43,1.0,1.0
240.0,0.5,0.5,0.44,1.0,1.0
240.0,0.5,0.5,0.45,1.0,1.0
240.0,0.5,0.5,0.46,1.0,1.0
240.0,0.5,0.5,0.47000000000000003,1.0,1.0
240.0,0.5,0.5,0.48,1.0,1.0
240.0,0.5,0.5,0.49,1.0,1.0
240.0,0.5,0.5,0.5,1.0,1.0
245.0,0.5,0.5,0.0,0.3,0.3
245.0,0.5,0.5,0.01,0.98,0.98
245.0,0.5,0.5,0.02,1.0,1.0
245.0,0.5,0.5,0.03,1.0,1.0
245.0,0.5,0.5,0.04,1.0,1.0
245.0,0.5,0.5,0.05,1.0,1.0
245.0,0.5,0.5,0.06,1.0,1.0
245.0,0.5,0.5,0.07,1.0,1.0
245.0,0.5,0.5,0.08,1.0,1.0
245.0,0.5,0.5,0.09,1.0,1.0
245.0,0.5,0.5,0.1,1.0,1.0
245.0,0.5,0.5,0.11,1.0,1.0
245.0,0.5,0.5,0.12,1.0,1.0
245.0,0.5,0.5,0.13,1.0,1.0
245.0,0.5,0.5,0.14,1.0,1.0
245.0,0.5,0.5,0.15,1.0,1.0
245.0,0.5,0.5,0.16,1.0,1.0
245.0,0.5,0.5,0.17,1.0,1.0
245.0,0.5,0.5,0.18,1.0,1.0
245.0,0.5,0.5,0.19,1.0,1.0
245.0,0.5,0.5,0.2,1.0,1.0
245.0,0.5,0.5,0.21,1.0,1.0
245.0,0.5,0.5,0.22,1.0,1.0
245.0,0.5,0.5,0.23,1.0,1.0
245.0,0.5,0.5,0.24,1.0,1.0
245.0,0.5,0.5,0.25,1.0,1.0
245.0,0.5,0.5,0.26,1.0,1.0
245.0,0.5,0.5,0.27,1.0,1.0
245.0,0.5,0.5,0.28,1.0,1.0
245.0,0.5,0.5,0.29,1.0,1.0
245.0,0.5,0.5,0.3,1.0,1.0
245.0,0.5,0.5,0.31,1.0,1.0
245.0,0.5,0.5,0.32,1.0,1.0
245.0,0.5,0.5,0.33,1.0,1.0
245.0,0.5,0.5,0.34,1.0,1.0
245.0,0.5,0.5,0.35000000000000003,1.0,1.0
245.0,0.5,0.5,0.36,1.0,1.0
245.0,0.5,0.5,0.37,1.0,1.0
245.0,0.5,0.5,0.38,1.0,1.0
245.0,0.5,0.5,0.39,1.0,1.0
245.0,0.5,0.5,0.4,1.0,1.0
245.0,0.5,0.5,0.41000000000000003,1.0,1.0
245.0,0.5,0.5,0.42,1.0,1.0
245.0,0.5,0.5,0.43,1.0,1.0
245.0,0.5,0.5,0.44,1.0,1.0
245.0,0.5,0.5,0.45,1.0,1.0
245.0,0.5,0.5,0.46,1.0,1.0
245.0,0.5,0.5,0.47000000000000003,1.0,1.0
245.0,0.5,0.5,0.48,1.0,1.0
245.0,0.5,0.5,0.49,1.0,1.0
245.0,0.5,0.5,0.5,1.0,1.0
250.0,0.5,0.5,0.0,0.28,0.28
250.0,0.5,0.5,0.01,0.98,0.98
250.0,0.5,0.5,0.02,1.0,1.0
250.0,0.5,0.5,0.03,1.0,1.0
250.0,0.5,0.5,0.04,1.0,1.0
250.0,0.5,0.5,0.05,1.0,1.0
250.0,0.5,0.5,0.06,1.0,1.0
250.0,0.5,0.5,0.07,1.0,1.0
250.0,0.5,0.5,0.08,1.0,1.0
250.0,0.5,0.5,0.09,1.0,1.0
250.0,0.5,0.5,0.1,1.0,1.0
250.0,0.5,0.5,0.11,1.0,1.0
250.0,0.5,0.5,0.12,1.0,1.0
250.0,0.5,0.5,0.13,1.0,1.0
250.0,0.5,0.5,0.14,1.0,1.0
250.0,0.5,0.5,0.15,1.0,1.0
250.0,0.5,0.5,0.16,1.0,1.0
250.0,0.5,0.5,0.17,1.0,1.0
250.0,0.5,0.5,0.18,1.0,1.0
250.0,0.5,0.5,0.19,1.0,1.0
250.0,0.5,0.5,0.2,1.0,1.0
250.0,0.5,0.5,0.21,1.0,1.0
250.0,0.5,0.5,0.22,1.0,1.0
250.0,0.5,0.5,0.23,1.0,1.0
250.0,0.5,0.5,0.24,1.0,1.0
250.0,0.5,0.5,0.25,1.0,1.0
250.0,0.5,0.5,0.26,1.0,1.0
250.0,0.5,0.5,0.27,1.0,1.0
250.0,0.5,0.5,0.28,1.0,1.0
250.0,0.5,0.5,0.29,1.0,1.0
250.0,0.5,0.5,0.3,1.0,1.0
250.0,0.5,0.5,0.31,1.0,1.0
250.0,0.5,0.5,0.32,1.0,1.0
250.0,0.5,0.5,0.33,1.0,1.0
250.0,0.5,0.5,0.34,1.0,1.0
250.0,0.5,0.5,0.35000000000000003,1.0,1.0
250.0,0.5,0.5,0.36,1.0,1.0
250.0,0.5,0.5,0.37,1.0,1.0
250.0,0.5,0.5,0.38,1.0,1.0
250.0,0.5,0.5,0.39,1.0,1.0
250.0,0.5,0.5,0.4,1.0,1.0
250.0,0.5,0.5,0.41000000000000003,1.0,1.0
250.0,0.5,0.5,0.42,1.0,1.0
250.0,0.5,0.5,0.43,1.0,1.0
250.0,0.5,0.5,0.44,1.0,1.0
250.0,0.5,0.5,0.45,1.0,1.0
250.0,0.5,0.5,0.46,1.0,1.0
250.0,0.5,0.5,0.47000000000000003,1.0,1.0
250.0,0.5,0.5,0.48,1.0,1.0
250.0,0.5,0.5,0.49,1.0,1.0
250.0,0.5,0.5,0.5,1.0,1.0
