m,p,q,delta,omni_precision_2,omni_recall_2,omni_precision_3,omni_recall_3,omni_precision_4,omni_recall_4,omni_precision_5,omni_recall_5,mase_precision_2,mase_recall_2,mase_precision_3,mase_recall_3,mase_precision_4,mase_recall_4,mase_precision_5,mase_recall_5
250.0,0.5,0.25,0.42,0.9427027027027026,1.0,0.9032351296450003,1.0,0.7110570345239179,1.0,0.7640975248536673,0.9999333333333333,0.9427027027027026,1.0,0.8728945412051816,1.0,0.7230197667493243,0.9999333333333333,0.7215847849325188,1.0
5.0,0.5,0.25,0.01,0.29638009049773756,0.0508,0.43512106196442285,0.05756666666666667,0.3553706777750913,0.0642,0.34146412850245167,0.05106666666666666,0.29638009049773756,0.0508,0.3238139347732236,0.05673333333333334,0.21432910812052774,0.029966666666666666,0.25900555507183587,0.030833333333333334
250.0,0.5,0.25,0.32,0.9444594594594594,1.0,0.923000271991487,1.0,0.7314511765027263,0.9998666666666667,0.7592454473890706,0.9998666666666667,0.9444594594594594,1.0,0.9330100530511252,1.0,0.7131213131219795,1.0,0.7463770014164759,1.0
5.0,0.5,0.25,0.11,0.9177027027027026,1.0,0.9178586267261017,0.9693000000000002,0.805961125250264,0.8528333333333338,0.8424494691295696,0.8067333333333334,0.916164241164241,0.9992,0.8839631987255875,0.9293,0.7959326028750812,0.8612666666666668,0.8063742570480997,0.769966666666667
250.0,0.5,0.25,0.22,0.9497297297297297,1.0,0.9348520431961168,1.0,0.687342203390602,0.9995333333333334,0.7509431310217315,0.9998333333333334,0.9497297297297297,1.0,0.9228592545638945,1.0,0.7414180311692449,0.9996666666666667,0.7622313702518062,0.9999000000000001
5.0,0.5,0.25,0.21,0.9159459459459458,1.0,0.9232760184932016,0.9945000000000002,0.7899009561740665,0.977566666666667,0.8045722355954148,0.9682333333333334,0.9032826177359865,0.9961666666666666,0.8395030865019247,0.9830000000000004,0.7451504156313132,0.9550000000000002,0.7486593644279904,0.9493666666666668
250.0,0.5,0.25,0.12,0.9127027027027026,1.0,0.9052481094636851,0.9999666666666667,0.7253634463443558,0.9996333333333334,0.7872194906736476,0.9999333333333333,0.9127027027027026,1.0,0.8695413732974718,0.9999666666666667,0.7383471238938435,0.9989000000000001,0.7711939453485129,0.9995333333333334
5.0,0.5,0.25,0.31,0.8754054054054052,1.0,0.878367685515807,0.9995,0.7300128032976567,0.9924000000000003,0.7848766053563861,0.9895,0.8655550819836533,0.9952000000000001,0.8458588677658535,0.9987333333333334,0.7606952047277495,0.9880333333333335,0.770643288852732,0.9912333333333335
250.0,0.5,0.25,0.02,0.9547297297297297,1.0,0.9266620411662788,0.9850999999999999,0.8076047488696864,0.9372333333333335,0.8164938909817587,0.9080666666666669,0.9547297297297297,1.0,0.9279970411516969,0.9856000000000001,0.8140770393131883,0.9437333333333341,0.7935361009291308,0.9129333333333336
5.0,0.5,0.25,0.41000000000000003,0.9312162162162161,1.0,0.9343877414669933,0.9999000000000001,0.7628853784182874,0.9922666666666669,0.7691513680359711,0.9955333333333336,0.9161784233212803,0.9995,0.8806328349683238,0.9949666666666669,0.7182084682479417,0.996866666666667,0.7383619437885818,0.9943000000000002
245.0,0.5,0.25,0.43,0.9444594594594594,1.0,0.9217347259411153,1.0,0.7240412357562807,0.9997,0.7527481958139082,0.9998666666666668,0.9444594594594594,1.0,0.9057593813736701,1.0,0.7254256256074921,1.0,0.7481609494661033,0.9999000000000001
10.0,0.5,0.25,0.0,0.3,0.03,0.47240618101545256,0.048999999999999995,0.528456052766954,0.05683333333333332,0.3178010350758285,0.0507,0.3,0.03,0.36607142857142855,0.02626666666666667,0.3930140084897012,0.035133333333333336,0.36714937779796863,0.06166666666666666
245.0,0.5,0.25,0.33,0.9336651958080529,1.0,0.9048782746527678,1.0,0.7249310521590165,1.0,0.763479879518486,1.0,0.9336651958080529,1.0,0.8951218138467902,1.0,0.7054797585848896,0.9997999999999999,0.7482808755130393,0.9999666666666667
10.0,0.5,0.25,0.1,0.9504219525648097,1.0,0.9635737075684563,0.9846000000000005,0.8296761754016483,0.9298333333333336,0.8615160508028765,0.9011666666666671,0.9504219525648097,1.0,0.9389973096677073,0.9824333333333335,0.8258758124077626,0.9247333333333336,0.8080490984958039,0.900466666666667
245.0,0.5,0.25,0.23,0.9262162162162162,1.0,0.8904540522105004,1.0,0.7233600811146053,0.9995666666666666,0.7760010484550051,0.9995666666666666,0.9262162162162162,1.0,0.8796099749431217,1.0,0.7299104586477516,0.9999000000000001,0.7313371407699049,0.9996666666666667
10.0,0.5,0.25,0.2,0.9421787093215664,1.0,0.913293915931795,0.9991666666666668,0.7431612028112837,0.9929333333333332,0.7794758423523984,0.9889000000000004,0.9421787093215664,1.0,0.8994636677981452,0.9982,0.7680707526738737,0.9852000000000003,0.7947264994903276,0.9886000000000003
245.0,0.5,0.25,0.13,0.9679729729729729,1.0,0.9475730978470367,0.9999666666666667,0.7476566339639694,0.9989666666666668,0.7829470703786292,0.9994333333333334,0.9679729729729729,1.0,0.9547673471329305,1.0,0.733242919239718,0.9993333333333332,0.7747131115705597,0.9987333333333335
10.0,0.5,0.25,0.3,0.9494594594594594,1.0,0.9672599405959568,0.9997000000000001,0.7537490699830178,0.9940333333333335,0.7823259543448667,0.9940000000000004,0.9494594594594594,1.0,0.9111475364851112,0.9997333333333335,0.7363531456230364,0.9990000000000001,0.7658303270965728,0.9940666666666668
245.0,0.5,0.25,0.03,0.9529729729729729,1.0,0.9358627176676921,0.9979333333333336,0.7835657145981737,0.9835000000000003,0.8434905156794715,0.9661666666666668,0.9529729729729729,1.0,0.9398807059668955,0.9942000000000003,0.7864402943310851,0.9808333333333337,0.7999702858715261,0.9649333333333332
10.0,0.5,0.25,0.4,0.9394594594594594,1.0,0.9273071014804968,0.9999000000000001,0.7247511552432377,0.9973333333333333,0.7588329395934639,0.9977333333333334,0.9394594594594594,1.0,0.8964762465401336,0.9999333333333333,0.7322448492200822,0.9977666666666668,0.7494391101631125,0.9989666666666668
240.0,0.5,0.25,0.44,0.9394594594594594,1.0,0.913084993431211,1.0,0.7169536416024226,1.0,0.7534305155991754,1.0,0.9394594594594594,1.0,0.8743993859090611,1.0,0.724428935898346,1.0,0.7217691435510355,1.0
10.0,0.5,0.25,0.5,0.9294594594594594,1.0,0.8882481995721127,1.0,0.7072058031756092,1.0,0.7435237667576993,0.9988666666666667,0.9294594594594594,1.0,0.8753382021011475,0.9999666666666667,0.7296700101738626,0.9982000000000002,0.7356239901574795,0.9989666666666668
240.0,0.5,0.25,0.34,0.9404219525648096,1.0,0.9014940585132446,1.0,0.6907984103546316,0.9999000000000001,0.7162152077753245,1.0,0.9404219525648096,1.0,0.8910238139568021,1.0,0.7119216593936438,1.0,0.7396872362038319,0.9999666666666667
15.0,0.5,0.25,0.09,0.9614864864864865,1.0,0.9412172061343635,0.9859000000000002,0.8202184499717873,0.9416333333333335,0.8105648549797259,0.9154000000000007,0.9614864864864865,1.0,0.9302571103627798,0.9857666666666667,0.8136020735771159,0.9373000000000004,0.825152609226202,0.9125000000000003
240.0,0.5,0.25,0.24,0.924189189189189,1.0,0.9249967335978466,1.0,0.7222846237495691,0.9998,0.7472390808113186,0.9999666666666667,0.924189189189189,1.0,0.88953235548143,1.0,0.7450409393785716,0.9994,0.7394946470763218,1.0
15.0,0.5,0.25,0.19,0.9547297297297297,1.0,0.9248308463550876,0.9993666666666665,0.7547563071930564,0.9908666666666665,0.8034342464710507,0.9909333333333332,0.9547297297297297,1.0,0.9049165117024746,0.9995333333333335,0.7443882351936187,0.9953000000000002,0.7513249205126911,0.994966666666667
240.0,0.5,0.25,0.14,0.9109459459459458,1.0,0.8997398637144692,0.9999666666666667,0.7196760412798829,0.9998333333333335,0.7577077688149464,0.9992333333333334,0.9109459459459458,1.0,0.9011743988139069,1.0,0.7605407907498316,0.9987333333333333,0.7761979344886635,0.9996333333333334
15.0,0.5,0.25,0.29,0.9362162162162161,1.0,0.9217703757938274,0.9999333333333333,0.7387757442883529,0.9976000000000002,0.7652326304833512,0.9982000000000002,0.9362162162162161,1.0,0.8966888027263509,0.9999000000000001,0.7314692411537739,0.9988333333333332,0.7707605299032056,0.9977000000000001
240.0,0.5,0.25,0.04,0.9697297297297297,1.0,0.9376081701561964,0.9982666666666669,0.7741403774274166,0.9941000000000001,0.8113932887879676,0.9843333333333333,0.9697297297297297,1.0,0.9562685024242786,0.9987666666666665,0.7640158527199442,0.9921000000000001,0.8081202458999454,0.9878333333333333
15.0,0.5,0.25,0.39,0.9747297297297297,1.0,0.9414804924027141,0.9999666666666667,0.7216653586894669,0.9993666666666666,0.809545021684667,0.9986333333333336,0.9747297297297297,1.0,0.9359786661346103,1.0,0.7339175485027432,0.9991,0.7638019883744986,0.9975666666666667
235.0,0.5,0.25,0.45,0.9714864864864865,1.0,0.9493348899225623,1.0,0.7352731188738363,1.0,0.7454396130013972,1.0,0.9714864864864865,1.0,0.9290194047456377,1.0,0.7423962634400354,0.9999000000000001,0.754965547184442,1.0
15.0,0.5,0.25,0.49,0.9394594594594594,1.0,0.9171661526893956,1.0,0.7158143673739914,0.9992333333333334,0.7898897576093971,0.9998666666666667,0.9394594594594594,1.0,0.8614951874782031,1.0,0.7137889856057663,0.9996666666666667,0.7556854379984008,0.9997333333333333
235.0,0.5,0.25,0.35000000000000003,0.9412162162162161,1.0,0.9420770509439172,1.0,0.7142075951200113,1.0,0.7746017002890825,1.0,0.9412162162162161,1.0,0.908212649461845,1.0,0.7376620448186937,0.9997999999999999,0.7739266974790288,1.0
20.0,0.5,0.25,0.08,0.9462162162162161,1.0,0.9347888786193032,0.9905666666666668,0.801525500504263,0.939833333333334,0.8076919305478953,0.9383000000000007,0.9462162162162161,1.0,0.9053571017217108,0.9920333333333334,0.781742659942013,0.9618333333333335,0.8038047661026038,0.9387000000000001
235.0,0.5,0.25,0.25,0.9344594594594594,1.0,0.9377572327964859,1.0,0.7666175745725554,0.9999666666666667,0.7910766397163708,0.9999333333333333,0.9344594594594594,1.0,0.901464644876812,1.0,0.7234052563779605,0.9993666666666668,0.7557650228642376,1.0
20.0,0.5,0.25,0.18,0.9612162162162161,1.0,0.9260472681456533,0.9994000000000001,0.7593753499166087,0.9978666666666666,0.7905934316610518,0.9954666666666673,0.9612162162162161,1.0,0.926876470624513,0.9991333333333334,0.7395847346742476,0.9950666666666669,0.7461408955000748,0.9943666666666671
235.0,0.5,0.25,0.15,0.9629729729729729,1.0,0.9443211299882804,1.0,0.7128743557636517,0.9992333333333333,0.7856283584244772,0.9995999999999999,0.9629729729729729,1.0,0.9353131647552183,1.0,0.773426800186438,0.9993666666666666,0.7739421586210637,0.9996666666666667
20.0,0.5,0.25,0.28,0.9183949255377826,1.0,0.9073196537015012,0.9999666666666667,0.7043294706501567,0.9969666666666666,0.7782280455938441,0.9998000000000001,0.9183949255377826,1.0,0.8800378625595556,0.9998666666666667,0.6893803405897547,0.9995666666666666,0.7334488245563608,0.9970000000000002
235.0,0.5,0.25,0.05,0.9177027027027026,1.0,0.9304295773947173,0.9990333333333333,0.7651523839227401,0.9910333333333335,0.792264011457747,0.9886333333333333,0.9177027027027026,1.0,0.9240471370959936,0.9983666666666667,0.7685507570145709,0.9903666666666666,0.7950038736852822,0.9909000000000002
20.0,0.5,0.25,0.38,0.909189189189189,1.0,0.9064617277204492,1.0,0.7239375012193098,0.9987333333333334,0.7296120647229601,0.9992333333333334,0.909189189189189,1.0,0.8725134340109575,1.0,0.706634138756108,0.9992666666666666,0.7628795931933537,0.9997333333333335
230.0,0.5,0.25,0.46,0.9547297297297297,1.0,0.9304811011200113,1.0,0.7416599139091038,0.9999666666666667,0.7493339442656191,0.9999333333333333,0.9547297297297297,1.0,0.9147693756937021,1.0,0.7421358337997549,1.0,0.7493120579213084,0.9997999999999999
20.0,0.5,0.25,0.48,0.9614864864864865,1.0,0.9289757131727764,1.0,0.7528885444303904,0.9987999999999999,0.772877342499486,0.9997999999999999,0.9614864864864865,1.0,0.9018284520034855,1.0,0.7148089728403534,0.9993999999999998,0.7592434237102307,0.9991
230.0,0.5,0.25,0.36,0.9521787093215665,1.0,0.9422723335745877,1.0,0.7417568527698435,1.0,0.7803722192720464,1.0,0.9521787093215665,1.0,0.8734453237029289,1.0,0.6786477387418816,0.9999333333333333,0.7716750640649337,0.9998666666666667
25.0,0.5,0.25,0.07,0.9521787093215665,1.0,0.9567845861454692,0.9890333333333335,0.8039137164762651,0.9445666666666669,0.8492915455872426,0.9386666666666672,0.9521787093215665,1.0,0.9174201396027012,0.9917333333333336,0.7750573977099612,0.9549333333333335,0.8056111064124998,0.9231000000000003
230.0,0.5,0.25,0.26,0.9454219525648097,1.0,0.9370415367017481,1.0,0.7416942869742955,0.9997666666666667,0.7674475841729569,0.9998999999999999,0.9454219525648097,1.0,0.8903005220562095,1.0,0.6978433060135721,1.0,0.7422877578608948,0.9999000000000001
25.0,0.5,0.25,0.17,0.9362162162162161,1.0,0.9399261056954843,0.9996333333333333,0.7605692308364906,0.9931,0.7877926577681842,0.9920666666666667,0.9362162162162161,1.0,0.8726901845876328,0.9997333333333333,0.7194619947930735,0.9931333333333334,0.7541355092711821,0.9947000000000001
230.0,0.5,0.25,0.16,0.9732432432432432,1.0,0.9336570007706242,1.0,0.7764985241509292,0.9991666666666665,0.7723075411949509,0.9997666666666667,0.9732432432432432,1.0,0.925831559503401,1.0,0.7456625144825704,0.9984333333333335,0.7840953179746843,0.9996333333333334
25.0,0.5,0.25,0.27,0.9764864864864865,1.0,0.9397382425139462,1.0,0.7113601794252488,0.9973333333333333,0.792485401500426,0.9991666666666668,0.9764864864864865,1.0,0.9366696649731913,0.9999666666666667,0.7223987423901925,0.9994333333333334,0.7655411301449548,0.9995666666666668
230.0,0.5,0.25,0.06,0.9462162162162161,1.0,0.949354839857149,0.9998333333333334,0.7884749127189834,0.9932,0.7858830747434178,0.9957000000000003,0.9462162162162161,1.0,0.9019453949565596,0.9998333333333334,0.7643161999623352,0.9961666666666668,0.7842534066199097,0.9948666666666667
25.0,0.5,0.25,0.37,0.9697297297297297,1.0,0.930481373039782,1.0,0.7039420317637949,0.9994666666666667,0.7759483202353006,0.9994333333333336,0.9697297297297297,1.0,0.9320156461180729,1.0,0.7522905587844686,0.9997333333333333,0.7522868724029866,0.9996333333333334
225.0,0.5,0.25,0.47000000000000003,0.9512162162162161,1.0,0.9237539012456222,1.0,0.7655071111863954,1.0,0.7890653894175368,1.0,0.9512162162162161,1.0,0.9271418532841704,1.0,0.7249673860625115,1.0,0.7535492731978229,1.0
25.0,0.5,0.25,0.47000000000000003,0.9579729729729729,1.0,0.9586115061340905,1.0,0.7494872616342403,0.9989,0.7769595576906144,0.9996333333333334,0.9579729729729729,1.0,0.9087723780847674,0.9999666666666667,0.7409227479633376,0.9994666666666666,0.7458677414959337,0.9998
225.0,0.5,0.25,0.37,0.9262162162162162,1.0,0.9067090053349482,1.0,0.7605995123952737,1.0,0.7444279539290628,0.9999666666666667,0.9262162162162162,1.0,0.8890231831516118,1.0,0.7105986782042295,0.9999333333333333,0.7687917452411116,1.0
30.0,0.5,0.25,0.06,0.9329729729729729,1.0,0.9164393511357823,0.9862666666666668,0.8114382892522785,0.9513333333333337,0.8275254635738141,0.9097,0.9329729729729729,1.0,0.9176937669079489,0.9855333333333337,0.7781436248840575,0.945866666666667,0.8150162274626328,0.915066666666667
225.0,0.5,0.25,0.27,0.9212162162162162,1.0,0.9159752750545332,1.0,0.7159033861054628,0.9996333333333334,0.7610449231280879,0.9998999999999999,0.9212162162162162,1.0,0.8854422792618876,1.0,0.7241921973014019,1.0,0.718730941334302,1.0
30.0,0.5,0.25,0.16,0.9782432432432432,1.0,0.9528370995066028,0.9995999999999999,0.7616878592557765,0.9930666666666668,0.7963514777467704,0.9937000000000001,0.9782432432432432,1.0,0.946262106729424,0.9993,0.7762146181746004,0.9944000000000003,0.7747270365929859,0.9943333333333332
225.0,0.5,0.25,0.17,0.9444594594594594,1.0,0.9455096637353502,1.0,0.7144933445124383,0.9996666666666667,0.785728820633952,1.0,0.9444594594594594,1.0,0.9227616458049258,1.0,0.7240843604537648,0.9999666666666667,0.761152165198568,0.9995
30.0,0.5,0.25,0.26,0.9401516822945394,1.0,0.922033752191021,0.9998999999999999,0.7551974324489822,0.9982333333333332,0.7848590002578191,0.9980000000000001,0.9401516822945394,1.0,0.8950196256422503,1.0,0.7104219556882069,0.9992000000000002,0.7287977933840972,0.9984000000000001
225.0,0.5,0.25,0.07,0.9294594594594594,1.0,0.9230453504094928,0.9999666666666667,0.7024926838223904,0.9970000000000002,0.7800311704257399,0.9955333333333336,0.9294594594594594,1.0,0.9233654759474497,0.9998333333333335,0.7621962844553073,0.9956333333333336,0.80767280485545,0.996366666666667
30.0,0.5,0.25,0.36,0.9309459459459458,1.0,0.9386697502228549,1.0,0.7309529239485606,0.9992,0.7835344771125915,0.9996666666666667,0.9309459459459458,1.0,0.9099014656980959,0.9999666666666667,0.7174619119709991,0.9992666666666666,0.7370988214858036,0.9988333333333334
220.0,0.5,0.25,0.48,0.9679729729729729,1.0,0.9431638364692146,1.0,0.7341781313191339,1.0,0.76645801557777,1.0,0.9679729729729729,1.0,0.9224078905202124,1.0,0.7402597454951076,1.0,0.7463043347981517,0.9998666666666668
30.0,0.5,0.25,0.46,0.9529729729729729,1.0,0.9265588589857013,1.0,0.7243402920254356,0.9991,0.7524444581749714,1.0,0.9529729729729729,1.0,0.8929550279673348,1.0,0.7345766659887419,0.9996,0.7647762017348488,0.9993333333333334
220.0,0.5,0.25,0.38,0.9412162162162161,1.0,0.9254356886573529,1.0,0.7476331818084807,1.0,0.783880804948069,0.9999666666666667,0.9412162162162161,1.0,0.9221526492913357,1.0,0.7650676137370108,0.9998,0.7707974682733163,0.9998
35.0,0.5,0.25,0.05,0.9027027027027026,1.0,0.902825835287374,0.9703000000000002,0.7769201063283354,0.9300000000000004,0.8231811765777077,0.8785000000000001,0.9027027027027026,1.0,0.8934500434937924,0.984266666666667,0.7786241257358989,0.9292666666666668,0.7955858717719774,0.8819000000000007
220.0,0.5,0.25,0.28,0.9136651958080528,1.0,0.8823672270850983,1.0,0.7112150652995772,0.9999666666666667,0.7481357129149608,1.0,0.9136651958080528,1.0,0.8621894783574697,1.0,0.6992813067261734,0.9998999999999999,0.7214483773954001,0.9999000000000001
35.0,0.5,0.25,0.15,0.9377027027027026,1.0,0.9204823008437052,0.9998,0.765072617420547,0.9972666666666667,0.7682646940166985,0.9946666666666668,0.9377027027027026,1.0,0.9253528882926865,0.9998666666666668,0.7393556767315741,0.9971000000000002,0.7986210673395199,0.9948333333333337
220.0,0.5,0.25,0.18,0.9494594594594594,1.0,0.9410141879847762,1.0,0.7397882291345479,0.9993333333333334,0.7946245007134105,0.9995666666666666,0.9494594594594594,1.0,0.9336873461618544,1.0,0.7639363462595106,0.9994666666666667,0.7744443442728283,0.9996
35.0,0.5,0.25,0.25,0.9512162162162161,1.0,0.9279785449214698,1.0,0.7180974961926196,0.9992333333333333,0.7589786694528783,0.9982666666666669,0.9512162162162161,1.0,0.9240724168539817,1.0,0.7422957317385958,0.9985333333333334,0.7572757871226057,0.9983666666666667
220.0,0.5,0.25,0.08,0.9394594594594594,1.0,0.9297332470477655,0.9998666666666667,0.7478046075293109,0.9987333333333334,0.8059231434950661,0.9973000000000001,0.9394594594594594,1.0,0.9278899083044504,0.9998333333333334,0.7580261398293564,0.9987333333333334,0.7624631791644356,0.9968000000000002
35.0,0.5,0.25,0.35000000000000003,0.9479729729729729,1.0,0.945155823155796,1.0,0.7465952378166019,0.9986,0.7412163138372125,0.9999000000000001,0.9479729729729729,1.0,0.9097557526206246,1.0,0.7261671139712383,0.9994,0.7412222916845826,0.9996
215.0,0.5,0.25,0.49,0.9497297297297297,1.0,0.952570202612259,1.0,0.7143704461372858,1.0,0.7551604027035245,1.0,0.9497297297297297,1.0,0.8942171702292561,1.0,0.7115533845375767,0.9998999999999999,0.7659215528593454,1.0
35.0,0.5,0.25,0.45,0.9647297297297297,1.0,0.9456836176045151,1.0,0.7189162412692062,0.9999000000000001,0.783896311970753,1.0,0.9647297297297297,1.0,0.9115700509177678,1.0,0.7452625479151521,1.0,0.737425924995737,1.0
215.0,0.5,0.25,0.39,0.9351516822945394,1.0,0.8958014437965045,1.0,0.7097005420719649,0.9999666666666667,0.7492477699079356,0.9999666666666667,0.9351516822945394,1.0,0.8875461708164218,1.0,0.737032782186891,1.0,0.7445208527205541,0.9999333333333333
40.0,0.5,0.25,0.04,0.9244594594594594,1.0,0.9136751068278324,0.9663666666666666,0.8281197373704302,0.8785000000000004,0.8592035567427116,0.8490666666666666,0.9244594594594594,1.0,0.9095484538975491,0.9510666666666668,0.7890335741193708,0.8687333333333335,0.8304148212821879,0.8142333333333334
215.0,0.5,0.25,0.29,0.9547297297297297,1.0,0.9371641014783485,1.0,0.7330965941198463,1.0,0.7661591989700918,1.0,0.9547297297297297,1.0,0.935216020093364,1.0,0.7207300874829846,0.9999666666666667,0.7690177958439196,1.0
40.0,0.5,0.25,0.14,0.9529729729729729,1.0,0.9270577347434318,0.9997666666666666,0.7609893292539435,0.9941000000000001,0.7812022203588627,0.9968666666666668,0.9529729729729729,1.0,0.9321572246791905,0.9993999999999998,0.7704045391701786,0.9944333333333332,0.778417567305264,0.9920333333333334
215.0,0.5,0.25,0.19,0.9394594594594594,1.0,0.9302245291931551,1.0,0.6810981685381529,0.9996,0.7580131481916491,0.9997666666666666,0.9394594594594594,1.0,0.9221292293890266,1.0,0.694114362746156,0.9995,0.7872177850849224,1.0
40.0,0.5,0.25,0.24,0.9336651958080529,1.0,0.9141790089429077,1.0,0.7212117137463475,0.9984666666666666,0.7662721338585636,0.9994,0.9336651958080529,1.0,0.90789264781771,0.9999333333333333,0.7637106835880904,0.9987333333333334,0.7597611502039068,0.9995333333333334
215.0,0.5,0.25,0.09,0.9764864864864865,1.0,0.9597619869618578,0.9999666666666667,0.7737412725129537,0.9989999999999999,0.7690480640284666,0.998766666666667,0.9764864864864865,1.0,0.94935659701376,0.9999666666666667,0.753913625448983,0.9992666666666667,0.7799133511519212,0.9990000000000001
40.0,0.5,0.25,0.34,0.9494594594594594,1.0,0.9261281937088538,0.9999666666666667,0.7382357276500521,0.9990666666666667,0.7749025624157521,1.0,0.9494594594594594,1.0,0.8626317032064965,1.0,0.6923710317128224,0.9993333333333334,0.734026328318327,0.9999000000000001
210.0,0.5,0.25,0.5,0.9579729729729729,1.0,0.9485008592960998,1.0,0.7226377173409675,1.0,0.7858579337284474,0.9999666666666667,0.9579729729729729,1.0,0.91339886025611,1.0,0.7617668289625457,0.9998,0.7693088656811178,1.0
40.0,0.5,0.25,0.44,0.9109459459459458,1.0,0.8885128663836537,1.0,0.7081119883342945,0.9994999999999998,0.7762657072885921,0.9997666666666666,0.9109459459459458,1.0,0.8706783345863546,1.0,0.7091396338576259,1.0,0.7344871932382976,1.0
210.0,0.5,0.25,0.4,0.9429729729729729,1.0,0.927678368728313,1.0,0.7387233745786094,0.9998999999999999,0.7577007481370042,1.0,0.9429729729729729,1.0,0.9108089129722111,1.0,0.6859405745592534,0.9997,0.7309726498483444,1.0
45.0,0.5,0.25,0.03,0.9497297297297297,1.0,0.9122930821210693,0.9400999999999999,0.8519766542545955,0.8257333333333335,0.8110742867586095,0.7362000000000001,0.9497297297297297,1.0,0.9323538927331431,0.9125666666666666,0.8092250859951099,0.8174000000000003,0.8403313824598223,0.7093000000000003
210.0,0.5,0.25,0.3,0.9514864864864865,1.0,0.922095479226661,1.0,0.7447778801945488,0.9999000000000001,0.7615175838082269,1.0,0.9514864864864865,1.0,0.8848079389788004,1.0,0.7643074172967381,1.0,0.755867741793972,0.9997
45.0,0.5,0.25,0.13,0.9589354660783233,1.0,0.9482688550823292,0.9994666666666667,0.7520862267074486,0.9941666666666668,0.8184922664203299,0.9944,0.9589354660783233,1.0,0.936504150473843,0.9996000000000003,0.75969466927928,0.9957000000000003,0.7735121999091574,0.9950333333333334
210.0,0.5,0.25,0.2,0.9297297297297297,1.0,0.9302833226186649,1.0,0.7305802168485107,0.9997333333333335,0.7767328220278367,0.9999000000000001,0.9297297297297297,1.0,0.892147857118842,1.0,0.7193493832540193,0.9995666666666666,0.7551312790510006,0.9998
45.0,0.5,0.25,0.23,0.9309459459459459,1.0,0.9234805344896148,0.9999333333333333,0.6969897383432886,0.9988000000000002,0.7891085103814589,0.9990333333333333,0.9309459459459459,1.0,0.8898961597327714,0.9998666666666667,0.7195115349815855,0.9984333333333333,0.7507202107873681,0.9984333333333336
210.0,0.5,0.25,0.1,0.9614864864864865,1.0,0.9165437786876894,0.9998333333333335,0.744466198535334,0.9988666666666667,0.7889755511010733,0.9990333333333336,0.9614864864864865,1.0,0.911268550279763,0.9997666666666667,0.742000413462742,0.9965999999999999,0.7598220568441735,0.9996
45.0,0.5,0.25,0.33,0.9254219525648096,1.0,0.9013621133674397,1.0,0.7438969969953899,0.9992333333333333,0.7385555647324423,0.9987000000000001,0.9254219525648096,1.0,0.8676844940419781,1.0,0.7131661941563668,0.9977333333333336,0.7525849023534321,0.9997
210.0,0.5,0.25,0.0,0.36363636363636365,0.04,0.4642857142857143,0.04806666666666667,0.2720510715066069,0.0384,0.38556061498432376,0.044733333333333326,0.36363636363636365,0.04,0.4583333333333333,0.04683333333333334,0.4133132358834866,0.05126666666666666,0.4048969018500526,0.06386666666666665
45.0,0.5,0.25,0.43,0.9277027027027026,1.0,0.9089981317698248,1.0,0.6929823681816544,0.9996,0.7563065554358714,1.0,0.9277027027027026,1.0,0.8898869549576446,1.0,0.6878604980138725,0.9998999999999999,0.7265132484741378,0.9997999999999999
205.0,0.5,0.25,0.41000000000000003,0.9479729729729729,1.0,0.9392309290212194,1.0,0.6959678599730134,1.0,0.7426653556637453,0.9998666666666667,0.9479729729729729,1.0,0.8889462556055109,1.0,0.7324728007387755,0.9998999999999999,0.7456837587229701,1.0
50.0,0.5,0.25,0.02,0.9286946520989073,0.92,0.8929368581438545,0.7253000000000001,0.7647774522394492,0.5085999999999999,0.7302137407358872,0.41753333333333326,0.9286946520989073,0.92,0.8983953845436181,0.6966,0.8261169935120385,0.5306333333333333,0.7704387052617524,0.42213333333333336
205.0,0.5,0.25,0.31,0.9127027027027026,1.0,0.8866365662402669,1.0,0.6987803656825242,0.9998,0.7558100304909829,0.9999666666666667,0.9127027027027026,1.0,0.8671475272217958,1.0,0.6969061772202853,1.0,0.7464103939029644,0.9999333333333333
50.0,0.5,0.25,0.12,0.94069222283508,1.0,0.912140716314959,0.9996333333333335,0.7681068435457017,0.9900333333333334,0.7764657961943268,0.9920666666666668,0.94069222283508,1.0,0.9127527274380366,0.9998000000000001,0.7514241623424737,0.9945999999999999,0.7835548112198495,0.9954333333333334
205.0,0.5,0.25,0.21,0.9697297297297297,1.0,0.9329745364845923,1.0,0.7501211240931065,0.9998,0.7646713432638168,0.9998333333333334,0.9697297297297297,1.0,0.9251244931961916,1.0,0.7468064639022018,1.0,0.7666409310897935,0.9998999999999999
50.0,0.5,0.25,0.22,0.9797297297297297,1.0,0.9548839708688526,0.9999666666666667,0.7605915630688742,0.9980333333333334,0.7816147280693774,0.998866666666667,0.9797297297297297,1.0,0.9662178280112692,0.9999666666666667,0.7559201543018284,0.9981,0.7680355563290955,0.9997333333333335
205.0,0.5,0.25,0.11,0.9462162162162161,1.0,0.9331531758481931,0.9999666666666667,0.6924422960910558,0.9996333333333334,0.7822140960185654,0.9992666666666667,0.9462162162162161,1.0,0.9108139964143845,1.0,0.7386453251911117,0.9985,0.7723895118669145,0.9991666666666665
50.0,0.5,0.25,0.32,0.9251516822945394,1.0,0.9367937307708205,1.0,0.7536894330844639,0.9990333333333333,0.7976662493778833,0.9991666666666665,0.9251516822945394,1.0,0.9196680931365578,1.0,0.7148370895384164,0.9991,0.7886582591526353,0.9998
205.0,0.5,0.25,0.01,0.9537090281771132,0.94,0.9291798640656671,0.7936666666666667,0.7963057636136471,0.6328333333333335,0.811840124606086,0.48493333333333344,0.9537090281771132,0.94,0.9076453555050235,0.7242000000000001,0.7892403895783452,0.5855666666666668,0.7988598372503697,0.4972333333333335
50.0,0.5,0.25,0.42,0.9377027027027026,1.0,0.911699419431161,1.0,0.7073794164538204,0.9992666666666667,0.7589355029739834,0.9995,0.9377027027027026,1.0,0.8860024283612883,1.0,0.710868412896854,1.0,0.739880366985725,0.9998
200.0,0.5,0.25,0.42,0.9327027027027026,1.0,0.9052754652681803,1.0,0.7134684886673146,0.9999333333333333,0.7559946772884665,1.0,0.9327027027027026,1.0,0.8982513451120515,1.0,0.7360012366332076,0.9998999999999999,0.7164221918633378,1.0
55.0,0.5,0.25,0.01,0.8229994700582935,0.45,0.7695792843315913,0.2977,0.7083815064297295,0.19919999999999993,0.6238591779271233,0.17953333333333338,0.8229994700582935,0.45,0.6949243618345973,0.32366666666666666,0.6547103824009968,0.2022666666666667,0.5619507860659048,0.1904333333333333
200.0,0.5,0.25,0.32,0.9764864864864865,1.0,0.9324914899132207,1.0,0.6952156789611876,0.9999333333333333,0.7818326641596387,0.9998,0.9764864864864865,1.0,0.9168863324529752,1.0,0.6938404047610421,1.0,0.7500307750225091,1.0
55.0,0.5,0.25,0.11,0.9481412024269167,1.0,0.9466023155898882,0.9998999999999999,0.7589168221752548,0.9958,0.782654135115428,0.9954000000000001,0.9481412024269167,1.0,0.9313814272892906,0.9997666666666666,0.7406567713217178,0.9934333333333335,0.7662404610655105,0.9938333333333333
200.0,0.5,0.25,0.22,0.985,1.0,0.9326528392199791,1.0,0.7428821408043292,0.9993333333333334,0.7884395331505532,0.9993333333333334,0.985,1.0,0.9177365844514033,1.0,0.6951432783349317,1.0,0.7714268075532869,0.9998666666666668
55.0,0.5,0.25,0.21,0.9629729729729729,1.0,0.942089214827119,0.9998666666666668,0.7501071654530765,0.9974666666666668,0.781711725447555,0.9983000000000001,0.9629729729729729,1.0,0.9251811845866926,1.0,0.7568562610398318,0.9981,0.7731478989007851,0.9995000000000002
200.0,0.5,0.25,0.12,0.9521787093215665,1.0,0.9203966673288534,1.0,0.7178208136036924,0.9976333333333334,0.7527203839791757,0.9994333333333336,0.9521787093215665,1.0,0.930746123010658,1.0,0.7023271524722101,0.9993333333333334,0.7884601489767963,0.9986666666666667
55.0,0.5,0.25,0.31,0.9479729729729729,1.0,0.9402949903494366,1.0,0.7217588302132627,0.9999333333333333,0.7580771009964629,0.9999333333333333,0.9479729729729729,1.0,0.925347953328357,1.0,0.7320764870201414,1.0,0.7486269213504149,0.9993333333333334
200.0,0.5,0.25,0.02,0.9394594594594594,1.0,0.9249399487558734,0.9788333333333334,0.7708707909480507,0.9134666666666668,0.7935954290225734,0.8856333333333335,0.9394594594594594,1.0,0.9333408698392488,0.9772666666666671,0.8095454919039976,0.9188000000000004,0.8002583008272954,0.8925333333333333
55.0,0.5,0.25,0.41000000000000003,0.9233949255377826,1.0,0.9353698740987366,1.0,0.7403053399561592,0.9998666666666668,0.7527487265968408,0.9997,0.9233949255377826,1.0,0.8519272801084438,1.0,0.6869192756521423,0.9997333333333333,0.7579464024399524,0.9995666666666668
195.0,0.5,0.25,0.43,0.9564864864864865,1.0,0.9002956706012355,1.0,0.740360492778817,0.9998999999999999,0.7677660745332691,0.9998,0.9564864864864865,1.0,0.9100131126460088,1.0,0.6869928350608105,0.9999666666666667,0.7499484452625259,0.9999000000000001
60.0,0.5,0.25,0.0,0.3333333333333333,0.06,0.27435897435897433,0.039900000000000005,0.3036473283495783,0.05516666666666667,0.34071440695364075,0.05353333333333334,0.3333333333333333,0.06,0.406053130098089,0.05846666666666666,0.2961126565976637,0.056033333333333324,0.34685798102856946,0.04716666666666666
195.0,0.5,0.25,0.33,0.9227027027027026,1.0,0.9106453134510001,1.0,0.6861856797525074,0.9998999999999999,0.7790952438890889,0.9998,0.9227027027027026,1.0,0.9056611881269891,1.0,0.7216321010630062,0.9998666666666668,0.7352984905768691,1.0
60.0,0.5,0.25,0.1,0.9209459459459458,1.0,0.938962976619639,0.9991666666666665,0.7548549320225624,0.9922000000000001,0.7998930341994948,0.993,0.9209459459459458,1.0,0.912979426723076,0.9996666666666667,0.7892491907748707,0.9870333333333333,0.769038268220643,0.9940666666666667
195.0,0.5,0.25,0.23,0.9309459459459458,1.0,0.939896179516418,1.0,0.7547093103363455,1.0,0.7615903534129984,0.9999666666666667,0.9309459459459458,1.0,0.9029815335083207,1.0,0.7206884030358203,0.9999333333333333,0.7420584189523263,0.9997666666666667
60.0,0.5,0.25,0.2,0.9229729729729729,1.0,0.9201774631271552,0.9999333333333333,0.7208825450092569,0.9991000000000001,0.7732998363567503,0.9980666666666669,0.9229729729729729,1.0,0.8956073418968292,1.0,0.7277747459818282,0.9991666666666669,0.7627919625801559,0.9992333333333334
195.0,0.5,0.25,0.13,0.9597297297297297,1.0,0.9409209856506112,0.9999000000000001,0.7573087008694911,0.9988000000000001,0.8038692800409453,0.9989666666666668,0.9597297297297297,1.0,0.930304062368184,1.0,0.756158645160219,0.9991666666666668,0.7832442015189477,0.9996
60.0,0.5,0.25,0.3,0.9682432432432432,1.0,0.9378930801171088,1.0,0.7610871618392523,0.9994333333333334,0.7747038907069586,0.9994333333333333,0.9682432432432432,1.0,0.9297369088495298,1.0,0.7371438449273868,0.9991333333333334,0.7368046845281655,0.9997666666666667
195.0,0.5,0.25,0.03,0.9412162162162161,1.0,0.9252613663336821,0.9887999999999999,0.8419335397945076,0.9672666666666666,0.8137799351915137,0.9439,0.9412162162162161,1.0,0.9272814314062415,0.9922333333333333,0.7643680956543801,0.9787666666666667,0.7944250011927575,0.9556666666666667
60.0,0.5,0.25,0.4,0.9369084390512961,1.0,0.9070250255247727,1.0,0.7181364195161667,0.9996666666666667,0.7574248980774035,1.0,0.9369084390512961,1.0,0.9039033607693102,1.0,0.7000208624785046,0.9996666666666667,0.7707924734436034,0.9998666666666668
190.0,0.5,0.25,0.44,0.9379729729729729,1.0,0.9150804447837434,1.0,0.7551935257763285,0.9998333333333334,0.7547328571824091,1.0,0.9379729729729729,1.0,0.8741495288287617,1.0,0.7269451527825318,0.9997,0.7404609712980641,1.0
60.0,0.5,0.25,0.5,0.9277027027027026,1.0,0.9203022039710312,1.0,0.7210926349039469,0.9998666666666667,0.7642931567604151,0.9997,0.9277027027027026,1.0,0.8589832159971155,1.0,0.6933704447806929,0.9996666666666667,0.705070051936507,1.0
190.0,0.5,0.25,0.34,0.9377027027027026,1.0,0.9293295295846074,1.0,0.7003240018039365,0.9999000000000001,0.7414177778406582,1.0,0.9377027027027026,1.0,0.9133366320365114,1.0,0.7193679869266097,1.0,0.7336445768425068,0.9998999999999999
65.0,0.5,0.25,0.09,0.9429729729729729,1.0,0.9139806926668292,0.9987999999999999,0.7556134255497695,0.9952666666666667,0.8159250974574661,0.9917000000000002,0.9429729729729729,1.0,0.9284248522176282,0.9992333333333332,0.7309073657756774,0.9939666666666667,0.7707576589697328,0.9934666666666666
190.0,0.5,0.25,0.24,0.9479729729729729,1.0,0.918503606343681,1.0,0.7176067296362295,1.0,0.7815091651979809,0.9997,0.9479729729729729,1.0,0.9278128669761583,1.0,0.7443528193376808,0.9995333333333334,0.7622984552734638,0.9996666666666667
65.0,0.5,0.25,0.19,0.9411141753998896,1.0,0.8900622506568703,1.0,0.7563004294485548,0.9991333333333335,0.7797577469325249,0.9991333333333334,0.9411141753998896,1.0,0.9028121066420048,0.9998666666666668,0.7479104641430853,0.9975000000000003,0.7428676709147495,0.9981000000000003
190.0,0.5,0.25,0.14,0.9697297297297297,1.0,0.9451300350474726,0.9999666666666667,0.7324598643320474,0.9990000000000001,0.7841972299206451,0.9995666666666668,0.9697297297297297,1.0,0.9355761967501097,0.9999000000000001,0.7113278825545725,0.9995000000000002,0.7528752831005378,0.9998000000000001
65.0,0.5,0.25,0.29,0.9344594594594594,1.0,0.9246609887298392,1.0,0.7065196423962457,0.9994333333333334,0.7811053120479131,1.0,0.9344594594594594,1.0,0.8798958372168784,1.0,0.7366561516174034,0.9995666666666668,0.7405502709605184,0.9999666666666667
190.0,0.5,0.25,0.04,0.9244594594594594,1.0,0.917895959896565,0.9993333333333332,0.7570704966453395,0.9884000000000001,0.8024012919967092,0.9824666666666668,0.9244594594594594,1.0,0.9087903824433334,0.9984666666666666,0.76333354472123,0.9860333333333335,0.8123346781182629,0.9823000000000002
65.0,0.5,0.25,0.39,0.9394594594594594,1.0,0.9373179762438013,1.0,0.721273951425119,1.0,0.7530845023311342,1.0,0.9394594594594594,1.0,0.8839879929820071,1.0,0.7227467881229964,0.9999666666666667,0.770088428432689,0.9999666666666667
185.0,0.5,0.25,0.45,0.985,1.0,0.9611155730518465,1.0,0.7126791449040576,1.0,0.7804397403696952,1.0,0.985,1.0,0.9226277250116776,1.0,0.7323988536977288,1.0,0.7631894795704716,0.9999666666666667
65.0,0.5,0.25,0.49,0.9269084390512962,1.0,0.8881599772900384,1.0,0.6736845385576742,0.9998999999999999,0.7265286769264848,1.0,0.9269084390512962,1.0,0.890944621495964,1.0,0.7032902787315203,0.9997333333333333,0.7362866272576316,0.9999666666666667
185.0,0.5,0.25,0.35000000000000003,0.9529729729729729,1.0,0.9383811617486214,1.0,0.7109912143924157,1.0,0.7896369372033983,0.9999666666666667,0.9529729729729729,1.0,0.9147266612483235,1.0,0.7557539105736581,0.9995666666666666,0.7661185497206237,0.9996666666666667
70.0,0.5,0.25,0.08,0.9244594594594594,1.0,0.9031759620968438,0.9986333333333333,0.7619065984791988,0.9899333333333332,0.7681232364649349,0.9840333333333336,0.9244594594594594,1.0,0.8998660456714492,0.9989,0.7904205119064458,0.9886666666666665,0.7749961997817675,0.9909000000000002
185.0,0.5,0.25,0.25,0.9209459459459458,1.0,0.9204486848040915,1.0,0.7368786633417403,0.9994999999999998,0.7748192113793293,0.9998666666666667,0.9209459459459458,1.0,0.9177156175002794,1.0,0.7276480714311863,0.9999666666666667,0.759840280340268,1.0
70.0,0.5,0.25,0.18,0.9379729729729729,1.0,0.9376738145204311,1.0,0.7342177253189414,0.9991333333333334,0.7725413912763243,0.9981666666666668,0.9379729729729729,1.0,0.8930614612132557,1.0,0.7391124572072653,0.9981666666666668,0.7799752899280099,0.9993333333333334
185.0,0.5,0.25,0.15,0.9336651958080529,1.0,0.9044829482195298,0.9999666666666667,0.749372661308981,0.9992,0.7936671096563426,0.9994666666666668,0.9336651958080529,1.0,0.8901218549748847,0.9999666666666667,0.7219079179712047,0.9993666666666666,0.8200622174259985,0.9999000000000001
70.0,0.5,0.25,0.28,0.9662162162162161,1.0,0.9485374908089936,1.0,0.7526770698146563,0.9992,0.7804869586270112,0.9994666666666666,0.9662162162162161,1.0,0.9466245388800837,1.0,0.7204688027532701,0.9996333333333334,0.7677939400238326,0.9997
185.0,0.5,0.25,0.05,0.9479729729729729,1.0,0.9239568661162386,0.9991999999999999,0.7519724034792076,0.9926333333333336,0.806965063567083,0.9891333333333335,0.9479729729729729,1.0,0.9596576698155646,0.9997999999999999,0.7871678499738886,0.9903,0.792248679024143,0.9912666666666667
70.0,0.5,0.25,0.38,0.9377027027027026,1.0,0.911956761348635,1.0,0.7383141749393042,0.9998666666666667,0.7393251201919874,0.9995,0.9377027027027026,1.0,0.8783982598015604,1.0,0.6930650758042168,0.9998333333333334,0.7473156990794049,0.9999333333333333
180.0,0.5,0.25,0.46,0.9647297297297297,1.0,0.9107335366213841,1.0,0.6793233807174133,1.0,0.7346006213370909,1.0,0.9647297297297297,1.0,0.8876310739728376,1.0,0.6993015523334699,0.9999000000000001,0.7447224423887078,1.0
70.0,0.5,0.25,0.48,0.9294594594594594,1.0,0.9021861872332352,1.0,0.7436813310062419,0.9996666666666666,0.7808125093957251,0.9999000000000001,0.9294594594594594,1.0,0.9082939256977316,1.0,0.7302109909288991,0.9995999999999999,0.7505349043398597,0.9997000000000001
180.0,0.5,0.25,0.36,0.9497297297297297,1.0,0.9228493226134391,1.0,0.7474736380404674,0.9995,0.7618604087205888,0.9999666666666667,0.9497297297297297,1.0,0.9069735853813089,1.0,0.7273670473834801,1.0,0.7760570630193699,0.9999666666666667
75.0,0.5,0.25,0.07,0.9529729729729729,1.0,0.910573658119,0.9983666666666668,0.749177211124067,0.9862000000000003,0.8136277144394854,0.9883000000000004,0.9529729729729729,1.0,0.9420262383444729,0.9997333333333335,0.7789195364914856,0.9934333333333334,0.8248594917587789,0.9875666666666667
180.0,0.5,0.25,0.26,0.9327027027027026,1.0,0.9308055495429041,1.0,0.7004127315068231,0.9998,0.7802575300160144,1.0,0.9327027027027026,1.0,0.9073146649504109,1.0,0.7163835350059327,0.9986666666666667,0.7540881867672424,0.9997333333333333
75.0,0.5,0.25,0.17,0.95,1.0,0.9137475851899168,0.9999000000000001,0.7079246028910277,0.9985666666666668,0.7695793128569846,0.9984333333333335,0.95,1.0,0.8983606683778492,1.0,0.7079487169294584,0.9991333333333334,0.7391902165918226,0.9975000000000003
180.0,0.5,0.25,0.16,0.9404219525648096,1.0,0.9193095792517078,0.9999666666666667,0.7070244529368662,0.9989666666666666,0.7830990153663184,0.9998999999999999,0.9404219525648096,1.0,0.9077588029933297,0.9999666666666667,0.7296504212523662,0.9992000000000002,0.7854299095055386,0.9995000000000002
75.0,0.5,0.25,0.27,0.9294594594594594,1.0,0.9198683645826214,1.0,0.6840673097153317,0.9996333333333334,0.7705585340233356,0.9995333333333334,0.9294594594594594,1.0,0.8931219672508074,1.0,0.7037602548978092,0.9987333333333333,0.7419611241749956,0.9997666666666667
180.0,0.5,0.25,0.06,0.9429729729729729,1.0,0.9028667086234572,0.9999333333333333,0.7167325565081347,0.9935333333333335,0.7825072610443989,0.9921666666666666,0.9429729729729729,1.0,0.903145915481075,0.9993666666666666,0.76338299781773,0.9926333333333335,0.7956288277407841,0.9921
75.0,0.5,0.25,0.37,0.9377027027027026,1.0,0.9453464177103931,1.0,0.7213330352630166,0.9998666666666667,0.750399632064895,0.9996666666666667,0.9377027027027026,1.0,0.909534732782254,1.0,0.7228857060293445,0.9994666666666666,0.7430739368849656,1.0
175.0,0.5,0.25,0.47000000000000003,0.9614864864864865,1.0,0.9256422131393559,1.0,0.6931854189301286,1.0,0.7826018652310884,0.9999666666666667,0.9614864864864865,1.0,0.9042097456017975,1.0,0.7133935171423447,1.0,0.7608315443863826,1.0
75.0,0.5,0.25,0.47000000000000003,0.9597297297297297,1.0,0.9091524500941114,1.0,0.7263538498577325,1.0,0.7476693121608943,0.9999666666666667,0.9597297297297297,1.0,0.8840797681456055,1.0,0.697532103565981,1.0,0.7622160965152023,0.9999000000000001
175.0,0.5,0.25,0.37,0.9479729729729729,1.0,0.9322929761911424,1.0,0.7335089768052672,1.0,0.7898209059239598,0.9999333333333333,0.9479729729729729,1.0,0.8967689444397478,1.0,0.7562816116852463,1.0,0.7585600717482163,1.0
80.0,0.5,0.25,0.06,0.9151516822945394,1.0,0.8783109719872386,0.9969999999999999,0.7615442431257803,0.9824333333333334,0.8015341280909741,0.9823666666666674,0.9151516822945394,1.0,0.907038696632089,0.9972333333333334,0.7676499084928368,0.9855333333333338,0.8025329480912593,0.9801333333333336
175.0,0.5,0.25,0.27,0.9269084390512962,1.0,0.9280478123924963,1.0,0.7387633755361277,0.9999000000000001,0.7776247356417383,0.9997,0.9269084390512962,1.0,0.9002529932658621,1.0,0.7418269489676939,0.9998666666666668,0.7600595029467465,1.0
80.0,0.5,0.25,0.16,0.9429729729729729,1.0,0.9399406714536646,0.9999666666666667,0.7861863354489258,0.9994,0.7946545068514452,0.9984666666666668,0.9429729729729729,1.0,0.9416908885609802,0.9999333333333333,0.7260841848425161,0.9960333333333335,0.7758746018210012,0.9990666666666668
175.0,0.5,0.25,0.17,0.9362162162162161,1.0,0.9249884163051197,1.0,0.7412016498056723,0.9979333333333332,0.7638664792338412,0.9998666666666668,0.9362162162162161,1.0,0.9260048748207163,1.0,0.7684960919612125,0.9988333333333334,0.7776822996288995,0.9998666666666668
80.0,0.5,0.25,0.26,0.9679729729729729,1.0,0.9353023590981767,1.0,0.724354515389819,0.9996333333333334,0.7691775819820482,0.9995999999999999,0.9679729729729729,1.0,0.8931314906167848,1.0,0.7550708756662226,0.9997333333333333,0.762732238867834,0.9998000000000001
175.0,0.5,0.25,0.07,0.9882432432432432,1.0,0.9647634643283837,0.9997333333333335,0.757939666679842,0.9967999999999999,0.7950485680673057,0.9936333333333335,0.9882432432432432,1.0,0.9364352314042295,0.9997333333333333,0.7462761392997366,0.9971333333333334,0.7801722554904812,0.9961333333333334
80.0,0.5,0.25,0.36,0.9764864864864865,1.0,0.9343064155039399,1.0,0.7294573565613907,0.9997666666666666,0.7472441060717554,0.9998,0.9764864864864865,1.0,0.9236631144241672,1.0,0.7269887263022085,1.0,0.7729185992290755,0.9997333333333333
170.0,0.5,0.25,0.48,0.9269084390512962,1.0,0.9085888783484706,1.0,0.7308017693715694,0.9998666666666668,0.7368758975861941,1.0,0.9269084390512962,1.0,0.8696529325729742,1.0,0.7091049996784953,1.0,0.7544859816374476,0.9999666666666667
80.0,0.5,0.25,0.46,0.9562162162162161,1.0,0.9300601183041873,1.0,0.7124324045550984,0.9990000000000001,0.8136317375834469,0.9995666666666668,0.9562162162162161,1.0,0.9080930718542831,1.0,0.7065178028269596,1.0,0.7269066153347851,0.9998999999999999
170.0,0.5,0.25,0.38,0.9327027027027026,1.0,0.9113597356988495,1.0,0.7049502722850172,1.0,0.7446981876542832,1.0,0.9327027027027026,1.0,0.8864041602042662,1.0,0.7087706118413043,1.0,0.7438640654804597,0.9998666666666667
85.0,0.5,0.25,0.05,0.9344594594594594,1.0,0.9284064752911401,0.9959,0.8035954582293343,0.9763000000000001,0.8019205196605995,0.9669333333333334,0.9344594594594594,1.0,0.918503119720369,0.9966333333333336,0.7941085909749228,0.9755333333333334,0.8352650402647999,0.9650333333333337
170.0,0.5,0.25,0.28,0.9614864864864865,1.0,0.9417261312670905,1.0,0.761007417209673,0.9998999999999999,0.7991302199234479,1.0,0.9614864864864865,1.0,0.9204426280002638,1.0,0.7452334334351001,0.9996333333333334,0.795434839131254,0.9998
85.0,0.5,0.25,0.15,0.9269084390512962,1.0,0.9169010881483421,1.0,0.7172010081568826,0.9985666666666668,0.7563418559103409,0.9975666666666669,0.9269084390512962,1.0,0.9164396849692588,0.9999333333333333,0.8097750313923902,0.9975666666666667,0.7817702718682251,0.9989666666666669
170.0,0.5,0.25,0.18,0.9479729729729729,1.0,0.9275768484355018,1.0,0.7579606729284749,0.9997,0.7465159398849667,0.9999333333333333,0.9479729729729729,1.0,0.9279617366761272,1.0,0.7290991723153613,0.9997333333333335,0.7710826859851173,0.9993666666666666
85.0,0.5,0.25,0.25,0.96,1.0,0.931458072284076,1.0,0.7418676751910921,0.9996333333333334,0.7969167930348973,0.9997999999999999,0.96,1.0,0.9470375325157933,0.9999666666666667,0.7518728998779102,0.9990666666666668,0.7613533004540934,0.9999000000000001
170.0,0.5,0.25,0.08,0.9571787093215665,1.0,0.9383129268693571,0.9997999999999999,0.7595238006873487,0.9948333333333337,0.777001857998414,0.9970333333333337,0.9571787093215665,1.0,0.9372480428623637,0.9997666666666667,0.7731297675233249,0.9944666666666668,0.7389391715873421,0.9957
85.0,0.5,0.25,0.35000000000000003,0.9183949255377826,1.0,0.9035318721219098,1.0,0.7037052733413975,0.9995,0.7826825994920884,0.9998999999999999,0.9183949255377826,1.0,0.875828639294992,1.0,0.7030802896670564,0.9996333333333334,0.7570378186843947,0.9997333333333333
165.0,0.5,0.25,0.49,0.9259459459459458,1.0,0.9259496324985024,1.0,0.6843310256953048,1.0,0.752623167505297,1.0,0.9259459459459458,1.0,0.8877934441280542,1.0,0.7003418546787615,0.9998999999999999,0.7317529362869429,1.0
85.0,0.5,0.25,0.45,0.9344594594594594,1.0,0.9066411317626083,1.0,0.7377220111080901,0.9999666666666667,0.7438515163348793,1.0,0.9344594594594594,1.0,0.90080579972711,1.0,0.719410947659707,0.9996,0.760284407801031,1.0
165.0,0.5,0.25,0.39,0.9277027027027026,1.0,0.9170926666448925,1.0,0.7247692903826038,1.0,0.7588716137392278,0.9999666666666667,0.9277027027027026,1.0,0.8680312516826356,1.0,0.7210457924370991,0.9998,0.75722910097135,1.0
90.0,0.5,0.25,0.04,0.9447297297297297,1.0,0.9194988299897182,0.9916000000000003,0.7803708746087118,0.9537000000000003,0.8343866176346505,0.9370666666666668,0.9447297297297297,1.0,0.9340872833313074,0.9887333333333334,0.80246534556994,0.9662333333333337,0.8339432320458167,0.9310666666666669
165.0,0.5,0.25,0.29,0.9394594594594594,1.0,0.9261349937878065,1.0,0.7303854033500233,0.9996333333333334,0.7698562998638061,0.9997999999999999,0.9394594594594594,1.0,0.8926996049274588,1.0,0.7142312435485536,0.9999000000000001,0.7524646785904376,0.9996666666666666
90.0,0.5,0.25,0.14,0.9419084390512961,1.0,0.914006312281752,0.9998999999999999,0.7292129005580452,0.9990333333333333,0.7750124479326362,0.9961666666666669,0.9419084390512961,1.0,0.9101102987100533,0.9999666666666667,0.734116448535792,0.9977666666666667,0.7577740387551097,0.9991333333333334
165.0,0.5,0.25,0.19,0.9764864864864865,1.0,0.9520742482930507,1.0,0.7496647832801723,0.9989333333333335,0.7937494618365697,0.9994666666666667,0.9764864864864865,1.0,0.9433265594682839,1.0,0.7442395646324097,0.9997,0.7743190429820126,0.9996666666666667
90.0,0.5,0.25,0.24,0.9529729729729729,1.0,0.942980365895803,1.0,0.7323692209426946,0.9998666666666667,0.7693094697389553,0.9997333333333335,0.9529729729729729,1.0,0.9337282303961816,1.0,0.7410469521516919,0.9992,0.7746492867723991,0.9997999999999999
165.0,0.5,0.25,0.09,0.9647297297297297,1.0,0.9311456448667741,0.9997333333333333,0.7441608238079948,0.9979666666666668,0.7701823733675022,0.9980333333333335,0.9647297297297297,1.0,0.9465117930529382,0.9998666666666667,0.7532145901365145,0.9981,0.7730232789505513,0.9982333333333334
90.0,0.5,0.25,0.34,0.9277027027027026,1.0,0.9238570855504957,1.0,0.7590019978069428,0.9997666666666666,0.764659746991716,0.9995666666666668,0.9277027027027026,1.0,0.9252247222827572,1.0,0.7056636992307053,0.9997333333333333,0.747508271288692,1.0
160.0,0.5,0.25,0.5,0.9312162162162161,1.0,0.8962231000603169,1.0,0.6962180226586014,1.0,0.7315247748012024,1.0,0.9312162162162161,1.0,0.8613625722750242,1.0,0.6999617439860161,1.0,0.7497554066340548,0.9999333333333333
90.0,0.5,0.25,0.44,0.8856756756756755,1.0,0.882289386011411,1.0,0.7182369253497157,1.0,0.7233032056930437,0.9999666666666667,0.8856756756756755,1.0,0.8572024525786225,1.0,0.6929400552860091,0.9998666666666667,0.7171631880119513,0.9999000000000001
160.0,0.5,0.25,0.4,0.9532432432432433,1.0,0.9308403629741377,1.0,0.7132732763344748,1.0,0.7558399212209443,0.9998999999999999,0.9532432432432433,1.0,0.892958002715379,1.0,0.7389958005657733,0.9998999999999999,0.7429874784137351,1.0
95.0,0.5,0.25,0.03,0.9436651958080529,1.0,0.9258005272427602,0.9810000000000001,0.7893230727762558,0.9122333333333335,0.8274214479248542,0.8632333333333335,0.9436651958080529,1.0,0.8986645902707964,0.9714333333333335,0.7948159049926683,0.9296666666666671,0.8114599126713726,0.8892
160.0,0.5,0.25,0.3,0.909189189189189,1.0,0.9060249048420529,1.0,0.7603195786220073,0.9999666666666667,0.7526201304551775,0.9998666666666667,0.909189189189189,1.0,0.8958328084133236,1.0,0.6746738656219737,0.9999666666666667,0.7605686175376449,1.0
95.0,0.5,0.25,0.13,0.9529729729729729,1.0,0.9535426673160741,0.9998333333333335,0.7447823106221471,0.9996,0.7635491092383946,0.9976666666666669,0.9529729729729729,1.0,0.9133205718517334,0.9999666666666667,0.7507546591131862,0.9969000000000002,0.7714875643102005,0.9981000000000002
160.0,0.5,0.25,0.2,0.9429729729729729,1.0,0.8926019612559449,1.0,0.7464378483493372,0.9997333333333333,0.7875856903679873,0.9998333333333335,0.9429729729729729,1.0,0.9193521349847282,1.0,0.6914549681940149,1.0,0.7588128650356499,1.0
95.0,0.5,0.25,0.23,0.9671787093215665,1.0,0.9306779643976429,1.0,0.7298356140813145,0.9995333333333334,0.7778649605117123,0.9997666666666667,0.9671787093215665,1.0,0.9247526258331561,0.9999666666666667,0.7084662393771305,0.9999333333333333,0.7248029239645573,0.9995000000000002
160.0,0.5,0.25,0.1,0.9227027027027026,1.0,0.9139306698841074,0.9997666666666667,0.7306075256484043,0.9978,0.7795303744665294,0.9985000000000003,0.9227027027027026,1.0,0.925886694153122,0.9998333333333335,0.7311713077046569,0.9986666666666669,0.7986552706647772,0.9967000000000003
95.0,0.5,0.25,0.33,0.9621787093215665,1.0,0.9379840974449682,1.0,0.743371000216716,0.9998,0.754313893634276,0.9999333333333333,0.9621787093215665,1.0,0.9089709548019645,1.0,0.7062658220884219,0.9998,0.7594004501155331,0.9995999999999999
160.0,0.5,0.25,0.0,0.4666666666666667,0.07,0.5459057071960298,0.0874,0.312457910348398,0.06433333333333334,0.37508660985561737,0.05793333333333333,0.4666666666666667,0.07,0.3986381898553905,0.06526666666666667,0.27590144277213635,0.0509,0.32300150436584146,0.03993333333333332
95.0,0.5,0.25,0.43,0.9151516822945394,1.0,0.8928362765290183,1.0,0.7351890570368991,0.9999000000000001,0.7349642590529946,0.9998666666666667,0.9151516822945394,1.0,0.8592132112578241,1.0,0.7409074185451527,0.9999000000000001,0.7270968884340867,1.0
155.0,0.5,0.25,0.41000000000000003,0.9294594594594594,1.0,0.9010013637921104,1.0,0.7358393857086596,0.9999666666666667,0.7735601167601857,0.9998,0.9294594594594594,1.0,0.8871585411556074,1.0,0.6968020237297076,0.9998,0.7258917766485954,1.0
100.0,0.5,0.25,0.02,0.9664864864864865,1.0,0.9497184310665994,0.9143333333333336,0.8496110290863115,0.8010333333333337,0.8362598047447974,0.7031666666666669,0.9664864864864865,1.0,0.9129418694659617,0.8938666666666667,0.8060949195306715,0.7884333333333332,0.7982881452471321,0.6876000000000003
155.0,0.5,0.25,0.31,0.9076006618863761,1.0,0.9172834499721146,1.0,0.7405883144429893,0.9990666666666667,0.7475313381582296,1.0,0.9076006618863761,1.0,0.8384798651079584,1.0,0.7000901720318049,0.9998999999999999,0.73122380224043,0.9997
100.0,0.5,0.25,0.12,0.9714864864864865,1.0,0.9385653718830188,0.9998333333333335,0.7709039242975004,0.9998666666666668,0.8031440905323638,0.9987666666666668,0.9714864864864865,1.0,0.9580339096078806,0.9999333333333333,0.7620454309840077,0.9976999999999999,0.789507643136669,0.9989000000000001
155.0,0.5,0.25,0.21,0.9251516822945394,1.0,0.9134208232773414,1.0,0.7402294253328219,0.9996,0.7450727163541884,0.9995666666666668,0.9251516822945394,1.0,0.8946783813040308,1.0,0.7371528891073272,0.9996333333333334,0.705064575968769,0.9998333333333334
100.0,0.5,0.25,0.22,0.9597297297297297,1.0,0.9725296515937731,1.0,0.739458605096026,0.9987666666666668,0.778385129669283,0.9991000000000001,0.9597297297297297,1.0,0.9412187126369949,0.9999666666666667,0.7329168627858165,0.9998666666666667,0.7395090899818737,0.9992666666666667
155.0,0.5,0.25,0.11,0.9344594594594594,1.0,0.9340626125192538,0.9999666666666667,0.759989052412633,0.9971000000000001,0.8048236012144854,0.9988333333333332,0.9344594594594594,1.0,0.922047521163587,0.9998666666666668,0.7593278750781767,0.9987333333333335,0.8065385886307983,0.9985
100.0,0.5,0.25,0.32,0.9362162162162161,1.0,0.9263072798560043,1.0,0.7130446724525541,1.0,0.7634340430017014,1.0,0.9362162162162161,1.0,0.8936258106696006,1.0,0.7241821771956363,1.0,0.7308993553578327,0.9999000000000001
155.0,0.5,0.25,0.01,0.9213611201563008,0.81,0.863252864491131,0.6242,0.7711339253483019,0.4465333333333333,0.6919045444419081,0.4109000000000003,0.9213611201563008,0.81,0.8750515783473332,0.5849666666666667,0.782839249436999,0.42640000000000006,0.6768318616544684,0.3815999999999999
100.0,0.5,0.25,0.42,0.9471787093215664,1.0,0.9282155391753345,1.0,0.7366490729194339,0.9999333333333333,0.7789195783755727,1.0,0.9471787093215664,1.0,0.897348544382355,1.0,0.7196001013448238,0.9998999999999999,0.7550100690590084,0.9999333333333333
150.0,0.5,0.25,0.42,0.9269084390512962,1.0,0.8904795973864017,1.0,0.7671408402382868,1.0,0.7552971670852991,1.0,0.9269084390512962,1.0,0.8675994898121298,1.0,0.6814483719162091,0.9999666666666667,0.714253485897527,0.9999666666666667
105.0,0.5,0.25,0.01,0.9237085186452274,0.77,0.9022098024034783,0.5572333333333335,0.7456199008228733,0.39513333333333345,0.6349723021692707,0.3138333333333334,0.9237085186452274,0.77,0.875637137735823,0.6036666666666668,0.7959605134127619,0.4706333333333334,0.7557324846596856,0.3202666666666667
150.0,0.5,0.25,0.32,0.9379729729729729,1.0,0.9252492985112996,1.0,0.6734248604970251,0.9997999999999999,0.7557558322515456,0.9995999999999999,0.9379729729729729,1.0,0.9135421909567121,1.0,0.7102591300330344,1.0,0.7298167503812866,1.0
105.0,0.5,0.25,0.11,0.9571787093215665,1.0,0.920501570843274,0.9997,0.7639865599735098,0.9947666666666669,0.7859140583819557,0.9972000000000001,0.9571787093215665,1.0,0.8986725044244175,0.9999000000000001,0.7651339657802291,0.9971333333333332,0.7678371995957017,0.9972333333333334
150.0,0.5,0.25,0.22,0.9604219525648097,1.0,0.9372549241532865,1.0,0.7482098284552643,0.9994333333333334,0.7917747622292048,0.9994,0.9604219525648097,1.0,0.9148564847077155,1.0,0.6931730989220657,0.9998999999999999,0.7640239910884401,0.9996666666666667
105.0,0.5,0.25,0.21,0.9444594594594594,1.0,0.9197681045386606,1.0,0.7211298611011995,0.9997666666666667,0.7750822828091865,0.9996333333333335,0.9444594594594594,1.0,0.8990284649900633,0.9999666666666667,0.7673298234050155,0.9996,0.7277614951646251,0.9991333333333334
150.0,0.5,0.25,0.12,0.9226006618863761,1.0,0.9148296992148677,1.0,0.7820770977683282,0.9984000000000001,0.7831231515618449,0.9994666666666667,0.9226006618863761,1.0,0.906460323200542,0.9999666666666667,0.7288761042660086,0.9984333333333335,0.7675456818756509,0.9983666666666671
105.0,0.5,0.25,0.31,0.9427027027027026,1.0,0.9056362243450583,1.0,0.7592576180810323,1.0,0.7658747204698065,0.9997,0.9427027027027026,1.0,0.9189633441449697,1.0,0.7316411196047048,1.0,0.7488297942504916,0.9999000000000001
150.0,0.5,0.25,0.02,0.9151516822945394,1.0,0.8734867779150786,0.9606666666666664,0.8253602098515621,0.8593333333333338,0.8220439878309814,0.8129333333333332,0.9151516822945394,1.0,0.9048437789834515,0.9518000000000001,0.8333570866040815,0.8633000000000003,0.8387722100896398,0.7872666666666666
105.0,0.5,0.25,0.41000000000000003,0.9477027027027026,1.0,0.9207081002434144,1.0,0.7523941271625116,0.9999666666666667,0.7610692179810656,0.9999000000000001,0.9477027027027026,1.0,0.9027718367110767,1.0,0.7057687879638677,0.9996,0.7352339443143769,0.9999000000000001
145.0,0.5,0.25,0.43,0.929189189189189,1.0,0.9332466669194853,1.0,0.723891513426986,0.9998666666666668,0.779010108093521,1.0,0.929189189189189,1.0,0.9222623531617994,1.0,0.7232876344717972,1.0,0.7282263658030073,0.9998999999999999
110.0,0.5,0.25,0.0,0.13333333333333333,0.03,0.23335923335923336,0.02093333333333333,0.16433813744373987,0.02973333333333333,0.240530055785109,0.029666666666666668,0.13333333333333333,0.03,0.22668970814132103,0.02403333333333333,0.19821870231331193,0.048966666666666665,0.20459637570909905,0.02666666666666667
145.0,0.5,0.25,0.33,0.9462162162162161,1.0,0.959720291730262,1.0,0.7001900036862804,0.9999000000000001,0.7654653415297463,0.9996333333333334,0.9462162162162161,1.0,0.8952874510976211,1.0,0.7415192301264975,0.9996666666666667,0.7571009531154905,0.9998
110.0,0.5,0.25,0.1,0.9579729729729729,1.0,0.9419411109308736,0.9994666666666667,0.7509467422429326,0.9922333333333333,0.8051154183126721,0.9966333333333333,0.9579729729729729,1.0,0.9418202341340653,1.0,0.7586499381372733,0.9976333333333335,0.7780026415011156,0.9960666666666669
145.0,0.5,0.25,0.23,0.9664864864864865,1.0,0.9210622338612395,1.0,0.726063444226043,0.9990000000000001,0.7459588587988053,0.9997333333333335,0.9664864864864865,1.0,0.9284281022719414,1.0,0.6810138459619418,0.9995666666666666,0.7678848567122262,0.9999666666666667
110.0,0.5,0.25,0.2,0.9447297297297297,1.0,0.9220694116840426,1.0,0.6962655739528032,0.9994333333333333,0.7710565916468204,0.9997999999999999,0.9447297297297297,1.0,0.9404070802159097,0.9999666666666667,0.7509697407292645,0.9997666666666666,0.7694262496265049,0.9997
145.0,0.5,0.25,0.13,0.9244594594594594,1.0,0.9278154347120937,0.9999666666666667,0.7335523472456793,0.9996,0.7608144650862704,0.9987666666666668,0.9244594594594594,1.0,0.9281041160591356,0.9999666666666667,0.7493171909835431,0.9988666666666668,0.7636109787325893,0.9990333333333333
110.0,0.5,0.25,0.3,0.9504219525648097,1.0,0.9209199121377956,1.0,0.737115193701504,0.9997,0.7753807264794952,0.9991666666666668,0.9504219525648097,1.0,0.9159732320725016,1.0,0.7470855647233539,0.9994666666666667,0.7640521952277514,0.9998999999999999
145.0,0.5,0.25,0.03,0.9462162162162161,1.0,0.9266741490996943,0.9893666666666668,0.7916581025596647,0.9476000000000002,0.8243270099025354,0.9355666666666668,0.9462162162162161,1.0,0.9097335032344581,0.9903000000000003,0.7979559973178693,0.9546000000000001,0.8006508632233742,0.9324000000000006
110.0,0.5,0.25,0.4,0.9209459459459458,1.0,0.9216270396759063,1.0,0.6907731533313843,0.9999666666666667,0.7827841008294295,0.9998333333333334,0.9209459459459458,1.0,0.9017759912308265,1.0,0.7227685350543132,0.9995666666666666,0.7334316096216682,0.9998999999999999
140.0,0.5,0.25,0.44,0.9178709321566464,1.0,0.907230515185347,1.0,0.7190220286525048,1.0,0.772293991851415,0.9999000000000001,0.9178709321566464,1.0,0.9111363632979044,1.0,0.6772564428325114,0.9999000000000001,0.7637228172308832,0.9998666666666667
110.0,0.5,0.25,0.5,0.9521787093215665,1.0,0.918331515436925,1.0,0.723278304378334,1.0,0.7729964820290905,1.0,0.9521787093215665,1.0,0.9117130947850451,1.0,0.7259563944273918,0.9999666666666667,0.7619166989029686,1.0
140.0,0.5,0.25,0.34,0.9312162162162161,1.0,0.8995654511717855,1.0,0.7447261775455404,1.0,0.7468510830102528,0.9999000000000001,0.9312162162162161,1.0,0.9072344903533351,1.0,0.7302419689560113,1.0,0.7372010479637787,0.9999666666666667
115.0,0.5,0.25,0.09,0.9529729729729729,1.0,0.9348343739172864,0.9997,0.7434058900188562,0.9944666666666667,0.8177731308156666,0.9957333333333334,0.9529729729729729,1.0,0.9317627191473562,0.9997333333333335,0.7588116955713695,0.9980333333333335,0.7992486902318241,0.995566666666667
140.0,0.5,0.25,0.24,0.9832432432432432,1.0,0.9550405121563311,1.0,0.7398101141873936,0.9987666666666667,0.7661379158853682,0.9999666666666667,0.9832432432432432,1.0,0.9363802983158886,1.0,0.7327847895402981,0.9997666666666667,0.7359469731206328,0.9999333333333333
115.0,0.5,0.25,0.19,0.9579729729729729,1.0,0.9187702898975172,1.0,0.7095589232733217,0.9996666666666667,0.7874016391722786,0.9998666666666668,0.9579729729729729,1.0,0.922327758688429,1.0,0.7429111130461235,0.9997333333333335,0.7613322049026527,0.9995
140.0,0.5,0.25,0.14,0.9486651958080529,1.0,0.9377319110935991,0.9999666666666667,0.7587734434379299,0.9976666666666668,0.7850227587135393,0.9986333333333335,0.9486651958080529,1.0,0.9177280349783936,1.0,0.7245023043998781,0.9981,0.7426260728677556,0.9998333333333335
115.0,0.5,0.25,0.29,0.9547297297297297,1.0,0.9522128561569555,1.0,0.7104096108098397,0.9998999999999999,0.7742114992079486,0.9996666666666667,0.9547297297297297,1.0,0.91870330503473,1.0,0.7204898476738536,0.9998999999999999,0.7689727799754408,0.9997000000000001
140.0,0.5,0.25,0.04,0.9174324324324323,1.0,0.9175229587515358,0.9943666666666666,0.7667766649498832,0.9821333333333334,0.8149681498075022,0.9662333333333335,0.9174324324324323,1.0,0.9238028030853654,0.9954333333333335,0.7703141100844287,0.9871666666666669,0.8094734837054546,0.9758666666666671
115.0,0.5,0.25,0.39,0.9347297297297297,1.0,0.9081647703997772,1.0,0.70756151428453,0.9998999999999999,0.7608973643951289,0.9998666666666668,0.9347297297297297,1.0,0.9097635571642904,1.0,0.72903406909943,0.9999666666666667,0.7559422135988382,1.0
135.0,0.5,0.25,0.45,0.9024324324324323,1.0,0.9039440900092711,1.0,0.7036278863720207,0.9999666666666667,0.7399051990715955,0.9998666666666668,0.9024324324324323,1.0,0.876647213270894,1.0,0.686754132438262,0.9999666666666667,0.7492177161686778,1.0
115.0,0.5,0.25,0.49,0.9194594594594594,1.0,0.9079231603190702,1.0,0.7120278999549062,0.9998999999999999,0.731879638882735,1.0,0.9194594594594594,1.0,0.8593931240071747,1.0,0.688718682197531,0.9999666666666667,0.7394485991147893,0.9997
135.0,0.5,0.25,0.35000000000000003,0.9414864864864865,1.0,0.9221730623241159,1.0,0.7101720527918074,0.9998,0.7341530896400172,0.9999333333333333,0.9414864864864865,1.0,0.8923810849595003,1.0,0.705015244612335,1.0,0.7522004330727212,1.0
120.0,0.5,0.25,0.08,0.9309459459459458,1.0,0.9398750878820661,0.9999666666666667,0.7928058628686284,0.9948333333333333,0.7934966393378773,0.996966666666667,0.9309459459459458,1.0,0.9157903213322856,0.9998999999999999,0.7116723197287235,0.9958333333333335,0.7816146615621793,0.9943666666666668
135.0,0.5,0.25,0.25,0.9547297297297297,1.0,0.9158427231010462,1.0,0.7192756369030664,0.9998999999999999,0.7618249429739241,1.0,0.9547297297297297,1.0,0.935929304283997,1.0,0.7322390312140761,0.9997666666666667,0.7820679843232585,1.0
120.0,0.5,0.25,0.18,0.9412162162162161,1.0,0.9206120601887574,1.0,0.73878801727349,0.9990666666666667,0.7537183031952541,0.9999333333333333,0.9412162162162161,1.0,0.9164541464925173,0.9999333333333333,0.7470266745429488,0.9991333333333333,0.7466277641433693,0.9994666666666667
135.0,0.5,0.25,0.15,0.9128709321566464,1.0,0.9093780570416895,0.9999666666666667,0.7003691188616434,0.9989666666666666,0.7571499600244594,0.9998333333333334,0.9128709321566464,1.0,0.8905999999217942,1.0,0.7687630775774588,0.9997666666666667,0.7614548047676456,0.9995
120.0,0.5,0.25,0.28,0.9354219525648096,1.0,0.8965419876442161,1.0,0.7081160418531567,1.0,0.7450790172583289,0.9998,0.9354219525648096,1.0,0.8812894282312758,1.0,0.7092987439392064,0.9993333333333334,0.7431423721496916,0.9996333333333334
135.0,0.5,0.25,0.05,0.8869084390512961,1.0,0.882195959689501,0.9980333333333334,0.7240795669778456,0.9851666666666667,0.7534414439441403,0.9806000000000001,0.8869084390512961,1.0,0.8629577817343419,0.997966666666667,0.7540201350630048,0.9869,0.7714479073210296,0.9867666666666668
120.0,0.5,0.25,0.38,0.924189189189189,1.0,0.9091260431934214,1.0,0.7132717882891771,1.0,0.7674667206118887,1.0,0.924189189189189,1.0,0.8725143473191689,1.0,0.6908884380248851,1.0,0.7417845106458989,0.9999666666666667
130.0,0.5,0.25,0.46,0.9454219525648097,1.0,0.9441121036680002,1.0,0.7326819574009136,1.0,0.7252600683541114,1.0,0.9454219525648097,1.0,0.8869070803942353,1.0,0.7069988469903119,1.0,0.7498997884789442,1.0
120.0,0.5,0.25,0.48,0.9497297297297297,1.0,0.9357848679720092,1.0,0.7253364148450391,0.9999666666666667,0.742783835386484,0.9997333333333335,0.9497297297297297,1.0,0.9003568268068447,1.0,0.7172916301405913,0.9999666666666667,0.7885957460918851,0.9999666666666667
130.0,0.5,0.25,0.36,0.9521787093215665,1.0,0.9273874169564229,1.0,0.7250824631895607,1.0,0.7648178055502044,0.9998,0.9521787093215665,1.0,0.883327466034736,1.0,0.7091959650809375,0.9999666666666667,0.7267794542378322,1.0
125.0,0.5,0.25,0.07,0.9732432432432432,1.0,0.9521831122990165,0.9995,0.7748614342767923,0.9912666666666667,0.8251744482731468,0.9936000000000001,0.9732432432432432,1.0,0.9172694311165476,0.9998999999999999,0.7545525385565018,0.9943666666666666,0.777660873110403,0.9920000000000003
130.0,0.5,0.25,0.26,0.9429729729729729,1.0,0.9289265853987003,1.0,0.7367428268723626,0.9990000000000001,0.7833992564074909,0.9995333333333335,0.9429729729729729,1.0,0.9271704152695213,1.0,0.721397942047187,0.9997,0.7696021902119109,1.0
125.0,0.5,0.25,0.17,0.9412162162162161,1.0,0.8994673506008237,0.9999333333333333,0.7448819901954543,0.9994000000000001,0.7593106057970079,0.9991666666666668,0.9412162162162161,1.0,0.8922275176307339,0.9999666666666667,0.7256702192722081,0.9981666666666668,0.7621740789406972,0.9993666666666666
130.0,0.5,0.25,0.16,0.9362162162162161,1.0,0.9173386677861793,1.0,0.7501950588574637,0.9985666666666667,0.7788613799513777,0.9990333333333333,0.9362162162162161,1.0,0.8882339609994335,0.9999666666666667,0.7343500427820447,0.9994,0.7607477284898863,0.9996333333333334
125.0,0.5,0.25,0.27,0.9512162162162161,1.0,0.9040533082658433,1.0,0.7375923360562485,0.9995666666666668,0.7875722119650652,1.0,0.9512162162162161,1.0,0.8959609711468578,1.0,0.7036294851406193,1.0,0.7266716946740307,0.9998
130.0,0.5,0.25,0.06,0.9471787093215664,1.0,0.9420973981046882,0.9989666666666668,0.7994272315046921,0.9869000000000001,0.7972161403171991,0.9896000000000004,0.9471787093215664,1.0,0.9368171091639969,0.9988666666666667,0.7950393472870954,0.9931,0.7915570605414552,0.9920333333333337
125.0,0.5,0.25,0.37,0.9529729729729729,1.0,0.9235995652584189,1.0,0.7251985981565171,0.9997666666666666,0.7474104571095372,0.9997,0.9529729729729729,1.0,0.921696753575266,1.0,0.7431261963821874,0.9997999999999999,0.7627679496286072,1.0
125.0,0.5,0.25,0.47000000000000003,0.9521787093215665,1.0,0.9401748637259094,1.0,0.6951566777556013,1.0,0.7316631314450491,0.9998999999999999,0.9521787093215665,1.0,0.8950977139133209,1.0,0.7369015135272722,1.0,0.737715244913431,1.0
