p,delta,m,omni_power_1,omni_power_2,omni_power_3,mase_power_1,mase_power_2,mase_power_3
0.5,0.5,250.0,1.0,0.02,0.0,1.0,0.02,0.0
0.5,0.49,250.0,1.0,0.06,0.02,1.0,0.06,0.02
0.5,0.48,250.0,1.0,0.04,0.04,1.0,0.04,0.04
0.5,0.47000000000000003,250.0,1.0,0.06,0.04,1.0,0.06,0.04
0.5,0.46,250.0,1.0,0.06,0.02,1.0,0.06,0.02
0.5,0.45,250.0,1.0,0.04,0.04,1.0,0.04,0.04
0.5,0.44,250.0,1.0,0.08,0.08,1.0,0.08,0.08
0.5,0.43,250.0,1.0,0.04,0.06,1.0,0.04,0.06
0.5,0.42,250.0,1.0,0.06,0.06,1.0,0.06,0.06
0.5,0.41000000000000003,250.0,1.0,0.06,0.08,1.0,0.06,0.08
0.5,0.4,250.0,1.0,0.08,0.08,1.0,0.08,0.08
0.5,0.39,250.0,1.0,0.0,0.14,1.0,0.0,0.14
0.5,0.38,250.0,1.0,0.06,0.04,1.0,0.06,0.04
0.5,0.37,250.0,1.0,0.04,0.06,1.0,0.02,0.06
0.5,0.36,250.0,1.0,0.04,0.1,1.0,0.06,0.12
0.5,0.35000000000000003,250.0,1.0,0.02,0.02,1.0,0.12,0.12
0.5,0.34,250.0,1.0,0.04,0.04,1.0,0.18,0.18
0.5,0.33,250.0,1.0,0.08,0.0,1.0,0.26,0.18
0.5,0.32,250.0,1.0,0.0,0.06,1.0,0.28,0.3
0.5,0.31,250.0,1.0,0.08,0.06,1.0,0.32,0.2
0.5,0.3,250.0,1.0,0.02,0.08,1.0,0.38,0.38
0.5,0.29,250.0,1.0,0.02,0.1,1.0,0.48,0.42
0.5,0.28,250.0,1.0,0.04,0.04,1.0,0.44,0.34
0.5,0.27,250.0,1.0,0.02,0.1,1.0,0.56,0.5
0.5,0.26,250.0,1.0,0.04,0.06,1.0,0.6,0.48
0.5,0.25,250.0,1.0,0.02,0.02,1.0,0.7,0.56
0.5,0.5,245.0,1.0,0.08,0.06,1.0,0.08,0.06
0.5,0.49,245.0,1.0,0.04,0.04,1.0,0.04,0.04
0.5,0.48,245.0,1.0,0.02,0.04,1.0,0.02,0.04
0.5,0.47000000000000003,245.0,1.0,0.02,0.06,1.0,0.02,0.06
0.5,0.46,245.0,1.0,0.04,0.02,1.0,0.04,0.02
0.5,0.45,245.0,1.0,0.1,0.04,1.0,0.1,0.04
0.5,0.44,245.0,1.0,0.02,0.0,1.0,0.02,0.0
0.5,0.43,245.0,1.0,0.0,0.1,1.0,0.0,0.1
0.5,0.42,245.0,1.0,0.04,0.06,1.0,0.04,0.06
0.5,0.41000000000000003,245.0,1.0,0.06,0.06,1.0,0.06,0.06
0.5,0.4,245.0,1.0,0.06,0.06,1.0,0.06,0.06
0.5,0.39,245.0,1.0,0.14,0.0,1.0,0.16,0.02
0.5,0.38,245.0,1.0,0.02,0.1,1.0,0.02,0.1
0.5,0.37,245.0,1.0,0.02,0.02,1.0,0.04,0.04
0.5,0.36,245.0,1.0,0.06,0.0,1.0,0.08,0.02
0.5,0.35000000000000003,245.0,1.0,0.02,0.1,1.0,0.16,0.18
0.5,0.34,245.0,1.0,0.0,0.06,1.0,0.2,0.22
0.5,0.33,245.0,1.0,0.06,0.06,1.0,0.24,0.2
0.5,0.32,245.0,1.0,0.0,0.08,1.0,0.28,0.24
0.5,0.31,245.0,1.0,0.02,0.06,1.0,0.24,0.26
0.5,0.3,245.0,1.0,0.0,0.08,1.0,0.3,0.26
0.5,0.29,245.0,1.0,0.02,0.0,1.0,0.4,0.24
0.5,0.28,245.0,1.0,0.1,0.06,1.0,0.46,0.36
0.5,0.27,245.0,1.0,0.02,0.0,1.0,0.64,0.52
0.5,0.26,245.0,1.0,0.08,0.0,1.0,0.48,0.34
0.5,0.25,245.0,1.0,0.06,0.04,1.0,0.64,0.58
0.5,0.5,240.0,1.0,0.04,0.02,1.0,0.04,0.02
0.5,0.49,240.0,1.0,0.02,0.08,1.0,0.02,0.08
0.5,0.48,240.0,1.0,0.08,0.02,1.0,0.08,0.02
0.5,0.47000000000000003,240.0,1.0,0.08,0.04,1.0,0.08,0.04
0.5,0.46,240.0,1.0,0.0,0.04,1.0,0.0,0.04
0.5,0.45,240.0,1.0,0.08,0.1,1.0,0.08,0.1
0.5,0.44,240.0,1.0,0.1,0.04,1.0,0.1,0.04
0.5,0.43,240.0,1.0,0.06,0.04,1.0,0.06,0.04
0.5,0.42,240.0,1.0,0.08,0.06,1.0,0.08,0.06
0.5,0.41000000000000003,240.0,1.0,0.06,0.06,1.0,0.06,0.06
0.5,0.4,240.0,1.0,0.02,0.02,1.0,0.02,0.02
0.5,0.39,240.0,1.0,0.06,0.04,1.0,0.06,0.04
0.5,0.38,240.0,1.0,0.02,0.02,1.0,0.02,0.02
0.5,0.37,240.0,1.0,0.1,0.0,1.0,0.14,0.04
0.5,0.36,240.0,1.0,0.04,0.08,1.0,0.1,0.12
0.5,0.35000000000000003,240.0,1.0,0.04,0.04,1.0,0.12,0.12
0.5,0.34,240.0,1.0,0.06,0.08,1.0,0.18,0.22
0.5,0.33,240.0,1.0,0.02,0.06,1.0,0.24,0.2
0.5,0.32,240.0,1.0,0.08,0.06,1.0,0.32,0.2
0.5,0.31,240.0,1.0,0.06,0.02,1.0,0.2,0.14
0.5,0.3,240.0,1.0,0.08,0.12,1.0,0.44,0.42
0.5,0.29,240.0,1.0,0.14,0.04,1.0,0.4,0.34
0.5,0.28,240.0,1.0,0.04,0.0,1.0,0.56,0.48
0.5,0.27,240.0,1.0,0.06,0.08,1.0,0.4,0.38
0.5,0.26,240.0,1.0,0.08,0.04,1.0,0.5,0.4
0.5,0.25,240.0,1.0,0.0,0.06,1.0,0.6,0.52
0.5,0.5,235.0,1.0,0.04,0.08,1.0,0.04,0.08
0.5,0.49,235.0,1.0,0.04,0.08,1.0,0.04,0.08
0.5,0.48,235.0,1.0,0.04,0.06,1.0,0.04,0.06
0.5,0.47000000000000003,235.0,1.0,0.06,0.1,1.0,0.06,0.1
0.5,0.46,235.0,1.0,0.04,0.04,1.0,0.04,0.04
0.5,0.45,235.0,1.0,0.14,0.06,1.0,0.14,0.06
0.5,0.44,235.0,1.0,0.1,0.1,1.0,0.1,0.1
0.5,0.43,235.0,1.0,0.06,0.06,1.0,0.06,0.06
0.5,0.42,235.0,1.0,0.04,0.06,1.0,0.04,0.06
0.5,0.41000000000000003,235.0,1.0,0.1,0.02,1.0,0.1,0.02
0.5,0.4,235.0,1.0,0.04,0.06,1.0,0.04,0.06
0.5,0.39,235.0,1.0,0.0,0.04,1.0,0.0,0.04
0.5,0.38,235.0,1.0,0.02,0.02,1.0,0.04,0.04
0.5,0.37,235.0,1.0,0.06,0.04,1.0,0.08,0.04
0.5,0.36,235.0,1.0,0.04,0.04,1.0,0.14,0.12
0.5,0.35000000000000003,235.0,1.0,0.06,0.06,1.0,0.12,0.1
0.5,0.34,235.0,1.0,0.06,0.0,1.0,0.12,0.08
0.5,0.33,235.0,1.0,0.06,0.0,1.0,0.36,0.2
0.5,0.32,235.0,1.0,0.16,0.04,1.0,0.4,0.28
0.5,0.31,235.0,1.0,0.08,0.04,1.0,0.48,0.36
0.5,0.3,235.0,1.0,0.04,0.02,1.0,0.34,0.28
0.5,0.29,235.0,1.0,0.06,0.08,1.0,0.36,0.32
0.5,0.28,235.0,1.0,0.06,0.06,1.0,0.4,0.3
0.5,0.27,235.0,1.0,0.04,0.0,1.0,0.56,0.48
0.5,0.26,235.0,1.0,0.02,0.04,1.0,0.66,0.68
0.5,0.25,235.0,1.0,0.06,0.04,1.0,0.54,0.46
0.5,0.5,230.0,1.0,0.02,0.04,1.0,0.02,0.04
0.5,0.49,230.0,1.0,0.02,0.1,1.0,0.02,0.1
0.5,0.48,230.0,1.0,0.04,0.04,1.0,0.04,0.04
0.5,0.47000000000000003,230.0,1.0,0.04,0.02,1.0,0.04,0.02
0.5,0.46,230.0,1.0,0.04,0.06,1.0,0.04,0.06
0.5,0.45,230.0,1.0,0.12,0.0,1.0,0.12,0.0
0.5,0.44,230.0,1.0,0.02,0.06,1.0,0.02,0.06
0.5,0.43,230.0,1.0,0.06,0.08,1.0,0.06,0.08
0.5,0.42,230.0,1.0,0.0,0.08,1.0,0.0,0.08
0.5,0.41000000000000003,230.0,1.0,0.02,0.08,1.0,0.02,0.08
0.5,0.4,230.0,1.0,0.04,0.08,1.0,0.04,0.08
0.5,0.39,230.0,1.0,0.02,0.04,1.0,0.02,0.04
0.5,0.38,230.0,1.0,0.1,0.02,1.0,0.1,0.02
0.5,0.37,230.0,1.0,0.02,0.04,1.0,0.02,0.04
0.5,0.36,230.0,1.0,0.08,0.04,1.0,0.12,0.04
0.5,0.35000000000000003,230.0,1.0,0.06,0.0,1.0,0.12,0.08
0.5,0.34,230.0,1.0,0.0,0.02,1.0,0.18,0.2
0.5,0.33,230.0,1.0,0.06,0.1,1.0,0.24,0.28
0.5,0.32,230.0,1.0,0.12,0.0,1.0,0.28,0.16
0.5,0.31,230.0,1.0,0.0,0.08,1.0,0.2,0.26
0.5,0.3,230.0,1.0,0.04,0.02,1.0,0.4,0.3
0.5,0.29,230.0,1.0,0.0,0.0,1.0,0.6,0.5
0.5,0.28,230.0,1.0,0.12,0.04,1.0,0.54,0.4
0.5,0.27,230.0,1.0,0.02,0.0,1.0,0.56,0.48
0.5,0.26,230.0,1.0,0.08,0.08,1.0,0.7,0.58
0.5,0.25,230.0,1.0,0.08,0.04,1.0,0.66,0.48
0.5,0.5,225.0,1.0,0.02,0.02,1.0,0.02,0.02
0.5,0.49,225.0,1.0,0.1,0.0,1.0,0.1,0.0
0.5,0.48,225.0,1.0,0.04,0.06,1.0,0.04,0.06
0.5,0.47000000000000003,225.0,1.0,0.04,0.02,1.0,0.04,0.02
0.5,0.46,225.0,1.0,0.02,0.06,1.0,0.02,0.06
0.5,0.45,225.0,1.0,0.06,0.1,1.0,0.06,0.1
0.5,0.44,225.0,1.0,0.06,0.06,1.0,0.06,0.06
0.5,0.43,225.0,1.0,0.06,0.02,1.0,0.06,0.02
0.5,0.42,225.0,1.0,0.06,0.04,1.0,0.06,0.04
0.5,0.41000000000000003,225.0,1.0,0.04,0.08,1.0,0.04,0.08
0.5,0.4,225.0,1.0,0.04,0.04,1.0,0.04,0.04
0.5,0.39,225.0,1.0,0.04,0.08,1.0,0.04,0.08
0.5,0.38,225.0,1.0,0.1,0.14,1.0,0.1,0.16
0.5,0.37,225.0,1.0,0.02,0.08,1.0,0.04,0.1
0.5,0.36,225.0,1.0,0.1,0.02,1.0,0.14,0.04
0.5,0.35000000000000003,225.0,1.0,0.02,0.04,1.0,0.18,0.2
0.5,0.34,225.0,1.0,0.04,0.06,1.0,0.16,0.18
0.5,0.33,225.0,1.0,0.04,0.1,1.0,0.22,0.24
0.5,0.32,225.0,1.0,0.08,0.1,1.0,0.4,0.26
0.5,0.31,225.0,1.0,0.12,0.1,1.0,0.34,0.3
0.5,0.3,225.0,1.0,0.04,0.02,1.0,0.38,0.3
0.5,0.29,225.0,1.0,0.06,0.02,1.0,0.44,0.36
0.5,0.28,225.0,1.0,0.0,0.06,1.0,0.5,0.44
0.5,0.27,225.0,1.0,0.04,0.04,1.0,0.6,0.48
0.5,0.26,225.0,1.0,0.02,0.04,1.0,0.4,0.42
0.5,0.25,225.0,1.0,0.04,0.1,1.0,0.52,0.44
0.5,0.5,220.0,1.0,0.08,0.06,1.0,0.08,0.06
0.5,0.49,220.0,1.0,0.1,0.08,1.0,0.1,0.08
0.5,0.48,220.0,1.0,0.02,0.04,1.0,0.02,0.04
0.5,0.47000000000000003,220.0,1.0,0.02,0.08,1.0,0.02,0.08
0.5,0.46,220.0,1.0,0.06,0.06,1.0,0.06,0.06
0.5,0.45,220.0,1.0,0.02,0.06,1.0,0.02,0.06
0.5,0.44,220.0,1.0,0.0,0.08,1.0,0.0,0.08
0.5,0.43,220.0,1.0,0.1,0.02,1.0,0.1,0.02
0.5,0.42,220.0,1.0,0.08,0.06,1.0,0.08,0.06
0.5,0.41000000000000003,220.0,1.0,0.06,0.02,1.0,0.06,0.02
0.5,0.4,220.0,1.0,0.04,0.12,1.0,0.04,0.12
0.5,0.39,220.0,1.0,0.04,0.04,1.0,0.04,0.04
0.5,0.38,220.0,1.0,0.02,0.06,1.0,0.02,0.06
0.5,0.37,220.0,1.0,0.02,0.02,1.0,0.06,0.04
0.5,0.36,220.0,1.0,0.04,0.1,1.0,0.08,0.14
0.5,0.35000000000000003,220.0,1.0,0.06,0.06,1.0,0.06,0.06
0.5,0.34,220.0,1.0,0.04,0.1,1.0,0.26,0.18
0.5,0.33,220.0,1.0,0.02,0.04,1.0,0.2,0.18
0.5,0.32,220.0,1.0,0.1,0.06,1.0,0.28,0.22
0.5,0.31,220.0,1.0,0.04,0.02,1.0,0.36,0.28
0.5,0.3,220.0,1.0,0.04,0.08,1.0,0.36,0.32
0.5,0.29,220.0,1.0,0.0,0.04,1.0,0.52,0.42
0.5,0.28,220.0,1.0,0.06,0.02,1.0,0.46,0.36
0.5,0.27,220.0,1.0,0.0,0.04,1.0,0.44,0.44
0.5,0.26,220.0,1.0,0.04,0.14,1.0,0.48,0.44
0.5,0.25,220.0,1.0,0.08,0.06,1.0,0.62,0.5
0.5,0.5,215.0,1.0,0.04,0.1,1.0,0.04,0.1
0.5,0.49,215.0,1.0,0.04,0.06,1.0,0.04,0.06
0.5,0.48,215.0,1.0,0.04,0.06,1.0,0.04,0.06
0.5,0.47000000000000003,215.0,1.0,0.06,0.02,1.0,0.06,0.02
0.5,0.46,215.0,1.0,0.04,0.1,1.0,0.04,0.1
0.5,0.45,215.0,1.0,0.12,0.06,1.0,0.12,0.06
0.5,0.44,215.0,1.0,0.04,0.06,1.0,0.04,0.06
0.5,0.43,215.0,1.0,0.08,0.04,1.0,0.08,0.04
0.5,0.42,215.0,1.0,0.04,0.12,1.0,0.04,0.12
0.5,0.41000000000000003,215.0,1.0,0.04,0.04,1.0,0.04,0.04
0.5,0.4,215.0,1.0,0.06,0.0,1.0,0.06,0.0
0.5,0.39,215.0,1.0,0.04,0.02,1.0,0.04,0.02
0.5,0.38,215.0,1.0,0.04,0.06,1.0,0.04,0.06
0.5,0.37,215.0,1.0,0.02,0.08,1.0,0.02,0.08
0.5,0.36,215.0,1.0,0.12,0.02,1.0,0.22,0.12
0.5,0.35000000000000003,215.0,1.0,0.06,0.0,1.0,0.2,0.12
0.5,0.34,215.0,1.0,0.04,0.12,1.0,0.16,0.12
0.5,0.33,215.0,1.0,0.08,0.08,1.0,0.28,0.24
0.5,0.32,215.0,1.0,0.02,0.1,1.0,0.3,0.34
0.5,0.31,215.0,1.0,0.04,0.0,1.0,0.32,0.3
0.5,0.3,215.0,1.0,0.06,0.06,1.0,0.3,0.26
0.5,0.29,215.0,1.0,0.12,0.02,1.0,0.54,0.4
0.5,0.28,215.0,1.0,0.04,0.12,1.0,0.52,0.46
0.5,0.27,215.0,1.0,0.02,0.04,1.0,0.64,0.52
0.5,0.26,215.0,1.0,0.06,0.04,1.0,0.58,0.46
0.5,0.25,215.0,1.0,0.06,0.04,1.0,0.56,0.48
0.5,0.5,210.0,1.0,0.08,0.06,1.0,0.08,0.06
0.5,0.49,210.0,1.0,0.06,0.04,1.0,0.06,0.04
0.5,0.48,210.0,1.0,0.04,0.04,1.0,0.04,0.04
0.5,0.47000000000000003,210.0,1.0,0.04,0.06,1.0,0.04,0.06
0.5,0.46,210.0,1.0,0.04,0.1,1.0,0.04,0.1
0.5,0.45,210.0,1.0,0.04,0.06,1.0,0.04,0.06
0.5,0.44,210.0,1.0,0.1,0.04,1.0,0.1,0.04
0.5,0.43,210.0,1.0,0.0,0.08,1.0,0.0,0.08
0.5,0.42,210.0,1.0,0.1,0.06,1.0,0.1,0.06
0.5,0.41000000000000003,210.0,1.0,0.02,0.08,1.0,0.02,0.08
0.5,0.4,210.0,1.0,0.04,0.06,1.0,0.04,0.06
0.5,0.39,210.0,1.0,0.02,0.0,1.0,0.02,0.0
0.5,0.38,210.0,1.0,0.02,0.04,1.0,0.02,0.02
0.5,0.37,210.0,1.0,0.06,0.06,1.0,0.06,0.06
0.5,0.36,210.0,1.0,0.02,0.06,1.0,0.1,0.12
0.5,0.35000000000000003,210.0,1.0,0.08,0.06,1.0,0.16,0.14
0.5,0.34,210.0,1.0,0.08,0.04,1.0,0.32,0.26
0.5,0.33,210.0,1.0,0.06,0.06,1.0,0.24,0.26
0.5,0.32,210.0,1.0,0.06,0.08,1.0,0.22,0.18
0.5,0.31,210.0,1.0,0.08,0.02,1.0,0.42,0.32
0.5,0.3,210.0,1.0,0.08,0.04,1.0,0.44,0.38
0.5,0.29,210.0,1.0,0.02,0.04,1.0,0.54,0.42
0.5,0.28,210.0,1.0,0.08,0.08,1.0,0.52,0.38
0.5,0.27,210.0,1.0,0.04,0.04,1.0,0.5,0.38
0.5,0.26,210.0,1.0,0.06,0.08,1.0,0.68,0.54
0.5,0.25,210.0,1.0,0.04,0.02,1.0,0.72,0.58
0.5,0.5,205.0,1.0,0.04,0.04,1.0,0.04,0.04
0.5,0.49,205.0,1.0,0.08,0.04,1.0,0.08,0.04
0.5,0.48,205.0,1.0,0.02,0.04,1.0,0.02,0.04
0.5,0.47000000000000003,205.0,1.0,0.04,0.02,1.0,0.04,0.02
0.5,0.46,205.0,1.0,0.08,0.04,1.0,0.08,0.04
0.5,0.45,205.0,1.0,0.08,0.0,1.0,0.08,0.0
0.5,0.44,205.0,1.0,0.02,0.06,1.0,0.02,0.06
0.5,0.43,205.0,1.0,0.06,0.04,1.0,0.06,0.04
0.5,0.42,205.0,1.0,0.0,0.02,1.0,0.0,0.02
0.5,0.41000000000000003,205.0,1.0,0.06,0.02,1.0,0.06,0.02
0.5,0.4,205.0,1.0,0.02,0.1,1.0,0.02,0.1
0.5,0.39,205.0,1.0,0.0,0.04,1.0,0.0,0.04
0.5,0.38,205.0,1.0,0.02,0.02,1.0,0.04,0.02
0.5,0.37,205.0,1.0,0.04,0.08,1.0,0.08,0.12
0.5,0.36,205.0,1.0,0.08,0.04,1.0,0.16,0.12
0.5,0.35000000000000003,205.0,1.0,0.04,0.06,1.0,0.1,0.08
0.5,0.34,205.0,1.0,0.02,0.02,1.0,0.18,0.14
0.5,0.33,205.0,1.0,0.04,0.1,1.0,0.16,0.2
0.5,0.32,205.0,1.0,0.08,0.08,1.0,0.42,0.36
0.5,0.31,205.0,1.0,0.04,0.02,1.0,0.36,0.28
0.5,0.3,205.0,1.0,0.08,0.02,1.0,0.48,0.32
0.5,0.29,205.0,1.0,0.06,0.02,1.0,0.56,0.48
0.5,0.28,205.0,1.0,0.08,0.04,1.0,0.58,0.48
0.5,0.27,205.0,1.0,0.02,0.06,1.0,0.56,0.56
0.5,0.26,205.0,1.0,0.02,0.12,1.0,0.6,0.56
0.5,0.25,205.0,1.0,0.04,0.02,1.0,0.64,0.56
0.5,0.5,200.0,1.0,0.04,0.0,1.0,0.04,0.0
0.5,0.49,200.0,1.0,0.08,0.06,1.0,0.08,0.06
0.5,0.48,200.0,1.0,0.0,0.0,1.0,0.0,0.0
0.5,0.47000000000000003,200.0,1.0,0.04,0.06,1.0,0.04,0.06
0.5,0.46,200.0,1.0,0.02,0.08,1.0,0.02,0.08
0.5,0.45,200.0,1.0,0.1,0.0,1.0,0.1,0.0
0.5,0.44,200.0,1.0,0.04,0.0,1.0,0.04,0.0
0.5,0.43,200.0,1.0,0.08,0.06,1.0,0.08,0.06
0.5,0.42,200.0,1.0,0.0,0.04,1.0,0.0,0.04
0.5,0.41000000000000003,200.0,1.0,0.2,0.02,1.0,0.2,0.02
0.5,0.4,200.0,1.0,0.02,0.02,1.0,0.02,0.02
0.5,0.39,200.0,1.0,0.04,0.04,1.0,0.04,0.04
0.5,0.38,200.0,1.0,0.0,0.08,1.0,0.0,0.08
0.5,0.37,200.0,1.0,0.06,0.06,1.0,0.08,0.08
0.5,0.36,200.0,1.0,0.06,0.04,1.0,0.1,0.1
0.5,0.35000000000000003,200.0,1.0,0.02,0.06,1.0,0.06,0.12
0.5,0.34,200.0,1.0,0.08,0.06,1.0,0.26,0.22
0.5,0.33,200.0,1.0,0.04,0.04,1.0,0.28,0.18
0.5,0.32,200.0,1.0,0.04,0.08,1.0,0.26,0.26
0.5,0.31,200.0,1.0,0.08,0.04,1.0,0.4,0.22
0.5,0.3,200.0,1.0,0.06,0.04,1.0,0.44,0.34
0.5,0.29,200.0,1.0,0.02,0.04,1.0,0.56,0.5
0.5,0.28,200.0,1.0,0.06,0.0,1.0,0.46,0.4
0.5,0.27,200.0,1.0,0.04,0.0,1.0,0.58,0.42
0.5,0.26,200.0,1.0,0.06,0.02,1.0,0.6,0.48
0.5,0.25,200.0,1.0,0.02,0.04,1.0,0.58,0.54
0.5,0.5,195.0,1.0,0.04,0.0,1.0,0.04,0.0
0.5,0.49,195.0,1.0,0.04,0.06,1.0,0.04,0.06
0.5,0.48,195.0,1.0,0.02,0.02,1.0,0.02,0.02
0.5,0.47000000000000003,195.0,1.0,0.08,0.08,1.0,0.08,0.08
0.5,0.46,195.0,1.0,0.06,0.0,1.0,0.06,0.0
0.5,0.45,195.0,1.0,0.04,0.04,1.0,0.04,0.04
0.5,0.44,195.0,1.0,0.02,0.04,1.0,0.02,0.04
0.5,0.43,195.0,1.0,0.08,0.04,1.0,0.08,0.04
0.5,0.42,195.0,1.0,0.08,0.08,1.0,0.08,0.08
0.5,0.41000000000000003,195.0,1.0,0.06,0.04,1.0,0.06,0.04
0.5,0.4,195.0,1.0,0.06,0.06,1.0,0.06,0.06
0.5,0.39,195.0,1.0,0.02,0.04,1.0,0.02,0.04
0.5,0.38,195.0,1.0,0.04,0.08,1.0,0.06,0.08
0.5,0.37,195.0,1.0,0.12,0.06,1.0,0.16,0.12
0.5,0.36,195.0,1.0,0.04,0.02,1.0,0.1,0.04
0.5,0.35000000000000003,195.0,1.0,0.06,0.02,1.0,0.14,0.06
0.5,0.34,195.0,1.0,0.04,0.02,1.0,0.2,0.18
0.5,0.33,195.0,1.0,0.06,0.08,1.0,0.2,0.22
0.5,0.32,195.0,1.0,0.04,0.08,1.0,0.38,0.28
0.5,0.31,195.0,1.0,0.06,0.04,1.0,0.44,0.34
0.5,0.3,195.0,1.0,0.02,0.04,1.0,0.38,0.28
0.5,0.29,195.0,1.0,0.02,0.06,1.0,0.52,0.42
0.5,0.28,195.0,1.0,0.06,0.04,1.0,0.54,0.5
0.5,0.27,195.0,1.0,0.04,0.06,1.0,0.68,0.64
0.5,0.26,195.0,1.0,0.1,0.08,1.0,0.64,0.46
0.5,0.25,195.0,1.0,0.06,0.02,1.0,0.58,0.46
0.5,0.5,190.0,1.0,0.02,0.04,1.0,0.02,0.04
0.5,0.49,190.0,1.0,0.06,0.04,1.0,0.06,0.04
0.5,0.48,190.0,1.0,0.02,0.04,1.0,0.02,0.04
0.5,0.47000000000000003,190.0,1.0,0.04,0.02,1.0,0.04,0.02
0.5,0.46,190.0,1.0,0.04,0.04,1.0,0.04,0.04
0.5,0.45,190.0,1.0,0.04,0.04,1.0,0.04,0.04
0.5,0.44,190.0,1.0,0.1,0.02,1.0,0.1,0.02
0.5,0.43,190.0,1.0,0.1,0.04,1.0,0.1,0.04
0.5,0.42,190.0,1.0,0.06,0.02,1.0,0.06,0.02
0.5,0.41000000000000003,190.0,1.0,0.04,0.08,1.0,0.04,0.08
0.5,0.4,190.0,1.0,0.04,0.02,1.0,0.04,0.02
0.5,0.39,190.0,1.0,0.02,0.08,1.0,0.02,0.08
0.5,0.38,190.0,1.0,0.04,0.04,1.0,0.04,0.06
0.5,0.37,190.0,1.0,0.04,0.02,1.0,0.06,0.04
0.5,0.36,190.0,1.0,0.08,0.08,1.0,0.18,0.16
0.5,0.35000000000000003,190.0,1.0,0.0,0.06,1.0,0.18,0.2
0.5,0.34,190.0,1.0,0.06,0.04,1.0,0.16,0.16
0.5,0.33,190.0,1.0,0.1,0.02,1.0,0.22,0.12
0.5,0.32,190.0,1.0,0.0,0.02,1.0,0.36,0.3
0.5,0.31,190.0,1.0,0.0,0.06,1.0,0.38,0.38
0.5,0.3,190.0,1.0,0.04,0.02,1.0,0.4,0.34
0.5,0.29,190.0,1.0,0.06,0.08,1.0,0.54,0.52
0.5,0.28,190.0,1.0,0.02,0.06,1.0,0.56,0.52
0.5,0.27,190.0,1.0,0.06,0.06,1.0,0.62,0.56
0.5,0.26,190.0,1.0,0.02,0.06,1.0,0.62,0.58
0.5,0.25,190.0,1.0,0.06,0.04,1.0,0.68,0.62
0.5,0.5,185.0,1.0,0.04,0.04,1.0,0.04,0.04
0.5,0.49,185.0,1.0,0.04,0.06,1.0,0.04,0.06
0.5,0.48,185.0,1.0,0.06,0.02,1.0,0.06,0.02
0.5,0.47000000000000003,185.0,1.0,0.12,0.16,1.0,0.12,0.16
0.5,0.46,185.0,1.0,0.08,0.02,1.0,0.08,0.02
0.5,0.45,185.0,1.0,0.06,0.12,1.0,0.06,0.12
0.5,0.44,185.0,1.0,0.02,0.04,1.0,0.02,0.04
0.5,0.43,185.0,1.0,0.02,0.02,1.0,0.02,0.02
0.5,0.42,185.0,1.0,0.02,0.06,1.0,0.02,0.06
0.5,0.41000000000000003,185.0,1.0,0.02,0.02,1.0,0.02,0.02
0.5,0.4,185.0,1.0,0.02,0.0,1.0,0.02,0.0
0.5,0.39,185.0,1.0,0.04,0.02,1.0,0.06,0.04
0.5,0.38,185.0,1.0,0.06,0.1,1.0,0.08,0.12
0.5,0.37,185.0,1.0,0.06,0.06,1.0,0.12,0.12
0.5,0.36,185.0,1.0,0.02,0.06,1.0,0.14,0.12
0.5,0.35000000000000003,185.0,1.0,0.06,0.08,1.0,0.1,0.1
0.5,0.34,185.0,1.0,0.14,0.06,1.0,0.28,0.14
0.5,0.33,185.0,1.0,0.06,0.04,1.0,0.28,0.24
0.5,0.32,185.0,1.0,0.04,0.04,1.0,0.28,0.24
0.5,0.31,185.0,1.0,0.08,0.02,1.0,0.48,0.36
0.5,0.3,185.0,1.0,0.02,0.04,1.0,0.44,0.34
0.5,0.29,185.0,1.0,0.06,0.04,1.0,0.38,0.24
0.5,0.28,185.0,1.0,0.1,0.04,1.0,0.56,0.42
0.5,0.27,185.0,1.0,0.04,0.08,1.0,0.66,0.58
0.5,0.26,185.0,1.0,0.02,0.02,1.0,0.6,0.46
0.5,0.25,185.0,1.0,0.04,0.04,1.0,0.7,0.62
0.5,0.5,180.0,1.0,0.04,0.1,1.0,0.04,0.1
0.5,0.49,180.0,1.0,0.06,0.04,1.0,0.06,0.04
0.5,0.48,180.0,1.0,0.02,0.04,1.0,0.02,0.04
0.5,0.47000000000000003,180.0,1.0,0.02,0.02,1.0,0.02,0.02
0.5,0.46,180.0,1.0,0.08,0.06,1.0,0.08,0.06
0.5,0.45,180.0,1.0,0.02,0.06,1.0,0.02,0.06
0.5,0.44,180.0,1.0,0.04,0.06,1.0,0.04,0.06
0.5,0.43,180.0,1.0,0.04,0.08,1.0,0.04,0.08
0.5,0.42,180.0,1.0,0.08,0.06,1.0,0.08,0.06
0.5,0.41000000000000003,180.0,1.0,0.08,0.1,1.0,0.08,0.1
0.5,0.4,180.0,1.0,0.02,0.04,1.0,0.02,0.04
0.5,0.39,180.0,1.0,0.04,0.02,1.0,0.04,0.02
0.5,0.38,180.0,1.0,0.08,0.1,1.0,0.1,0.12
0.5,0.37,180.0,1.0,0.04,0.08,1.0,0.1,0.14
0.5,0.36,180.0,1.0,0.04,0.02,1.0,0.12,0.08
0.5,0.35000000000000003,180.0,1.0,0.02,0.1,1.0,0.12,0.18
0.5,0.34,180.0,1.0,0.02,0.02,1.0,0.26,0.22
0.5,0.33,180.0,1.0,0.02,0.06,1.0,0.24,0.18
0.5,0.32,180.0,1.0,0.02,0.04,1.0,0.3,0.26
0.5,0.31,180.0,1.0,0.08,0.06,1.0,0.46,0.3
0.5,0.3,180.0,1.0,0.08,0.08,1.0,0.4,0.26
0.5,0.29,180.0,1.0,0.04,0.02,1.0,0.44,0.32
0.5,0.28,180.0,1.0,0.1,0.02,1.0,0.64,0.5
0.5,0.27,180.0,1.0,0.0,0.06,1.0,0.64,0.46
0.5,0.26,180.0,1.0,0.02,0.06,1.0,0.72,0.66
0.5,0.25,180.0,1.0,0.02,0.08,1.0,0.78,0.62
0.5,0.5,175.0,1.0,0.1,0.06,1.0,0.1,0.06
0.5,0.49,175.0,1.0,0.06,0.04,1.0,0.06,0.04
0.5,0.48,175.0,1.0,0.02,0.04,1.0,0.02,0.04
0.5,0.47000000000000003,175.0,1.0,0.02,0.04,1.0,0.02,0.04
0.5,0.46,175.0,1.0,0.1,0.06,1.0,0.1,0.06
0.5,0.45,175.0,1.0,0.14,0.02,1.0,0.14,0.02
0.5,0.44,175.0,1.0,0.04,0.08,1.0,0.04,0.08
0.5,0.43,175.0,1.0,0.04,0.12,1.0,0.04,0.12
0.5,0.42,175.0,1.0,0.0,0.06,1.0,0.0,0.06
0.5,0.41000000000000003,175.0,1.0,0.04,0.04,1.0,0.04,0.04
0.5,0.4,175.0,1.0,0.06,0.04,1.0,0.06,0.04
0.5,0.39,175.0,1.0,0.1,0.06,1.0,0.1,0.06
0.5,0.38,175.0,1.0,0.1,0.02,1.0,0.14,0.04
0.5,0.37,175.0,1.0,0.06,0.06,1.0,0.12,0.14
0.5,0.36,175.0,1.0,0.04,0.06,1.0,0.08,0.1
0.5,0.35000000000000003,175.0,1.0,0.08,0.06,1.0,0.24,0.18
0.5,0.34,175.0,1.0,0.02,0.08,1.0,0.24,0.24
0.5,0.33,175.0,1.0,0.06,0.06,1.0,0.28,0.24
0.5,0.32,175.0,1.0,0.04,0.02,1.0,0.44,0.3
0.5,0.31,175.0,1.0,0.04,0.06,1.0,0.52,0.34
0.5,0.3,175.0,1.0,0.08,0.1,1.0,0.38,0.28
0.5,0.29,175.0,1.0,0.06,0.06,1.0,0.34,0.24
0.5,0.28,175.0,1.0,0.02,0.02,1.0,0.54,0.48
0.5,0.27,175.0,1.0,0.1,0.04,1.0,0.66,0.42
0.5,0.26,175.0,1.0,0.02,0.08,1.0,0.48,0.4
0.5,0.25,175.0,1.0,0.04,0.02,1.0,0.62,0.5
0.5,0.5,170.0,1.0,0.08,0.06,1.0,0.08,0.06
0.5,0.49,170.0,1.0,0.02,0.04,1.0,0.02,0.04
0.5,0.48,170.0,1.0,0.08,0.04,1.0,0.08,0.04
0.5,0.47000000000000003,170.0,1.0,0.02,0.1,1.0,0.02,0.1
0.5,0.46,170.0,1.0,0.06,0.0,1.0,0.06,0.0
0.5,0.45,170.0,1.0,0.02,0.04,1.0,0.02,0.04
0.5,0.44,170.0,1.0,0.0,0.04,1.0,0.0,0.04
0.5,0.43,170.0,1.0,0.14,0.02,1.0,0.14,0.02
0.5,0.42,170.0,1.0,0.04,0.06,1.0,0.04,0.06
0.5,0.41000000000000003,170.0,1.0,0.02,0.02,1.0,0.02,0.02
0.5,0.4,170.0,1.0,0.04,0.1,1.0,0.06,0.12
0.5,0.39,170.0,1.0,0.08,0.08,1.0,0.08,0.06
0.5,0.38,170.0,1.0,0.04,0.12,1.0,0.08,0.16
0.5,0.37,170.0,1.0,0.0,0.02,1.0,0.08,0.04
0.5,0.36,170.0,1.0,0.04,0.02,1.0,0.14,0.12
0.5,0.35000000000000003,170.0,1.0,0.08,0.08,1.0,0.2,0.18
0.5,0.34,170.0,1.0,0.02,0.02,1.0,0.2,0.08
0.5,0.33,170.0,1.0,0.0,0.02,1.0,0.18,0.2
0.5,0.32,170.0,1.0,0.12,0.04,1.0,0.34,0.22
0.5,0.31,170.0,1.0,0.04,0.04,1.0,0.44,0.32
0.5,0.3,170.0,1.0,0.06,0.04,1.0,0.44,0.36
0.5,0.29,170.0,1.0,0.06,0.08,1.0,0.52,0.42
0.5,0.28,170.0,1.0,0.08,0.12,1.0,0.56,0.5
0.5,0.27,170.0,1.0,0.02,0.04,1.0,0.52,0.46
0.5,0.26,170.0,1.0,0.02,0.02,1.0,0.68,0.52
0.5,0.25,170.0,1.0,0.12,0.06,1.0,0.62,0.56
0.5,0.5,165.0,1.0,0.04,0.08,1.0,0.04,0.08
0.5,0.49,165.0,1.0,0.08,0.0,1.0,0.08,0.0
0.5,0.48,165.0,1.0,0.06,0.06,1.0,0.06,0.06
0.5,0.47000000000000003,165.0,1.0,0.04,0.04,1.0,0.04,0.04
0.5,0.46,165.0,1.0,0.06,0.0,1.0,0.06,0.0
0.5,0.45,165.0,1.0,0.06,0.04,1.0,0.06,0.04
0.5,0.44,165.0,1.0,0.1,0.08,1.0,0.1,0.08
0.5,0.43,165.0,1.0,0.0,0.06,1.0,0.0,0.06
0.5,0.42,165.0,1.0,0.04,0.08,1.0,0.04,0.08
0.5,0.41000000000000003,165.0,1.0,0.0,0.06,1.0,0.0,0.06
0.5,0.4,165.0,1.0,0.02,0.04,1.0,0.02,0.04
0.5,0.39,165.0,1.0,0.06,0.04,1.0,0.06,0.04
0.5,0.38,165.0,1.0,0.08,0.06,1.0,0.1,0.08
0.5,0.37,165.0,1.0,0.04,0.04,1.0,0.06,0.06
0.5,0.36,165.0,1.0,0.02,0.08,1.0,0.14,0.14
0.5,0.35000000000000003,165.0,1.0,0.02,0.06,1.0,0.12,0.16
0.5,0.34,165.0,1.0,0.04,0.04,1.0,0.14,0.16
0.5,0.33,165.0,1.0,0.02,0.1,1.0,0.38,0.42
0.5,0.32,165.0,1.0,0.06,0.04,1.0,0.36,0.28
0.5,0.31,165.0,1.0,0.02,0.06,1.0,0.46,0.44
0.5,0.3,165.0,1.0,0.02,0.06,1.0,0.52,0.38
0.5,0.29,165.0,1.0,0.02,0.04,1.0,0.46,0.34
0.5,0.28,165.0,1.0,0.02,0.04,1.0,0.42,0.38
0.5,0.27,165.0,1.0,0.04,0.02,1.0,0.68,0.56
0.5,0.26,165.0,1.0,0.1,0.08,1.0,0.78,0.68
0.5,0.25,165.0,1.0,0.02,0.12,1.0,0.7,0.66
0.5,0.5,160.0,1.0,0.06,0.06,1.0,0.06,0.06
0.5,0.49,160.0,1.0,0.06,0.08,1.0,0.06,0.08
0.5,0.48,160.0,1.0,0.02,0.08,1.0,0.02,0.08
0.5,0.47000000000000003,160.0,1.0,0.04,0.04,1.0,0.04,0.04
0.5,0.46,160.0,1.0,0.02,0.0,1.0,0.02,0.0
0.5,0.45,160.0,1.0,0.02,0.02,1.0,0.02,0.02
0.5,0.44,160.0,1.0,0.1,0.04,1.0,0.1,0.04
0.5,0.43,160.0,1.0,0.08,0.08,1.0,0.08,0.08
0.5,0.42,160.0,1.0,0.14,0.02,1.0,0.14,0.02
0.5,0.41000000000000003,160.0,1.0,0.02,0.06,1.0,0.02,0.06
0.5,0.4,160.0,1.0,0.0,0.06,1.0,0.0,0.06
0.5,0.39,160.0,1.0,0.06,0.0,1.0,0.06,0.0
0.5,0.38,160.0,1.0,0.08,0.04,1.0,0.1,0.06
0.5,0.37,160.0,1.0,0.06,0.04,1.0,0.1,0.02
0.5,0.36,160.0,1.0,0.0,0.04,1.0,0.2,0.2
0.5,0.35000000000000003,160.0,1.0,0.04,0.04,1.0,0.12,0.12
0.5,0.34,160.0,1.0,0.06,0.06,1.0,0.26,0.24
0.5,0.33,160.0,1.0,0.08,0.02,1.0,0.38,0.2
0.5,0.32,160.0,1.0,0.04,0.06,1.0,0.38,0.38
0.5,0.31,160.0,1.0,0.06,0.06,1.0,0.5,0.48
0.5,0.3,160.0,1.0,0.08,0.02,1.0,0.4,0.3
0.5,0.29,160.0,1.0,0.02,0.02,1.0,0.48,0.38
0.5,0.28,160.0,1.0,0.04,0.0,1.0,0.52,0.42
0.5,0.27,160.0,1.0,0.12,0.14,1.0,0.64,0.54
0.5,0.26,160.0,1.0,0.0,0.04,1.0,0.58,0.54
0.5,0.25,160.0,1.0,0.08,0.04,1.0,0.82,0.76
0.5,0.5,155.0,1.0,0.06,0.08,1.0,0.06,0.08
0.5,0.49,155.0,1.0,0.1,0.04,1.0,0.1,0.04
0.5,0.48,155.0,1.0,0.0,0.04,1.0,0.0,0.04
0.5,0.47000000000000003,155.0,1.0,0.06,0.06,1.0,0.06,0.06
0.5,0.46,155.0,1.0,0.08,0.04,1.0,0.08,0.04
0.5,0.45,155.0,1.0,0.04,0.0,1.0,0.04,0.0
0.5,0.44,155.0,1.0,0.04,0.04,1.0,0.04,0.04
0.5,0.43,155.0,1.0,0.08,0.04,1.0,0.08,0.04
0.5,0.42,155.0,1.0,0.08,0.02,1.0,0.08,0.02
0.5,0.41000000000000003,155.0,1.0,0.0,0.08,1.0,0.0,0.08
0.5,0.4,155.0,1.0,0.04,0.0,1.0,0.04,0.0
0.5,0.39,155.0,1.0,0.1,0.06,1.0,0.08,0.06
0.5,0.38,155.0,1.0,0.02,0.08,1.0,0.04,0.08
0.5,0.37,155.0,1.0,0.04,0.02,1.0,0.08,0.08
0.5,0.36,155.0,1.0,0.04,0.08,1.0,0.12,0.14
0.5,0.35000000000000003,155.0,1.0,0.08,0.02,1.0,0.22,0.14
0.5,0.34,155.0,1.0,0.08,0.06,1.0,0.3,0.24
0.5,0.33,155.0,1.0,0.04,0.0,1.0,0.32,0.26
0.5,0.32,155.0,1.0,0.06,0.04,1.0,0.36,0.32
0.5,0.31,155.0,1.0,0.0,0.04,1.0,0.34,0.3
0.5,0.3,155.0,1.0,0.04,0.06,1.0,0.54,0.44
0.5,0.29,155.0,1.0,0.0,0.08,1.0,0.48,0.4
0.5,0.28,155.0,1.0,0.04,0.04,1.0,0.46,0.32
0.5,0.27,155.0,1.0,0.06,0.06,1.0,0.56,0.5
0.5,0.26,155.0,1.0,0.06,0.1,1.0,0.68,0.64
0.5,0.25,155.0,1.0,0.02,0.04,1.0,0.74,0.62
0.5,0.5,150.0,1.0,0.02,0.06,1.0,0.02,0.06
0.5,0.49,150.0,1.0,0.08,0.02,1.0,0.08,0.02
0.5,0.48,150.0,1.0,0.02,0.04,1.0,0.02,0.04
0.5,0.47000000000000003,150.0,1.0,0.02,0.12,1.0,0.02,0.12
0.5,0.46,150.0,1.0,0.04,0.04,1.0,0.04,0.04
0.5,0.45,150.0,1.0,0.06,0.0,1.0,0.06,0.0
0.5,0.44,150.0,1.0,0.04,0.06,1.0,0.04,0.06
0.5,0.43,150.0,1.0,0.08,0.04,1.0,0.08,0.04
0.5,0.42,150.0,1.0,0.02,0.08,1.0,0.02,0.08
0.5,0.41000000000000003,150.0,1.0,0.02,0.04,1.0,0.02,0.04
0.5,0.4,150.0,1.0,0.06,0.06,1.0,0.06,0.06
0.5,0.39,150.0,1.0,0.04,0.04,1.0,0.06,0.06
0.5,0.38,150.0,1.0,0.02,0.04,1.0,0.06,0.06
0.5,0.37,150.0,1.0,0.04,0.08,1.0,0.12,0.14
0.5,0.36,150.0,1.0,0.02,0.12,1.0,0.2,0.24
0.5,0.35000000000000003,150.0,1.0,0.08,0.0,1.0,0.38,0.24
0.5,0.34,150.0,1.0,0.06,0.08,1.0,0.22,0.2
0.5,0.33,150.0,1.0,0.0,0.06,1.0,0.3,0.3
0.5,0.32,150.0,1.0,0.02,0.1,1.0,0.42,0.34
0.5,0.31,150.0,1.0,0.04,0.08,1.0,0.38,0.3
0.5,0.3,150.0,1.0,0.04,0.08,1.0,0.56,0.4
0.5,0.29,150.0,1.0,0.0,0.1,1.0,0.48,0.44
0.5,0.28,150.0,1.0,0.02,0.12,1.0,0.58,0.54
0.5,0.27,150.0,1.0,0.06,0.04,1.0,0.58,0.48
0.5,0.26,150.0,1.0,0.02,0.02,1.0,0.66,0.5
0.5,0.25,150.0,1.0,0.02,0.08,1.0,0.56,0.56
0.5,0.5,145.0,1.0,0.0,0.08,1.0,0.0,0.08
0.5,0.49,145.0,1.0,0.04,0.08,1.0,0.04,0.08
0.5,0.48,145.0,1.0,0.04,0.04,1.0,0.04,0.04
0.5,0.47000000000000003,145.0,1.0,0.02,0.04,1.0,0.02,0.04
0.5,0.46,145.0,1.0,0.0,0.02,1.0,0.0,0.02
0.5,0.45,145.0,1.0,0.04,0.06,1.0,0.04,0.06
0.5,0.44,145.0,1.0,0.06,0.1,1.0,0.06,0.1
0.5,0.43,145.0,1.0,0.02,0.08,1.0,0.02,0.08
0.5,0.42,145.0,1.0,0.06,0.04,1.0,0.06,0.04
0.5,0.41000000000000003,145.0,1.0,0.02,0.1,1.0,0.02,0.1
0.5,0.4,145.0,1.0,0.04,0.02,1.0,0.04,0.02
0.5,0.39,145.0,1.0,0.04,0.1,1.0,0.06,0.12
0.5,0.38,145.0,1.0,0.0,0.02,1.0,0.06,0.06
0.5,0.37,145.0,1.0,0.06,0.04,1.0,0.1,0.08
0.5,0.36,145.0,1.0,0.04,0.04,1.0,0.16,0.14
0.5,0.35000000000000003,145.0,1.0,0.04,0.04,1.0,0.2,0.08
0.5,0.34,145.0,1.0,0.02,0.08,1.0,0.26,0.26
0.5,0.33,145.0,1.0,0.06,0.02,1.0,0.34,0.28
0.5,0.32,145.0,1.0,0.06,0.08,1.0,0.42,0.38
0.5,0.31,145.0,1.0,0.04,0.0,1.0,0.46,0.32
0.5,0.3,145.0,1.0,0.06,0.0,1.0,0.52,0.44
0.5,0.29,145.0,1.0,0.06,0.04,1.0,0.66,0.54
0.5,0.28,145.0,1.0,0.02,0.06,1.0,0.6,0.56
0.5,0.27,145.0,1.0,0.1,0.04,1.0,0.6,0.52
0.5,0.26,145.0,1.0,0.0,0.04,1.0,0.74,0.64
0.5,0.25,145.0,1.0,0.02,0.1,1.0,0.7,0.74
0.5,0.5,140.0,1.0,0.08,0.0,1.0,0.08,0.0
0.5,0.49,140.0,1.0,0.02,0.02,1.0,0.02,0.02
0.5,0.48,140.0,1.0,0.04,0.02,1.0,0.04,0.02
0.5,0.47000000000000003,140.0,1.0,0.04,0.08,1.0,0.04,0.08
0.5,0.46,140.0,1.0,0.06,0.1,1.0,0.06,0.1
0.5,0.45,140.0,1.0,0.02,0.02,1.0,0.02,0.02
0.5,0.44,140.0,1.0,0.04,0.02,1.0,0.04,0.02
0.5,0.43,140.0,1.0,0.04,0.04,1.0,0.04,0.04
0.5,0.42,140.0,1.0,0.04,0.06,1.0,0.04,0.06
0.5,0.41000000000000003,140.0,1.0,0.02,0.04,1.0,0.02,0.04
0.5,0.4,140.0,1.0,0.04,0.04,1.0,0.04,0.04
0.5,0.39,140.0,1.0,0.04,0.04,1.0,0.04,0.04
0.5,0.38,140.0,1.0,0.08,0.02,1.0,0.12,0.06
0.5,0.37,140.0,1.0,0.06,0.04,1.0,0.12,0.12
0.5,0.36,140.0,1.0,0.04,0.08,1.0,0.14,0.18
0.5,0.35000000000000003,140.0,1.0,0.04,0.04,1.0,0.14,0.1
0.5,0.34,140.0,1.0,0.06,0.04,1.0,0.36,0.34
0.5,0.33,140.0,1.0,0.12,0.06,1.0,0.5,0.38
0.5,0.32,140.0,1.0,0.04,0.06,1.0,0.36,0.3
0.5,0.31,140.0,1.0,0.04,0.1,1.0,0.56,0.56
0.5,0.3,140.0,1.0,0.02,0.06,1.0,0.42,0.38
0.5,0.29,140.0,1.0,0.08,0.06,1.0,0.62,0.52
0.5,0.28,140.0,1.0,0.14,0.04,1.0,0.62,0.58
0.5,0.27,140.0,1.0,0.06,0.04,1.0,0.64,0.54
0.5,0.26,140.0,1.0,0.04,0.06,1.0,0.68,0.6
0.5,0.25,140.0,1.0,0.06,0.02,1.0,0.6,0.48
0.5,0.5,135.0,1.0,0.06,0.02,1.0,0.06,0.02
0.5,0.49,135.0,1.0,0.0,0.04,1.0,0.0,0.04
0.5,0.48,135.0,1.0,0.08,0.04,1.0,0.08,0.04
0.5,0.47000000000000003,135.0,1.0,0.1,0.1,1.0,0.1,0.1
0.5,0.46,135.0,1.0,0.04,0.1,1.0,0.04,0.1
0.5,0.45,135.0,1.0,0.04,0.08,1.0,0.04,0.08
0.5,0.44,135.0,1.0,0.02,0.08,1.0,0.02,0.08
0.5,0.43,135.0,1.0,0.04,0.04,1.0,0.04,0.04
0.5,0.42,135.0,1.0,0.02,0.02,1.0,0.02,0.02
0.5,0.41000000000000003,135.0,1.0,0.08,0.06,1.0,0.08,0.06
0.5,0.4,135.0,1.0,0.04,0.08,1.0,0.06,0.08
0.5,0.39,135.0,1.0,0.1,0.04,1.0,0.08,0.04
0.5,0.38,135.0,1.0,0.02,0.02,1.0,0.04,0.04
0.5,0.37,135.0,1.0,0.08,0.08,1.0,0.14,0.08
0.5,0.36,135.0,1.0,0.04,0.04,1.0,0.1,0.08
0.5,0.35000000000000003,135.0,1.0,0.08,0.02,1.0,0.26,0.14
0.5,0.34,135.0,1.0,0.02,0.02,1.0,0.3,0.26
0.5,0.33,135.0,1.0,0.02,0.12,1.0,0.34,0.36
0.5,0.32,135.0,1.0,0.04,0.02,1.0,0.46,0.38
0.5,0.31,135.0,1.0,0.08,0.06,1.0,0.52,0.48
0.5,0.3,135.0,1.0,0.04,0.04,1.0,0.54,0.52
0.5,0.29,135.0,1.0,0.0,0.14,1.0,0.54,0.5
0.5,0.28,135.0,1.0,0.06,0.04,1.0,0.64,0.56
0.5,0.27,135.0,1.0,0.06,0.0,1.0,0.62,0.52
0.5,0.26,135.0,1.0,0.02,0.08,1.0,0.64,0.6
0.5,0.25,135.0,1.0,0.02,0.02,1.0,0.68,0.56
0.5,0.5,130.0,1.0,0.0,0.08,1.0,0.0,0.08
0.5,0.49,130.0,1.0,0.06,0.04,1.0,0.06,0.04
0.5,0.48,130.0,1.0,0.04,0.04,1.0,0.04,0.04
0.5,0.47000000000000003,130.0,1.0,0.06,0.0,1.0,0.06,0.0
0.5,0.46,130.0,1.0,0.04,0.02,1.0,0.04,0.02
0.5,0.45,130.0,1.0,0.04,0.04,1.0,0.04,0.04
0.5,0.44,130.0,1.0,0.06,0.04,1.0,0.06,0.04
0.5,0.43,130.0,1.0,0.02,0.02,1.0,0.02,0.02
0.5,0.42,130.0,1.0,0.04,0.0,1.0,0.04,0.0
0.5,0.41000000000000003,130.0,1.0,0.0,0.08,1.0,0.02,0.1
0.5,0.4,130.0,1.0,0.1,0.08,1.0,0.1,0.08
0.5,0.39,130.0,1.0,0.08,0.02,1.0,0.1,0.04
0.5,0.38,130.0,1.0,0.02,0.04,1.0,0.08,0.06
0.5,0.37,130.0,1.0,0.0,0.04,1.0,0.14,0.18
0.5,0.36,130.0,1.0,0.02,0.04,1.0,0.16,0.1
0.5,0.35000000000000003,130.0,1.0,0.02,0.04,1.0,0.14,0.14
0.5,0.34,130.0,1.0,0.02,0.08,1.0,0.2,0.24
0.5,0.33,130.0,1.0,0.08,0.02,1.0,0.52,0.34
0.5,0.32,130.0,1.0,0.0,0.0,1.0,0.3,0.26
0.5,0.31,130.0,1.0,0.06,0.04,1.0,0.38,0.26
0.5,0.3,130.0,1.0,0.04,0.04,1.0,0.5,0.42
0.5,0.29,130.0,1.0,0.08,0.04,1.0,0.52,0.42
0.5,0.28,130.0,1.0,0.1,0.06,1.0,0.52,0.44
0.5,0.27,130.0,1.0,0.08,0.04,1.0,0.68,0.58
0.5,0.26,130.0,1.0,0.1,0.02,1.0,0.62,0.52
0.5,0.25,130.0,1.0,0.04,0.1,1.0,0.66,0.64
0.5,0.5,125.0,1.0,0.04,0.14,1.0,0.04,0.14
0.5,0.49,125.0,1.0,0.02,0.06,1.0,0.02,0.06
0.5,0.48,125.0,1.0,0.04,0.02,1.0,0.04,0.02
0.5,0.47000000000000003,125.0,1.0,0.02,0.02,1.0,0.02,0.02
0.5,0.46,125.0,1.0,0.0,0.02,1.0,0.0,0.02
0.5,0.45,125.0,1.0,0.04,0.04,1.0,0.04,0.04
0.5,0.44,125.0,1.0,0.0,0.12,1.0,0.0,0.12
0.5,0.43,125.0,1.0,0.04,0.02,1.0,0.04,0.02
0.5,0.42,125.0,1.0,0.14,0.08,1.0,0.14,0.08
0.5,0.41000000000000003,125.0,1.0,0.1,0.04,1.0,0.1,0.04
0.5,0.4,125.0,1.0,0.04,0.0,1.0,0.06,0.0
0.5,0.39,125.0,1.0,0.04,0.06,1.0,0.04,0.08
0.5,0.38,125.0,1.0,0.02,0.0,1.0,0.04,0.02
0.5,0.37,125.0,1.0,0.1,0.02,1.0,0.18,0.12
0.5,0.36,125.0,1.0,0.04,0.02,1.0,0.14,0.1
0.5,0.35000000000000003,125.0,1.0,0.04,0.0,1.0,0.3,0.18
0.5,0.34,125.0,1.0,0.06,0.06,1.0,0.28,0.24
0.5,0.33,125.0,1.0,0.0,0.0,1.0,0.32,0.24
0.5,0.32,125.0,1.0,0.04,0.08,1.0,0.36,0.22
0.5,0.31,125.0,1.0,0.02,0.06,1.0,0.34,0.36
0.5,0.3,125.0,1.0,0.08,0.02,1.0,0.46,0.42
0.5,0.29,125.0,1.0,0.06,0.02,1.0,0.82,0.72
0.5,0.28,125.0,1.0,0.08,0.06,1.0,0.52,0.42
0.5,0.27,125.0,1.0,0.04,0.02,1.0,0.56,0.4
0.5,0.26,125.0,1.0,0.08,0.04,1.0,0.72,0.62
0.5,0.25,125.0,1.0,0.02,0.06,1.0,0.72,0.62
0.5,0.5,120.0,1.0,0.02,0.04,1.0,0.02,0.04
0.5,0.49,120.0,1.0,0.0,0.04,1.0,0.0,0.04
0.5,0.48,120.0,1.0,0.04,0.02,1.0,0.04,0.02
0.5,0.47000000000000003,120.0,1.0,0.1,0.0,1.0,0.1,0.0
0.5,0.46,120.0,1.0,0.04,0.06,1.0,0.04,0.06
0.5,0.45,120.0,1.0,0.04,0.02,1.0,0.04,0.02
0.5,0.44,120.0,1.0,0.02,0.12,1.0,0.02,0.12
0.5,0.43,120.0,1.0,0.08,0.02,1.0,0.08,0.02
0.5,0.42,120.0,1.0,0.06,0.02,1.0,0.06,0.02
0.5,0.41000000000000003,120.0,1.0,0.06,0.06,1.0,0.06,0.06
0.5,0.4,120.0,1.0,0.0,0.06,1.0,0.06,0.12
0.5,0.39,120.0,1.0,0.04,0.04,1.0,0.04,0.04
0.5,0.38,120.0,1.0,0.02,0.0,1.0,0.06,0.04
0.5,0.37,120.0,1.0,0.08,0.04,1.0,0.14,0.12
0.5,0.36,120.0,1.0,0.02,0.1,1.0,0.2,0.18
0.5,0.35000000000000003,120.0,1.0,0.06,0.04,1.0,0.24,0.2
0.5,0.34,120.0,1.0,0.04,0.02,1.0,0.38,0.28
0.5,0.33,120.0,1.0,0.08,0.06,1.0,0.52,0.48
0.5,0.32,120.0,1.0,0.04,0.02,1.0,0.4,0.32
0.5,0.31,120.0,1.0,0.06,0.06,1.0,0.58,0.52
0.5,0.3,120.0,1.0,0.0,0.04,1.0,0.38,0.28
0.5,0.29,120.0,1.0,0.06,0.04,1.0,0.44,0.42
0.5,0.28,120.0,1.0,0.08,0.0,1.0,0.52,0.42
0.5,0.27,120.0,1.0,0.04,0.02,1.0,0.64,0.46
0.5,0.26,120.0,1.0,0.04,0.04,1.0,0.68,0.58
0.5,0.25,120.0,1.0,0.08,0.14,1.0,0.66,0.56
0.5,0.5,115.0,1.0,0.08,0.06,1.0,0.08,0.06
0.5,0.49,115.0,1.0,0.04,0.08,1.0,0.04,0.08
0.5,0.48,115.0,1.0,0.12,0.08,1.0,0.12,0.08
0.5,0.47000000000000003,115.0,1.0,0.06,0.02,1.0,0.06,0.02
0.5,0.46,115.0,1.0,0.1,0.02,1.0,0.1,0.02
0.5,0.45,115.0,1.0,0.06,0.06,1.0,0.06,0.06
0.5,0.44,115.0,1.0,0.06,0.04,1.0,0.06,0.04
0.5,0.43,115.0,1.0,0.06,0.04,1.0,0.06,0.04
0.5,0.42,115.0,1.0,0.06,0.12,1.0,0.06,0.12
0.5,0.41000000000000003,115.0,1.0,0.02,0.06,1.0,0.02,0.06
0.5,0.4,115.0,1.0,0.08,0.02,1.0,0.1,0.04
0.5,0.39,115.0,1.0,0.04,0.02,1.0,0.04,0.02
0.5,0.38,115.0,1.0,0.06,0.02,1.0,0.16,0.1
0.5,0.37,115.0,1.0,0.02,0.02,1.0,0.14,0.12
0.5,0.36,115.0,1.0,0.1,0.04,1.0,0.24,0.18
0.5,0.35000000000000003,115.0,1.0,0.08,0.02,1.0,0.18,0.12
0.5,0.34,115.0,1.0,0.02,0.04,1.0,0.28,0.24
0.5,0.33,115.0,1.0,0.06,0.02,1.0,0.36,0.28
0.5,0.32,115.0,1.0,0.02,0.04,1.0,0.46,0.34
0.5,0.31,115.0,1.0,0.02,0.04,1.0,0.48,0.38
0.5,0.3,115.0,1.0,0.02,0.04,1.0,0.6,0.54
0.5,0.29,115.0,1.0,0.08,0.0,1.0,0.58,0.48
0.5,0.28,115.0,1.0,0.02,0.02,1.0,0.62,0.42
0.5,0.27,115.0,1.0,0.1,0.08,1.0,0.64,0.54
0.5,0.26,115.0,1.0,0.08,0.12,1.0,0.74,0.68
0.5,0.25,115.0,1.0,0.06,0.0,1.0,0.68,0.54
0.5,0.5,110.0,1.0,0.08,0.06,1.0,0.08,0.06
0.5,0.49,110.0,1.0,0.04,0.0,1.0,0.04,0.0
0.5,0.48,110.0,1.0,0.04,0.06,1.0,0.04,0.06
0.5,0.47000000000000003,110.0,1.0,0.1,0.02,1.0,0.1,0.02
0.5,0.46,110.0,1.0,0.02,0.02,1.0,0.02,0.02
0.5,0.45,110.0,1.0,0.06,0.04,1.0,0.06,0.04
0.5,0.44,110.0,1.0,0.02,0.04,1.0,0.02,0.04
0.5,0.43,110.0,1.0,0.04,0.1,1.0,0.04,0.1
0.5,0.42,110.0,1.0,0.04,0.08,1.0,0.06,0.08
0.5,0.41000000000000003,110.0,1.0,0.02,0.06,1.0,0.02,0.06
0.5,0.4,110.0,1.0,0.02,0.02,1.0,0.02,0.02
0.5,0.39,110.0,1.0,0.0,0.0,1.0,0.0,0.0
0.5,0.38,110.0,1.0,0.06,0.1,1.0,0.14,0.1
0.5,0.37,110.0,1.0,0.06,0.02,1.0,0.14,0.1
0.5,0.36,110.0,1.0,0.04,0.06,1.0,0.24,0.2
0.5,0.35000000000000003,110.0,1.0,0.08,0.0,1.0,0.24,0.12
0.5,0.34,110.0,1.0,0.06,0.06,1.0,0.38,0.28
0.5,0.33,110.0,1.0,0.02,0.06,1.0,0.38,0.3
0.5,0.32,110.0,1.0,0.02,0.02,1.0,0.46,0.38
0.5,0.31,110.0,1.0,0.08,0.02,1.0,0.54,0.48
0.5,0.3,110.0,1.0,0.02,0.08,1.0,0.52,0.46
0.5,0.29,110.0,1.0,0.02,0.02,1.0,0.64,0.58
0.5,0.28,110.0,1.0,0.1,0.04,1.0,0.58,0.48
0.5,0.27,110.0,1.0,0.04,0.06,1.0,0.64,0.56
0.5,0.26,110.0,1.0,0.02,0.08,1.0,0.66,0.6
0.5,0.25,110.0,1.0,0.04,0.02,1.0,0.68,0.62
0.5,0.5,105.0,1.0,0.02,0.08,1.0,0.02,0.08
0.5,0.49,105.0,1.0,0.08,0.04,1.0,0.08,0.04
0.5,0.48,105.0,1.0,0.06,0.06,1.0,0.06,0.06
0.5,0.47000000000000003,105.0,1.0,0.06,0.0,1.0,0.06,0.0
0.5,0.46,105.0,1.0,0.08,0.06,1.0,0.08,0.06
0.5,0.45,105.0,1.0,0.12,0.08,1.0,0.12,0.08
0.5,0.44,105.0,1.0,0.1,0.04,1.0,0.1,0.04
0.5,0.43,105.0,1.0,0.06,0.04,1.0,0.06,0.04
0.5,0.42,105.0,1.0,0.02,0.02,1.0,0.02,0.02
0.5,0.41000000000000003,105.0,1.0,0.02,0.0,1.0,0.02,0.02
0.5,0.4,105.0,1.0,0.06,0.06,1.0,0.1,0.08
0.5,0.39,105.0,1.0,0.02,0.02,1.0,0.12,0.08
0.5,0.38,105.0,1.0,0.0,0.02,1.0,0.1,0.1
0.5,0.37,105.0,1.0,0.04,0.04,1.0,0.18,0.18
0.5,0.36,105.0,1.0,0.06,0.04,1.0,0.36,0.26
0.5,0.35000000000000003,105.0,1.0,0.06,0.04,1.0,0.36,0.34
0.5,0.34,105.0,1.0,0.0,0.06,1.0,0.28,0.22
0.5,0.33,105.0,1.0,0.06,0.02,1.0,0.46,0.34
0.5,0.32,105.0,1.0,0.02,0.02,1.0,0.34,0.26
0.5,0.31,105.0,1.0,0.0,0.06,1.0,0.48,0.4
0.5,0.3,105.0,1.0,0.06,0.08,1.0,0.58,0.54
0.5,0.29,105.0,1.0,0.02,0.02,1.0,0.62,0.44
0.5,0.28,105.0,1.0,0.08,0.06,1.0,0.7,0.64
0.5,0.27,105.0,1.0,0.04,0.06,1.0,0.64,0.5
0.5,0.26,105.0,1.0,0.08,0.06,1.0,0.56,0.48
0.5,0.25,105.0,1.0,0.06,0.04,1.0,0.74,0.68
0.5,0.5,100.0,1.0,0.06,0.02,1.0,0.06,0.02
0.5,0.49,100.0,1.0,0.02,0.04,1.0,0.02,0.04
0.5,0.48,100.0,1.0,0.04,0.04,1.0,0.04,0.04
0.5,0.47000000000000003,100.0,1.0,0.04,0.04,1.0,0.04,0.04
0.5,0.46,100.0,1.0,0.04,0.04,1.0,0.04,0.04
0.5,0.45,100.0,1.0,0.02,0.08,1.0,0.02,0.08
0.5,0.44,100.0,1.0,0.08,0.04,1.0,0.08,0.04
0.5,0.43,100.0,1.0,0.06,0.1,1.0,0.06,0.1
0.5,0.42,100.0,1.0,0.08,0.02,1.0,0.08,0.02
0.5,0.41000000000000003,100.0,1.0,0.08,0.1,1.0,0.08,0.12
0.5,0.4,100.0,1.0,0.12,0.02,1.0,0.12,0.02
0.5,0.39,100.0,1.0,0.08,0.04,1.0,0.1,0.08
0.5,0.38,100.0,1.0,0.04,0.02,1.0,0.1,0.08
0.5,0.37,100.0,1.0,0.06,0.06,1.0,0.18,0.16
0.5,0.36,100.0,1.0,0.02,0.08,1.0,0.24,0.24
0.5,0.35000000000000003,100.0,1.0,0.06,0.04,1.0,0.28,0.26
0.5,0.34,100.0,1.0,0.02,0.04,1.0,0.34,0.28
0.5,0.33,100.0,1.0,0.04,0.08,1.0,0.4,0.34
0.5,0.32,100.0,1.0,0.06,0.02,1.0,0.52,0.44
0.5,0.31,100.0,1.0,0.04,0.02,1.0,0.54,0.46
0.5,0.3,100.0,1.0,0.0,0.1,1.0,0.56,0.5
0.5,0.29,100.0,1.0,0.06,0.04,1.0,0.58,0.44
0.5,0.28,100.0,1.0,0.0,0.14,1.0,0.58,0.58
0.5,0.27,100.0,1.0,0.06,0.02,1.0,0.56,0.48
0.5,0.26,100.0,1.0,0.04,0.04,1.0,0.7,0.58
0.5,0.25,100.0,1.0,0.06,0.04,1.0,0.8,0.7
0.5,0.5,95.0,1.0,0.06,0.04,1.0,0.06,0.04
0.5,0.49,95.0,1.0,0.02,0.02,1.0,0.02,0.02
0.5,0.48,95.0,1.0,0.04,0.02,1.0,0.04,0.02
0.5,0.47000000000000003,95.0,1.0,0.06,0.06,1.0,0.06,0.06
0.5,0.46,95.0,1.0,0.02,0.06,1.0,0.02,0.06
0.5,0.45,95.0,1.0,0.04,0.06,1.0,0.04,0.06
0.5,0.44,95.0,1.0,0.02,0.04,1.0,0.02,0.04
0.5,0.43,95.0,1.0,0.04,0.1,1.0,0.04,0.1
0.5,0.42,95.0,1.0,0.02,0.0,1.0,0.02,0.0
0.5,0.41000000000000003,95.0,1.0,0.02,0.08,1.0,0.02,0.08
0.5,0.4,95.0,1.0,0.02,0.02,1.0,0.1,0.06
0.5,0.39,95.0,1.0,0.02,0.06,1.0,0.06,0.1
0.5,0.38,95.0,1.0,0.04,0.06,1.0,0.1,0.14
0.5,0.37,95.0,1.0,0.1,0.0,1.0,0.16,0.08
0.5,0.36,95.0,1.0,0.08,0.08,1.0,0.3,0.16
0.5,0.35000000000000003,95.0,1.0,0.08,0.02,1.0,0.3,0.2
0.5,0.34,95.0,1.0,0.02,0.02,1.0,0.4,0.32
0.5,0.33,95.0,1.0,0.02,0.12,1.0,0.34,0.38
0.5,0.32,95.0,1.0,0.04,0.08,1.0,0.38,0.36
0.5,0.31,95.0,1.0,0.06,0.04,1.0,0.5,0.36
0.5,0.3,95.0,1.0,0.1,0.02,1.0,0.72,0.56
0.5,0.29,95.0,1.0,0.02,0.04,1.0,0.6,0.52
0.5,0.28,95.0,1.0,0.04,0.04,1.0,0.58,0.5
0.5,0.27,95.0,1.0,0.02,0.04,1.0,0.74,0.64
0.5,0.26,95.0,1.0,0.06,0.04,1.0,0.6,0.5
0.5,0.25,95.0,1.0,0.02,0.04,1.0,0.58,0.52
0.5,0.5,90.0,1.0,0.02,0.06,1.0,0.02,0.06
0.5,0.49,90.0,1.0,0.04,0.06,1.0,0.04,0.06
0.5,0.48,90.0,1.0,0.08,0.06,1.0,0.08,0.06
0.5,0.47000000000000003,90.0,1.0,0.04,0.02,1.0,0.04,0.02
0.5,0.46,90.0,1.0,0.04,0.08,1.0,0.04,0.08
0.5,0.45,90.0,1.0,0.06,0.04,1.0,0.06,0.04
0.5,0.44,90.0,1.0,0.04,0.04,1.0,0.04,0.04
0.5,0.43,90.0,1.0,0.08,0.02,1.0,0.08,0.02
0.5,0.42,90.0,1.0,0.0,0.0,1.0,0.02,0.02
0.5,0.41000000000000003,90.0,1.0,0.04,0.0,1.0,0.06,0.02
0.5,0.4,90.0,1.0,0.02,0.08,1.0,0.02,0.06
0.5,0.39,90.0,1.0,0.12,0.04,1.0,0.18,0.12
0.5,0.38,90.0,1.0,0.04,0.08,1.0,0.06,0.1
0.5,0.37,90.0,1.0,0.04,0.04,1.0,0.34,0.3
0.5,0.36,90.0,1.0,0.06,0.04,1.0,0.32,0.22
0.5,0.35000000000000003,90.0,1.0,0.14,0.14,1.0,0.44,0.34
0.5,0.34,90.0,1.0,0.02,0.06,1.0,0.36,0.3
0.5,0.33,90.0,1.0,0.02,0.08,1.0,0.3,0.32
0.5,0.32,90.0,1.0,0.06,0.06,1.0,0.62,0.54
0.5,0.31,90.0,1.0,0.08,0.1,1.0,0.52,0.38
0.5,0.3,90.0,1.0,0.02,0.02,1.0,0.5,0.42
0.5,0.29,90.0,1.0,0.04,0.0,1.0,0.52,0.46
0.5,0.28,90.0,1.0,0.04,0.06,1.0,0.72,0.64
0.5,0.27,90.0,1.0,0.08,0.0,1.0,0.64,0.56
0.5,0.26,90.0,1.0,0.08,0.1,1.0,0.84,0.7
0.5,0.25,90.0,1.0,0.04,0.02,1.0,0.76,0.6
0.5,0.5,85.0,1.0,0.06,0.02,1.0,0.06,0.02
0.5,0.49,85.0,1.0,0.02,0.02,1.0,0.02,0.02
0.5,0.48,85.0,1.0,0.04,0.02,1.0,0.04,0.02
0.5,0.47000000000000003,85.0,1.0,0.02,0.02,1.0,0.02,0.02
0.5,0.46,85.0,1.0,0.04,0.04,1.0,0.04,0.04
0.5,0.45,85.0,1.0,0.02,0.04,1.0,0.02,0.04
0.5,0.44,85.0,1.0,0.04,0.08,1.0,0.04,0.08
0.5,0.43,85.0,1.0,0.12,0.04,1.0,0.12,0.04
0.5,0.42,85.0,1.0,0.1,0.04,1.0,0.1,0.04
0.5,0.41000000000000003,85.0,1.0,0.04,0.04,1.0,0.04,0.04
0.5,0.4,85.0,1.0,0.08,0.02,1.0,0.08,0.04
0.5,0.39,85.0,1.0,0.04,0.08,1.0,0.08,0.12
0.5,0.38,85.0,1.0,0.04,0.06,1.0,0.18,0.14
0.5,0.37,85.0,1.0,0.06,0.02,1.0,0.28,0.22
0.5,0.36,85.0,1.0,0.04,0.02,1.0,0.38,0.28
0.5,0.35000000000000003,85.0,1.0,0.1,0.0,1.0,0.42,0.32
0.5,0.34,85.0,1.0,0.02,0.02,1.0,0.48,0.38
0.5,0.33,85.0,1.0,0.1,0.02,1.0,0.52,0.4
0.5,0.32,85.0,1.0,0.08,0.08,1.0,0.58,0.54
0.5,0.31,85.0,1.0,0.0,0.06,1.0,0.42,0.42
0.5,0.3,85.0,1.0,0.02,0.1,1.0,0.54,0.52
0.5,0.29,85.0,1.0,0.08,0.08,1.0,0.6,0.58
0.5,0.28,85.0,1.0,0.04,0.08,1.0,0.6,0.56
0.5,0.27,85.0,1.0,0.02,0.12,1.0,0.66,0.6
0.5,0.26,85.0,1.0,0.12,0.1,1.0,0.76,0.72
0.5,0.25,85.0,1.0,0.02,0.06,1.0,0.7,0.66
0.5,0.5,80.0,1.0,0.02,0.04,1.0,0.02,0.04
0.5,0.49,80.0,1.0,0.04,0.0,1.0,0.04,0.0
0.5,0.48,80.0,1.0,0.08,0.06,1.0,0.08,0.06
0.5,0.47000000000000003,80.0,1.0,0.02,0.06,1.0,0.02,0.06
0.5,0.46,80.0,1.0,0.08,0.04,1.0,0.08,0.04
0.5,0.45,80.0,1.0,0.06,0.06,1.0,0.06,0.06
0.5,0.44,80.0,1.0,0.08,0.08,1.0,0.08,0.08
0.5,0.43,80.0,1.0,0.02,0.06,1.0,0.02,0.06
0.5,0.42,80.0,1.0,0.08,0.04,1.0,0.08,0.04
0.5,0.41000000000000003,80.0,1.0,0.06,0.06,1.0,0.06,0.06
0.5,0.4,80.0,1.0,0.04,0.02,1.0,0.12,0.1
0.5,0.39,80.0,1.0,0.08,0.02,1.0,0.14,0.08
0.5,0.38,80.0,1.0,0.06,0.04,1.0,0.16,0.06
0.5,0.37,80.0,1.0,0.02,0.02,1.0,0.22,0.16
0.5,0.36,80.0,1.0,0.04,0.0,1.0,0.38,0.32
0.5,0.35000000000000003,80.0,1.0,0.04,0.08,1.0,0.34,0.3
0.5,0.34,80.0,1.0,0.02,0.0,1.0,0.26,0.24
0.5,0.33,80.0,1.0,0.06,0.06,1.0,0.62,0.5
0.5,0.32,80.0,1.0,0.04,0.0,1.0,0.46,0.4
0.5,0.31,80.0,1.0,0.06,0.1,1.0,0.6,0.42
0.5,0.3,80.0,1.0,0.04,0.06,1.0,0.46,0.38
0.5,0.29,80.0,1.0,0.0,0.06,1.0,0.64,0.5
0.5,0.28,80.0,1.0,0.02,0.0,1.0,0.68,0.62
0.5,0.27,80.0,1.0,0.02,0.02,1.0,0.7,0.58
0.5,0.26,80.0,1.0,0.06,0.0,1.0,0.76,0.64
0.5,0.25,80.0,1.0,0.02,0.04,1.0,0.58,0.58
0.5,0.5,75.0,1.0,0.02,0.04,1.0,0.02,0.04
0.5,0.49,75.0,1.0,0.02,0.1,1.0,0.02,0.1
0.5,0.48,75.0,1.0,0.06,0.08,1.0,0.06,0.08
0.5,0.47000000000000003,75.0,1.0,0.04,0.06,1.0,0.04,0.06
0.5,0.46,75.0,1.0,0.08,0.08,1.0,0.08,0.08
0.5,0.45,75.0,1.0,0.02,0.02,1.0,0.02,0.02
0.5,0.44,75.0,1.0,0.06,0.04,1.0,0.06,0.04
0.5,0.43,75.0,1.0,0.04,0.08,1.0,0.04,0.08
0.5,0.42,75.0,1.0,0.04,0.04,1.0,0.04,0.04
0.5,0.41000000000000003,75.0,1.0,0.04,0.04,1.0,0.1,0.08
0.5,0.4,75.0,1.0,0.12,0.02,1.0,0.18,0.06
0.5,0.39,75.0,1.0,0.06,0.02,1.0,0.16,0.12
0.5,0.38,75.0,1.0,0.08,0.04,1.0,0.2,0.1
0.5,0.37,75.0,1.0,0.06,0.06,1.0,0.3,0.3
0.5,0.36,75.0,1.0,0.04,0.04,1.0,0.18,0.18
0.5,0.35000000000000003,75.0,1.0,0.0,0.06,1.0,0.38,0.34
0.5,0.34,75.0,1.0,0.0,0.04,1.0,0.42,0.32
0.5,0.33,75.0,1.0,0.0,0.08,1.0,0.58,0.5
0.5,0.32,75.0,1.0,0.1,0.02,1.0,0.58,0.42
0.5,0.31,75.0,1.0,0.04,0.04,1.0,0.56,0.48
0.5,0.3,75.0,1.0,0.04,0.02,1.0,0.54,0.4
0.5,0.29,75.0,1.0,0.1,0.04,1.0,0.7,0.56
0.5,0.28,75.0,1.0,0.04,0.04,1.0,0.6,0.52
0.5,0.27,75.0,1.0,0.02,0.08,1.0,0.46,0.4
0.5,0.26,75.0,1.0,0.06,0.06,1.0,0.76,0.64
0.5,0.25,75.0,1.0,0.14,0.02,1.0,0.7,0.58
0.5,0.5,70.0,1.0,0.04,0.08,1.0,0.04,0.08
0.5,0.49,70.0,1.0,0.02,0.12,1.0,0.02,0.12
0.5,0.48,70.0,1.0,0.06,0.08,1.0,0.06,0.08
0.5,0.47000000000000003,70.0,1.0,0.08,0.0,1.0,0.08,0.0
0.5,0.46,70.0,1.0,0.06,0.02,1.0,0.06,0.02
0.5,0.45,70.0,1.0,0.06,0.08,1.0,0.06,0.08
0.5,0.44,70.0,1.0,0.04,0.12,1.0,0.04,0.12
0.5,0.43,70.0,1.0,0.02,0.02,1.0,0.02,0.02
0.5,0.42,70.0,1.0,0.02,0.1,1.0,0.08,0.14
0.5,0.41000000000000003,70.0,1.0,0.04,0.06,1.0,0.06,0.08
0.5,0.4,70.0,1.0,0.06,0.0,1.0,0.1,0.04
0.5,0.39,70.0,1.0,0.06,0.08,1.0,0.12,0.14
0.5,0.38,70.0,1.0,0.02,0.0,1.0,0.18,0.16
0.5,0.37,70.0,1.0,0.0,0.04,1.0,0.16,0.16
0.5,0.36,70.0,1.0,0.04,0.06,1.0,0.32,0.22
0.5,0.35000000000000003,70.0,1.0,0.06,0.04,1.0,0.38,0.3
0.5,0.34,70.0,1.0,0.06,0.08,1.0,0.4,0.32
0.5,0.33,70.0,1.0,0.02,0.06,1.0,0.6,0.54
0.5,0.32,70.0,1.0,0.02,0.12,1.0,0.58,0.54
0.5,0.31,70.0,1.0,0.04,0.04,1.0,0.72,0.6
0.5,0.3,70.0,1.0,0.0,0.02,1.0,0.58,0.52
0.5,0.29,70.0,1.0,0.06,0.06,1.0,0.54,0.42
0.5,0.28,70.0,1.0,0.08,0.04,1.0,0.68,0.48
0.5,0.27,70.0,1.0,0.1,0.04,1.0,0.72,0.64
0.5,0.26,70.0,1.0,0.0,0.02,1.0,0.64,0.52
0.5,0.25,70.0,1.0,0.12,0.02,1.0,0.78,0.66
0.5,0.5,65.0,1.0,0.14,0.08,1.0,0.14,0.08
0.5,0.49,65.0,1.0,0.06,0.08,1.0,0.06,0.08
0.5,0.48,65.0,1.0,0.02,0.02,1.0,0.02,0.02
0.5,0.47000000000000003,65.0,1.0,0.04,0.1,1.0,0.04,0.1
0.5,0.46,65.0,1.0,0.06,0.04,1.0,0.06,0.04
0.5,0.45,65.0,1.0,0.08,0.04,1.0,0.08,0.04
0.5,0.44,65.0,1.0,0.04,0.0,1.0,0.06,0.02
0.5,0.43,65.0,1.0,0.06,0.06,1.0,0.12,0.12
0.5,0.42,65.0,1.0,0.04,0.02,1.0,0.04,0.02
0.5,0.41000000000000003,65.0,1.0,0.08,0.02,1.0,0.14,0.08
0.5,0.4,65.0,1.0,0.04,0.06,1.0,0.06,0.06
0.5,0.39,65.0,1.0,0.04,0.02,1.0,0.1,0.04
0.5,0.38,65.0,1.0,0.04,0.14,1.0,0.2,0.18
0.5,0.37,65.0,1.0,0.08,0.1,1.0,0.24,0.3
0.5,0.36,65.0,1.0,0.06,0.02,1.0,0.32,0.24
0.5,0.35000000000000003,65.0,1.0,0.08,0.04,1.0,0.4,0.28
0.5,0.34,65.0,1.0,0.06,0.02,1.0,0.3,0.22
0.5,0.33,65.0,1.0,0.02,0.06,1.0,0.64,0.5
0.5,0.32,65.0,1.0,0.06,0.02,1.0,0.54,0.48
0.5,0.31,65.0,1.0,0.04,0.02,1.0,0.62,0.54
0.5,0.3,65.0,1.0,0.08,0.04,1.0,0.58,0.48
0.5,0.29,65.0,1.0,0.1,0.06,1.0,0.64,0.58
0.5,0.28,65.0,1.0,0.08,0.0,1.0,0.82,0.64
0.5,0.27,65.0,1.0,0.1,0.04,1.0,0.74,0.6
0.5,0.26,65.0,1.0,0.02,0.04,1.0,0.8,0.58
0.5,0.25,65.0,1.0,0.04,0.02,1.0,0.76,0.7
0.5,0.5,60.0,1.0,0.06,0.06,1.0,0.06,0.06
0.5,0.49,60.0,1.0,0.1,0.04,1.0,0.1,0.04
0.5,0.48,60.0,1.0,0.02,0.04,1.0,0.02,0.04
0.5,0.47000000000000003,60.0,1.0,0.06,0.06,1.0,0.06,0.06
0.5,0.46,60.0,1.0,0.0,0.04,1.0,0.0,0.04
0.5,0.45,60.0,1.0,0.04,0.04,1.0,0.06,0.06
0.5,0.44,60.0,1.0,0.06,0.04,1.0,0.06,0.04
0.5,0.43,60.0,1.0,0.1,0.06,1.0,0.14,0.1
0.5,0.42,60.0,1.0,0.02,0.08,1.0,0.04,0.08
0.5,0.41000000000000003,60.0,1.0,0.04,0.08,1.0,0.06,0.08
0.5,0.4,60.0,1.0,0.06,0.04,1.0,0.14,0.1
0.5,0.39,60.0,1.0,0.02,0.06,1.0,0.12,0.14
0.5,0.38,60.0,1.0,0.04,0.06,1.0,0.16,0.16
0.5,0.37,60.0,1.0,0.08,0.04,1.0,0.36,0.3
0.5,0.36,60.0,1.0,0.1,0.02,1.0,0.36,0.2
0.5,0.35000000000000003,60.0,1.0,0.02,0.02,1.0,0.38,0.34
0.5,0.34,60.0,1.0,0.02,0.02,1.0,0.5,0.42
0.5,0.33,60.0,1.0,0.02,0.02,1.0,0.42,0.4
0.5,0.32,60.0,1.0,0.02,0.04,1.0,0.54,0.46
0.5,0.31,60.0,1.0,0.06,0.04,1.0,0.52,0.46
0.5,0.3,60.0,1.0,0.0,0.1,1.0,0.5,0.52
0.5,0.29,60.0,1.0,0.02,0.04,1.0,0.62,0.54
0.5,0.28,60.0,1.0,0.06,0.0,1.0,0.66,0.54
0.5,0.27,60.0,1.0,0.08,0.06,1.0,0.7,0.64
0.5,0.26,60.0,1.0,0.02,0.0,1.0,0.8,0.68
0.5,0.25,60.0,1.0,0.1,0.02,1.0,0.8,0.68
0.5,0.5,55.0,1.0,0.04,0.06,1.0,0.04,0.06
0.5,0.49,55.0,1.0,0.06,0.02,1.0,0.06,0.02
0.5,0.48,55.0,1.0,0.08,0.02,1.0,0.08,0.02
0.5,0.47000000000000003,55.0,1.0,0.02,0.14,1.0,0.02,0.14
0.5,0.46,55.0,1.0,0.08,0.04,1.0,0.08,0.04
0.5,0.45,55.0,1.0,0.1,0.02,1.0,0.1,0.02
0.5,0.44,55.0,1.0,0.04,0.06,1.0,0.06,0.06
0.5,0.43,55.0,1.0,0.1,0.04,1.0,0.18,0.1
0.5,0.42,55.0,1.0,0.1,0.1,1.0,0.1,0.1
0.5,0.41000000000000003,55.0,1.0,0.06,0.02,1.0,0.18,0.12
0.5,0.4,55.0,1.0,0.06,0.06,1.0,0.14,0.14
0.5,0.39,55.0,1.0,0.04,0.06,1.0,0.22,0.18
0.5,0.38,55.0,1.0,0.06,0.04,1.0,0.3,0.22
0.5,0.37,55.0,1.0,0.06,0.04,1.0,0.38,0.34
0.5,0.36,55.0,1.0,0.02,0.12,1.0,0.36,0.28
0.5,0.35000000000000003,55.0,1.0,0.04,0.06,1.0,0.36,0.3
0.5,0.34,55.0,1.0,0.06,0.04,1.0,0.64,0.6
0.5,0.33,55.0,1.0,0.02,0.08,1.0,0.48,0.36
0.5,0.32,55.0,1.0,0.0,0.08,1.0,0.5,0.44
0.5,0.31,55.0,1.0,0.02,0.06,1.0,0.66,0.52
0.5,0.3,55.0,1.0,0.04,0.08,1.0,0.62,0.42
0.5,0.29,55.0,1.0,0.06,0.04,1.0,0.72,0.54
0.5,0.28,55.0,1.0,0.04,0.08,1.0,0.54,0.52
0.5,0.27,55.0,1.0,0.02,0.02,1.0,0.68,0.6
0.5,0.26,55.0,1.0,0.04,0.04,1.0,0.6,0.52
0.5,0.25,55.0,1.0,0.12,0.02,1.0,0.76,0.62
0.5,0.5,50.0,1.0,0.04,0.0,1.0,0.04,0.0
0.5,0.49,50.0,1.0,0.04,0.06,1.0,0.04,0.06
0.5,0.48,50.0,1.0,0.0,0.04,1.0,0.0,0.04
0.5,0.47000000000000003,50.0,1.0,0.02,0.06,1.0,0.02,0.06
0.5,0.46,50.0,1.0,0.02,0.04,1.0,0.02,0.04
0.5,0.45,50.0,1.0,0.06,0.04,1.0,0.06,0.04
0.5,0.44,50.0,1.0,0.04,0.04,1.0,0.04,0.04
0.5,0.43,50.0,1.0,0.0,0.08,1.0,0.06,0.14
0.5,0.42,50.0,1.0,0.04,0.04,1.0,0.08,0.06
0.5,0.41000000000000003,50.0,1.0,0.02,0.06,1.0,0.1,0.14
0.5,0.4,50.0,1.0,0.12,0.08,1.0,0.28,0.22
0.5,0.39,50.0,1.0,0.04,0.06,1.0,0.16,0.14
0.5,0.38,50.0,1.0,0.04,0.04,1.0,0.34,0.24
0.5,0.37,50.0,1.0,0.02,0.06,1.0,0.38,0.28
0.5,0.36,50.0,1.0,0.0,0.02,1.0,0.38,0.32
0.5,0.35000000000000003,50.0,1.0,0.04,0.04,1.0,0.48,0.38
0.5,0.34,50.0,1.0,0.02,0.02,1.0,0.52,0.4
0.5,0.33,50.0,1.0,0.04,0.06,1.0,0.46,0.4
0.5,0.32,50.0,1.0,0.02,0.02,1.0,0.66,0.44
0.5,0.31,50.0,1.0,0.08,0.02,1.0,0.62,0.46
0.5,0.3,50.0,1.0,0.06,0.0,1.0,0.52,0.32
0.5,0.29,50.0,1.0,0.02,0.1,1.0,0.66,0.58
0.5,0.28,50.0,1.0,0.04,0.0,1.0,0.78,0.6
0.5,0.27,50.0,1.0,0.02,0.12,1.0,0.66,0.54
0.5,0.26,50.0,1.0,0.02,0.06,1.0,0.72,0.56
0.5,0.25,50.0,1.0,0.06,0.12,1.0,0.72,0.66
0.5,0.5,45.0,1.0,0.06,0.02,1.0,0.06,0.02
0.5,0.49,45.0,1.0,0.06,0.06,1.0,0.06,0.06
0.5,0.48,45.0,1.0,0.04,0.08,1.0,0.04,0.08
0.5,0.47000000000000003,45.0,1.0,0.04,0.02,1.0,0.04,0.02
0.5,0.46,45.0,1.0,0.12,0.04,1.0,0.12,0.06
0.5,0.45,45.0,1.0,0.0,0.06,1.0,0.02,0.08
0.5,0.44,45.0,1.0,0.1,0.06,1.0,0.12,0.08
0.5,0.43,45.0,1.0,0.04,0.04,1.0,0.08,0.1
0.5,0.42,45.0,1.0,0.02,0.06,1.0,0.14,0.1
0.5,0.41000000000000003,45.0,1.0,0.04,0.02,1.0,0.12,0.08
0.5,0.4,45.0,1.0,0.06,0.08,1.0,0.24,0.24
0.5,0.39,45.0,1.0,0.06,0.08,1.0,0.34,0.32
0.5,0.38,45.0,1.0,0.08,0.02,1.0,0.34,0.34
0.5,0.37,45.0,1.0,0.08,0.02,1.0,0.38,0.2
0.5,0.36,45.0,1.0,0.08,0.06,1.0,0.38,0.26
0.5,0.35000000000000003,45.0,1.0,0.04,0.1,1.0,0.28,0.24
0.5,0.34,45.0,1.0,0.02,0.02,1.0,0.44,0.32
0.5,0.33,45.0,1.0,0.06,0.06,1.0,0.56,0.4
0.5,0.32,45.0,1.0,0.04,0.04,1.0,0.54,0.36
0.5,0.31,45.0,1.0,0.08,0.08,1.0,0.74,0.62
0.5,0.3,45.0,1.0,0.1,0.06,1.0,0.76,0.64
0.5,0.29,45.0,1.0,0.04,0.04,1.0,0.68,0.58
0.5,0.28,45.0,1.0,0.06,0.1,1.0,0.68,0.58
0.5,0.27,45.0,1.0,0.02,0.08,1.0,0.7,0.54
0.5,0.26,45.0,1.0,0.04,0.06,1.0,0.64,0.64
0.5,0.25,45.0,1.0,0.06,0.1,1.0,0.8,0.72
0.5,0.5,40.0,1.0,0.04,0.04,1.0,0.04,0.04
0.5,0.49,40.0,1.0,0.0,0.06,1.0,0.0,0.06
0.5,0.48,40.0,1.0,0.02,0.02,1.0,0.02,0.02
0.5,0.47000000000000003,40.0,1.0,0.04,0.08,1.0,0.04,0.08
0.5,0.46,40.0,1.0,0.06,0.1,1.0,0.08,0.12
0.5,0.45,40.0,1.0,0.02,0.04,1.0,0.04,0.06
0.5,0.44,40.0,1.0,0.02,0.04,1.0,0.04,0.04
0.5,0.43,40.0,1.0,0.02,0.04,1.0,0.08,0.08
0.5,0.42,40.0,1.0,0.1,0.04,1.0,0.22,0.14
0.5,0.41000000000000003,40.0,1.0,0.08,0.06,1.0,0.24,0.22
0.5,0.4,40.0,1.0,0.06,0.02,1.0,0.24,0.12
0.5,0.39,40.0,1.0,0.0,0.02,1.0,0.3,0.28
0.5,0.38,40.0,1.0,0.1,0.06,1.0,0.28,0.24
0.5,0.37,40.0,1.0,0.08,0.02,1.0,0.4,0.3
0.5,0.36,40.0,1.0,0.06,0.02,1.0,0.4,0.3
0.5,0.35000000000000003,40.0,1.0,0.0,0.04,1.0,0.44,0.38
0.5,0.34,40.0,1.0,0.08,0.1,1.0,0.62,0.48
0.5,0.33,40.0,1.0,0.04,0.04,1.0,0.64,0.46
0.5,0.32,40.0,1.0,0.04,0.04,1.0,0.68,0.48
0.5,0.31,40.0,1.0,0.08,0.0,1.0,0.66,0.52
0.5,0.3,40.0,1.0,0.04,0.04,1.0,0.66,0.6
0.5,0.29,40.0,1.0,0.0,0.04,1.0,0.72,0.58
0.5,0.28,40.0,1.0,0.06,0.14,1.0,0.68,0.64
0.5,0.27,40.0,1.0,0.0,0.04,1.0,0.62,0.42
0.5,0.26,40.0,1.0,0.08,0.1,1.0,0.6,0.46
0.5,0.25,40.0,1.0,0.26,0.2,1.0,0.72,0.6
0.5,0.5,35.0,1.0,0.06,0.0,1.0,0.06,0.0
0.5,0.49,35.0,1.0,0.02,0.08,1.0,0.02,0.08
0.5,0.48,35.0,1.0,0.02,0.08,1.0,0.02,0.08
0.5,0.47000000000000003,35.0,1.0,0.04,0.04,1.0,0.04,0.04
0.5,0.46,35.0,1.0,0.0,0.06,1.0,0.0,0.06
0.5,0.45,35.0,1.0,0.02,0.14,1.0,0.04,0.14
0.5,0.44,35.0,1.0,0.0,0.06,1.0,0.08,0.12
0.5,0.43,35.0,1.0,0.02,0.02,1.0,0.12,0.12
0.5,0.42,35.0,1.0,0.02,0.12,1.0,0.12,0.2
0.5,0.41000000000000003,35.0,1.0,0.06,0.04,1.0,0.3,0.26
0.5,0.4,35.0,1.0,0.06,0.06,1.0,0.22,0.24
0.5,0.39,35.0,1.0,0.02,0.06,1.0,0.26,0.24
0.5,0.38,35.0,1.0,0.02,0.08,1.0,0.28,0.24
0.5,0.37,35.0,1.0,0.04,0.02,1.0,0.42,0.3
0.5,0.36,35.0,1.0,0.06,0.02,1.0,0.48,0.38
0.5,0.35000000000000003,35.0,1.0,0.06,0.06,1.0,0.44,0.36
0.5,0.34,35.0,1.0,0.02,0.06,1.0,0.48,0.4
0.5,0.33,35.0,1.0,0.04,0.08,1.0,0.4,0.38
0.5,0.32,35.0,1.0,0.0,0.04,1.0,0.54,0.52
0.5,0.31,35.0,1.0,0.04,0.04,1.0,0.66,0.56
0.5,0.3,35.0,1.0,0.02,0.06,1.0,0.72,0.54
0.5,0.29,35.0,1.0,0.04,0.02,1.0,0.72,0.56
0.5,0.28,35.0,1.0,0.04,0.08,1.0,0.64,0.58
0.5,0.27,35.0,1.0,0.14,0.02,1.0,0.86,0.74
0.5,0.26,35.0,1.0,0.06,0.1,1.0,0.76,0.68
0.5,0.25,35.0,1.0,0.34,0.26,1.0,0.82,0.68
0.5,0.5,30.0,1.0,0.08,0.1,1.0,0.08,0.1
0.5,0.49,30.0,1.0,0.02,0.02,1.0,0.04,0.04
0.5,0.48,30.0,1.0,0.08,0.1,1.0,0.08,0.1
0.5,0.47000000000000003,30.0,1.0,0.06,0.08,1.0,0.06,0.08
0.5,0.46,30.0,1.0,0.02,0.02,1.0,0.02,0.02
0.5,0.45,30.0,1.0,0.14,0.1,1.0,0.18,0.1
0.5,0.44,30.0,1.0,0.02,0.06,1.0,0.1,0.08
0.5,0.43,30.0,1.0,0.0,0.0,1.0,0.02,0.02
0.5,0.42,30.0,1.0,0.0,0.02,1.0,0.24,0.14
0.5,0.41000000000000003,30.0,1.0,0.02,0.06,1.0,0.34,0.26
0.5,0.4,30.0,1.0,0.08,0.08,1.0,0.44,0.28
0.5,0.39,30.0,1.0,0.02,0.04,1.0,0.3,0.18
0.5,0.38,30.0,1.0,0.04,0.06,1.0,0.22,0.18
0.5,0.37,30.0,1.0,0.02,0.0,1.0,0.54,0.36
0.5,0.36,30.0,1.0,0.12,0.04,1.0,0.56,0.38
0.5,0.35000000000000003,30.0,1.0,0.04,0.06,1.0,0.58,0.42
0.5,0.34,30.0,1.0,0.06,0.08,1.0,0.62,0.52
0.5,0.33,30.0,1.0,0.06,0.04,1.0,0.76,0.64
0.5,0.32,30.0,1.0,0.04,0.06,1.0,0.62,0.56
0.5,0.31,30.0,1.0,0.0,0.04,1.0,0.62,0.58
0.5,0.3,30.0,1.0,0.08,0.1,1.0,0.6,0.56
0.5,0.29,30.0,1.0,0.06,0.1,1.0,0.66,0.54
0.5,0.28,30.0,1.0,0.04,0.06,1.0,0.76,0.68
0.5,0.27,30.0,1.0,0.1,0.14,1.0,0.74,0.6
0.5,0.26,30.0,1.0,0.28,0.22,1.0,0.68,0.5
0.5,0.25,30.0,1.0,0.32,0.3,1.0,0.68,0.7
0.5,0.5,25.0,1.0,0.04,0.06,1.0,0.04,0.06
0.5,0.49,25.0,1.0,0.06,0.06,1.0,0.06,0.06
0.5,0.48,25.0,1.0,0.06,0.1,1.0,0.08,0.1
0.5,0.47000000000000003,25.0,1.0,0.04,0.1,1.0,0.04,0.1
0.5,0.46,25.0,1.0,0.04,0.0,1.0,0.04,0.0
0.5,0.45,25.0,1.0,0.04,0.06,1.0,0.18,0.1
0.5,0.44,25.0,1.0,0.1,0.02,1.0,0.2,0.08
0.5,0.43,25.0,1.0,0.08,0.08,1.0,0.28,0.24
0.5,0.42,25.0,1.0,0.06,0.1,1.0,0.2,0.18
0.5,0.41000000000000003,25.0,1.0,0.02,0.1,1.0,0.32,0.3
0.5,0.4,25.0,1.0,0.04,0.06,1.0,0.32,0.34
0.5,0.39,25.0,1.0,0.0,0.06,1.0,0.28,0.32
0.5,0.38,25.0,1.0,0.06,0.06,1.0,0.5,0.42
0.5,0.37,25.0,1.0,0.08,0.06,1.0,0.48,0.32
0.5,0.36,25.0,1.0,0.12,0.06,1.0,0.56,0.4
0.5,0.35000000000000003,25.0,1.0,0.04,0.1,1.0,0.52,0.3
0.5,0.34,25.0,1.0,0.04,0.02,1.0,0.54,0.4
0.5,0.33,25.0,1.0,0.08,0.02,1.0,0.62,0.46
0.5,0.32,25.0,1.0,0.0,0.08,1.0,0.64,0.54
0.5,0.31,25.0,1.0,0.04,0.02,1.0,0.7,0.58
0.5,0.3,25.0,1.0,0.06,0.06,1.0,0.64,0.42
0.5,0.29,25.0,1.0,0.02,0.04,1.0,0.66,0.46
0.5,0.28,25.0,1.0,0.14,0.14,1.0,0.7,0.6
0.5,0.27,25.0,1.0,0.22,0.26,1.0,0.78,0.7
0.5,0.26,25.0,1.0,0.3,0.28,1.0,0.68,0.5
0.5,0.25,25.0,1.0,0.54,0.44,1.0,0.8,0.72
0.5,0.5,20.0,1.0,0.06,0.06,1.0,0.1,0.08
0.5,0.49,20.0,1.0,0.04,0.02,1.0,0.06,0.04
0.5,0.48,20.0,1.0,0.06,0.02,1.0,0.06,0.02
0.5,0.47000000000000003,20.0,1.0,0.06,0.08,1.0,0.06,0.08
0.5,0.46,20.0,1.0,0.04,0.04,1.0,0.06,0.06
0.5,0.45,20.0,1.0,0.02,0.04,1.0,0.08,0.08
0.5,0.44,20.0,1.0,0.0,0.1,1.0,0.14,0.22
0.5,0.43,20.0,1.0,0.06,0.02,1.0,0.22,0.18
0.5,0.42,20.0,1.0,0.04,0.04,1.0,0.24,0.18
0.5,0.41000000000000003,20.0,1.0,0.12,0.04,1.0,0.32,0.18
0.5,0.4,20.0,1.0,0.04,0.02,1.0,0.36,0.22
0.5,0.39,20.0,1.0,0.06,0.04,1.0,0.38,0.22
0.5,0.38,20.0,1.0,0.04,0.04,1.0,0.48,0.3
0.5,0.37,20.0,1.0,0.08,0.1,1.0,0.48,0.36
0.5,0.36,20.0,1.0,0.04,0.0,1.0,0.52,0.46
0.5,0.35000000000000003,20.0,1.0,0.02,0.02,1.0,0.56,0.46
0.5,0.34,20.0,1.0,0.02,0.08,1.0,0.66,0.42
0.5,0.33,20.0,1.0,0.08,0.08,1.0,0.62,0.46
0.5,0.32,20.0,1.0,0.04,0.06,1.0,0.66,0.48
0.5,0.31,20.0,1.0,0.0,0.08,1.0,0.74,0.6
0.5,0.3,20.0,1.0,0.06,0.04,1.0,0.78,0.58
0.5,0.29,20.0,1.0,0.14,0.14,1.0,0.7,0.56
0.5,0.28,20.0,1.0,0.28,0.28,1.0,0.68,0.52
0.5,0.27,20.0,1.0,0.44,0.4,1.0,0.74,0.52
0.5,0.26,20.0,1.0,0.58,0.52,1.0,0.78,0.62
0.5,0.25,20.0,1.0,0.76,0.58,1.0,0.64,0.46
0.5,0.5,15.0,1.0,0.02,0.04,1.0,0.1,0.08
0.5,0.49,15.0,1.0,0.08,0.02,1.0,0.08,0.04
0.5,0.48,15.0,1.0,0.0,0.06,1.0,0.08,0.14
0.5,0.47000000000000003,15.0,1.0,0.04,0.04,1.0,0.08,0.08
0.5,0.46,15.0,1.0,0.06,0.06,1.0,0.16,0.18
0.5,0.45,15.0,1.0,0.08,0.02,1.0,0.26,0.14
0.5,0.44,15.0,1.0,0.02,0.0,1.0,0.28,0.22
0.5,0.43,15.0,1.0,0.02,0.02,1.0,0.36,0.3
0.5,0.42,15.0,1.0,0.0,0.06,1.0,0.4,0.38
0.5,0.41000000000000003,15.0,1.0,0.02,0.04,1.0,0.44,0.32
0.5,0.4,15.0,1.0,0.02,0.0,1.0,0.52,0.34
0.5,0.39,15.0,1.0,0.08,0.06,1.0,0.54,0.32
0.5,0.38,15.0,1.0,0.02,0.04,1.0,0.52,0.34
0.5,0.37,15.0,1.0,0.14,0.04,1.0,0.62,0.38
0.5,0.36,15.0,1.0,0.04,0.02,1.0,0.6,0.44
0.5,0.35000000000000003,15.0,1.0,0.08,0.02,1.0,0.56,0.44
0.5,0.34,15.0,1.0,0.04,0.04,1.0,0.68,0.56
0.5,0.33,15.0,1.0,0.04,0.02,1.0,0.74,0.56
0.5,0.32,15.0,1.0,0.12,0.14,1.0,0.68,0.48
0.5,0.31,15.0,1.0,0.2,0.08,1.0,0.78,0.56
0.5,0.3,15.0,1.0,0.28,0.2,1.0,0.78,0.5
0.5,0.29,15.0,1.0,0.46,0.46,1.0,0.78,0.64
0.5,0.28,15.0,1.0,0.46,0.4,1.0,0.88,0.64
0.5,0.27,15.0,1.0,0.76,0.6,1.0,0.76,0.56
0.5,0.26,15.0,1.0,0.82,0.66,1.0,0.76,0.56
0.5,0.25,15.0,1.0,0.86,0.74,1.0,0.9,0.5
0.5,0.5,10.0,1.0,0.02,0.1,1.0,0.08,0.14
0.5,0.49,10.0,1.0,0.02,0.06,1.0,0.1,0.1
0.5,0.48,10.0,1.0,0.08,0.02,1.0,0.26,0.16
0.5,0.47000000000000003,10.0,1.0,0.0,0.1,1.0,0.1,0.16
0.5,0.46,10.0,1.0,0.06,0.06,1.0,0.2,0.18
0.5,0.45,10.0,1.0,0.14,0.0,1.0,0.46,0.26
0.5,0.44,10.0,1.0,0.06,0.04,1.0,0.36,0.24
0.5,0.43,10.0,1.0,0.02,0.12,1.0,0.3,0.34
0.5,0.42,10.0,1.0,0.06,0.02,1.0,0.58,0.36
0.5,0.41000000000000003,10.0,1.0,0.06,0.04,1.0,0.52,0.34
0.5,0.4,10.0,1.0,0.12,0.1,1.0,0.58,0.42
0.5,0.39,10.0,1.0,0.04,0.02,1.0,0.58,0.32
0.5,0.38,10.0,1.0,0.06,0.1,1.0,0.66,0.48
0.5,0.37,10.0,1.0,0.04,0.04,1.0,0.58,0.46
0.5,0.36,10.0,1.0,0.1,0.08,1.0,0.78,0.56
0.5,0.35000000000000003,10.0,1.0,0.1,0.12,1.0,0.74,0.42
0.5,0.34,10.0,1.0,0.14,0.12,1.0,0.68,0.44
0.5,0.33,10.0,1.0,0.22,0.16,1.0,0.7,0.46
0.5,0.32,10.0,1.0,0.42,0.32,1.0,0.84,0.46
0.5,0.31,10.0,1.0,0.62,0.46,1.0,0.74,0.52
0.5,0.3,10.0,1.0,0.64,0.54,1.0,0.74,0.52
0.5,0.29,10.0,1.0,0.88,0.66,1.0,0.84,0.58
0.5,0.28,10.0,1.0,0.78,0.5,1.0,0.82,0.54
0.5,0.27,10.0,0.98,0.92,0.7,1.0,0.84,0.46
0.5,0.26,10.0,1.0,0.86,0.6,1.0,0.86,0.6
0.5,0.25,10.0,1.0,0.92,0.52,1.0,0.82,0.6
0.5,0.5,5.0,1.0,0.0,0.06,1.0,0.34,0.22
0.5,0.49,5.0,1.0,0.04,0.1,1.0,0.32,0.2
0.5,0.48,5.0,1.0,0.04,0.1,1.0,0.3,0.18
0.5,0.47000000000000003,5.0,1.0,0.06,0.06,1.0,0.28,0.2
0.5,0.46,5.0,1.0,0.06,0.08,1.0,0.4,0.26
0.5,0.45,5.0,1.0,0.02,0.06,1.0,0.46,0.26
0.5,0.44,5.0,1.0,0.06,0.08,1.0,0.4,0.24
0.5,0.43,5.0,1.0,0.16,0.1,1.0,0.66,0.38
0.5,0.42,5.0,1.0,0.16,0.14,1.0,0.56,0.34
0.5,0.41000000000000003,5.0,1.0,0.18,0.1,1.0,0.58,0.32
0.5,0.4,5.0,1.0,0.2,0.12,1.0,0.64,0.3
0.5,0.39,5.0,1.0,0.46,0.28,1.0,0.72,0.48
0.5,0.38,5.0,1.0,0.52,0.22,1.0,0.8,0.34
0.5,0.37,5.0,1.0,0.56,0.38,1.0,0.62,0.32
0.5,0.36,5.0,1.0,0.72,0.46,1.0,0.76,0.38
0.5,0.35000000000000003,5.0,0.98,0.72,0.5,1.0,0.84,0.38
0.5,0.34,5.0,1.0,0.78,0.48,0.98,0.68,0.36
0.5,0.33,5.0,0.98,0.78,0.44,0.96,0.74,0.46
0.5,0.32,5.0,1.0,0.86,0.42,0.98,0.72,0.28
0.5,0.31,5.0,0.98,0.88,0.5,1.0,0.86,0.46
0.5,0.3,5.0,1.0,0.88,0.48,0.96,0.78,0.38
0.5,0.29,5.0,1.0,0.88,0.4,0.98,0.88,0.34
0.5,0.28,5.0,0.98,0.92,0.5,0.96,0.8,0.44
0.5,0.27,5.0,0.94,0.84,0.46,0.92,0.9,0.4
0.5,0.26,5.0,0.94,0.88,0.38,0.96,0.8,0.4
0.5,0.25,5.0,0.96,0.92,0.52,0.9,0.82,0.2
