,Test,Effect_Size,n,Weighting,Simulation,power,power_stderr
600,MWW,0.0,20,Weighted,SBM,0.04,0.0019595917942265423
601,PT,0.0,20,Weighted,SBM,0.01,0.00099498743710662
602,WT,0.0,20,Weighted,SBM,0.04,0.0019595917942265423
603,MWW,0.111,20,Weighted,SBM,0.08,0.002712931993250107
604,PT,0.111,20,Weighted,SBM,0.05,0.0021794494717703367
605,WT,0.111,20,Weighted,SBM,0.1,0.003
606,MWW,0.222,20,Weighted,SBM,0.16,0.0036660605559646715
607,PT,0.222,20,Weighted,SBM,0.11,0.0031288975694324034
608,WT,0.222,20,Weighted,SBM,0.17,0.00375632799419859
609,MWW,0.333,20,Weighted,SBM,0.35,0.004769696007084728
610,PT,0.333,20,Weighted,SBM,0.26,0.004386342439892262
611,WT,0.333,20,Weighted,SBM,0.32,0.004664761515876239
612,MWW,0.444,20,Weighted,SBM,0.35,0.004769696007084728
613,PT,0.444,20,Weighted,SBM,0.23,0.004208325082500163
614,WT,0.444,20,Weighted,SBM,0.37,0.004828043081829324
615,MWW,0.556,20,Weighted,SBM,0.61,0.0048774993593028795
616,PT,0.556,20,Weighted,SBM,0.47,0.004990991885387112
617,WT,0.556,20,Weighted,SBM,0.65,0.004769696007084728
618,MWW,0.667,20,Weighted,SBM,0.69,0.00462493243193887
619,PT,0.667,20,Weighted,SBM,0.58,0.004935585071701228
620,WT,0.667,20,Weighted,SBM,0.73,0.0044395945760846225
621,MWW,0.778,20,Weighted,SBM,0.84,0.0036660605559646724
622,PT,0.778,20,Weighted,SBM,0.69,0.004624932431938871
623,WT,0.778,20,Weighted,SBM,0.83,0.00375632799419859
624,MWW,0.889,20,Weighted,SBM,0.9,0.003
625,PT,0.889,20,Weighted,SBM,0.86,0.0034698703145794947
626,WT,0.889,20,Weighted,SBM,0.94,0.0023748684174075834
627,MWW,1.0,20,Weighted,SBM,1.0,0.0
628,PT,1.0,20,Weighted,SBM,0.89,0.003128897569432403
629,WT,1.0,20,Weighted,SBM,1.0,0.0
630,MWW,0.0,29,Weighted,SBM,0.04,0.0019595917942265427
631,PT,0.0,29,Weighted,SBM,0.02,0.0013999999999999998
632,WT,0.0,29,Weighted,SBM,0.04,0.0019595917942265423
633,MWW,0.111,29,Weighted,SBM,0.08,0.002712931993250107
634,PT,0.111,29,Weighted,SBM,0.05,0.0021794494717703367
635,WT,0.111,29,Weighted,SBM,0.07,0.0025514701644346145
636,MWW,0.222,29,Weighted,SBM,0.23,0.004208325082500163
637,PT,0.222,29,Weighted,SBM,0.16,0.0036660605559646724
638,WT,0.222,29,Weighted,SBM,0.21,0.004073082370883261
639,MWW,0.333,29,Weighted,SBM,0.36,0.0048
640,PT,0.333,29,Weighted,SBM,0.29,0.004537620521815371
641,WT,0.333,29,Weighted,SBM,0.38,0.004853864439804639
642,MWW,0.444,29,Weighted,SBM,0.76,0.004270831300812525
643,PT,0.444,29,Weighted,SBM,0.53,0.004990991885387112
644,WT,0.444,29,Weighted,SBM,0.79,0.004073082370883261
645,MWW,0.556,29,Weighted,SBM,0.88,0.0032496153618543845
646,PT,0.556,29,Weighted,SBM,0.75,0.004330127018922193
647,WT,0.556,29,Weighted,SBM,0.89,0.003128897569432403
648,MWW,0.667,29,Weighted,SBM,0.99,0.00099498743710662
649,PT,0.667,29,Weighted,SBM,0.93,0.0025514701644346145
650,WT,0.667,29,Weighted,SBM,0.99,0.00099498743710662
651,MWW,0.778,29,Weighted,SBM,0.99,0.00099498743710662
652,PT,0.778,29,Weighted,SBM,0.97,0.0017058722109231984
653,WT,0.778,29,Weighted,SBM,0.99,0.00099498743710662
654,MWW,0.889,29,Weighted,SBM,1.0,0.0
655,PT,0.889,29,Weighted,SBM,0.99,0.00099498743710662
656,WT,0.889,29,Weighted,SBM,1.0,0.0
657,MWW,1.0,29,Weighted,SBM,1.0,0.0
658,PT,1.0,29,Weighted,SBM,1.0,0.0
659,WT,1.0,29,Weighted,SBM,1.0,0.0
660,MWW,0.0,38,Weighted,SBM,0.05,0.0021794494717703367
661,PT,0.0,38,Weighted,SBM,0.06,0.0023748684174075834
662,WT,0.0,38,Weighted,SBM,0.06,0.0023748684174075834
663,MWW,0.111,38,Weighted,SBM,0.06,0.0023748684174075834
664,PT,0.111,38,Weighted,SBM,0.09,0.002861817604250837
665,WT,0.111,38,Weighted,SBM,0.09,0.002861817604250837
666,MWW,0.222,38,Weighted,SBM,0.43,0.004950757517794625
667,PT,0.222,38,Weighted,SBM,0.29,0.004537620521815371
668,WT,0.222,38,Weighted,SBM,0.41,0.004918333050943175
669,MWW,0.333,38,Weighted,SBM,0.7,0.00458257569495584
670,PT,0.333,38,Weighted,SBM,0.59,0.004918333050943175
671,WT,0.333,38,Weighted,SBM,0.72,0.00448998886412873
672,MWW,0.444,38,Weighted,SBM,0.93,0.002551470164434615
673,PT,0.444,38,Weighted,SBM,0.85,0.0035707142142714253
674,WT,0.444,38,Weighted,SBM,0.93,0.002551470164434615
675,MWW,0.556,38,Weighted,SBM,0.99,0.00099498743710662
676,PT,0.556,38,Weighted,SBM,0.87,0.0033630343441600472
677,WT,0.556,38,Weighted,SBM,1.0,0.0
678,MWW,0.667,38,Weighted,SBM,1.0,0.0
679,PT,0.667,38,Weighted,SBM,0.97,0.0017058722109231984
680,WT,0.667,38,Weighted,SBM,1.0,0.0
681,MWW,0.778,38,Weighted,SBM,1.0,0.0
682,PT,0.778,38,Weighted,SBM,1.0,0.0
683,WT,0.778,38,Weighted,SBM,1.0,0.0
684,MWW,0.889,38,Weighted,SBM,1.0,0.0
685,PT,0.889,38,Weighted,SBM,1.0,0.0
686,WT,0.889,38,Weighted,SBM,1.0,0.0
687,MWW,1.0,38,Weighted,SBM,1.0,0.0
688,PT,1.0,38,Weighted,SBM,1.0,0.0
689,WT,1.0,38,Weighted,SBM,1.0,0.0
690,MWW,0.0,47,Weighted,SBM,0.11,0.0031288975694324034
691,PT,0.0,47,Weighted,SBM,0.09,0.0028618176042508377
692,WT,0.0,47,Weighted,SBM,0.09,0.002861817604250837
693,MWW,0.111,47,Weighted,SBM,0.28,0.004489988864128729
694,PT,0.111,47,Weighted,SBM,0.26,0.004386342439892262
695,WT,0.111,47,Weighted,SBM,0.3,0.00458257569495584
696,MWW,0.222,47,Weighted,SBM,0.47,0.004990991885387112
697,PT,0.222,47,Weighted,SBM,0.26,0.004386342439892262
698,WT,0.222,47,Weighted,SBM,0.49,0.004998999899979995
699,MWW,0.333,47,Weighted,SBM,0.91,0.0028618176042508377
700,PT,0.333,47,Weighted,SBM,0.72,0.004489988864128729
701,WT,0.333,47,Weighted,SBM,0.91,0.0028618176042508377
702,MWW,0.444,47,Weighted,SBM,0.97,0.0017058722109231984
703,PT,0.444,47,Weighted,SBM,0.92,0.002712931993250107
704,WT,0.444,47,Weighted,SBM,0.98,0.0013999999999999998
705,MWW,0.556,47,Weighted,SBM,1.0,0.0
706,PT,0.556,47,Weighted,SBM,1.0,0.0
707,WT,0.556,47,Weighted,SBM,1.0,0.0
708,MWW,0.667,47,Weighted,SBM,1.0,0.0
709,PT,0.667,47,Weighted,SBM,1.0,0.0
710,WT,0.667,47,Weighted,SBM,1.0,0.0
711,MWW,0.778,47,Weighted,SBM,1.0,0.0
712,PT,0.778,47,Weighted,SBM,1.0,0.0
713,WT,0.778,47,Weighted,SBM,1.0,0.0
714,MWW,0.889,47,Weighted,SBM,1.0,0.0
715,PT,0.889,47,Weighted,SBM,1.0,0.0
716,WT,0.889,47,Weighted,SBM,1.0,0.0
717,MWW,1.0,47,Weighted,SBM,1.0,0.0
718,PT,1.0,47,Weighted,SBM,1.0,0.0
719,WT,1.0,47,Weighted,SBM,1.0,0.0
720,MWW,0.0,56,Weighted,SBM,0.07,0.0025514701644346145
721,PT,0.0,56,Weighted,SBM,0.07,0.0025514701644346145
722,WT,0.0,56,Weighted,SBM,0.03,0.001705872210923198
723,MWW,0.111,56,Weighted,SBM,0.23,0.004208325082500163
724,PT,0.111,56,Weighted,SBM,0.14,0.0034698703145794947
725,WT,0.111,56,Weighted,SBM,0.25,0.004330127018922193
726,MWW,0.222,56,Weighted,SBM,0.72,0.004489988864128728
727,PT,0.222,56,Weighted,SBM,0.49,0.0049989998999799955
728,WT,0.222,56,Weighted,SBM,0.76,0.004270831300812525
729,MWW,0.333,56,Weighted,SBM,0.94,0.0023748684174075834
730,PT,0.333,56,Weighted,SBM,0.83,0.00375632799419859
731,WT,0.333,56,Weighted,SBM,0.96,0.0019595917942265427
732,MWW,0.444,56,Weighted,SBM,1.0,0.0
733,PT,0.444,56,Weighted,SBM,0.99,0.00099498743710662
734,WT,0.444,56,Weighted,SBM,1.0,0.0
735,MWW,0.556,56,Weighted,SBM,1.0,0.0
736,PT,0.556,56,Weighted,SBM,1.0,0.0
737,WT,0.556,56,Weighted,SBM,1.0,0.0
738,MWW,0.667,56,Weighted,SBM,1.0,0.0
739,PT,0.667,56,Weighted,SBM,1.0,0.0
740,WT,0.667,56,Weighted,SBM,1.0,0.0
741,MWW,0.778,56,Weighted,SBM,1.0,0.0
742,PT,0.778,56,Weighted,SBM,1.0,0.0
743,WT,0.778,56,Weighted,SBM,1.0,0.0
744,MWW,0.889,56,Weighted,SBM,1.0,0.0
745,PT,0.889,56,Weighted,SBM,1.0,0.0
746,WT,0.889,56,Weighted,SBM,1.0,0.0
747,MWW,1.0,56,Weighted,SBM,1.0,0.0
748,PT,1.0,56,Weighted,SBM,1.0,0.0
749,WT,1.0,56,Weighted,SBM,1.0,0.0
750,MWW,0.0,64,Weighted,SBM,0.02,0.0013999999999999998
751,PT,0.0,64,Weighted,SBM,0.05,0.0021794494717703367
752,WT,0.0,64,Weighted,SBM,0.02,0.0013999999999999998
753,MWW,0.111,64,Weighted,SBM,0.28,0.004489988864128729
754,PT,0.111,64,Weighted,SBM,0.19,0.003923009049186607
755,WT,0.111,64,Weighted,SBM,0.27,0.004439594576084623
756,MWW,0.222,64,Weighted,SBM,0.85,0.003570714214271425
757,PT,0.222,64,Weighted,SBM,0.65,0.004769696007084728
758,WT,0.222,64,Weighted,SBM,0.86,0.0034698703145794947
759,MWW,0.333,64,Weighted,SBM,0.99,0.00099498743710662
760,PT,0.333,64,Weighted,SBM,0.93,0.0025514701644346145
761,WT,0.333,64,Weighted,SBM,0.99,0.00099498743710662
762,MWW,0.444,64,Weighted,SBM,1.0,0.0
763,PT,0.444,64,Weighted,SBM,1.0,0.0
764,WT,0.444,64,Weighted,SBM,1.0,0.0
765,MWW,0.556,64,Weighted,SBM,1.0,0.0
766,PT,0.556,64,Weighted,SBM,1.0,0.0
767,WT,0.556,64,Weighted,SBM,1.0,0.0
768,MWW,0.667,64,Weighted,SBM,1.0,0.0
769,PT,0.667,64,Weighted,SBM,1.0,0.0
770,WT,0.667,64,Weighted,SBM,1.0,0.0
771,MWW,0.778,64,Weighted,SBM,1.0,0.0
772,PT,0.778,64,Weighted,SBM,1.0,0.0
773,WT,0.778,64,Weighted,SBM,1.0,0.0
774,MWW,0.889,64,Weighted,SBM,1.0,0.0
775,PT,0.889,64,Weighted,SBM,1.0,0.0
776,WT,0.889,64,Weighted,SBM,1.0,0.0
777,MWW,1.0,64,Weighted,SBM,1.0,0.0
778,PT,1.0,64,Weighted,SBM,1.0,0.0
779,WT,1.0,64,Weighted,SBM,1.0,0.0
780,MWW,0.0,73,Weighted,SBM,0.04,0.0019595917942265423
781,PT,0.0,73,Weighted,SBM,0.05,0.0021794494717703367
782,WT,0.0,73,Weighted,SBM,0.05,0.0021794494717703367
783,MWW,0.111,73,Weighted,SBM,0.37,0.004828043081829324
784,PT,0.111,73,Weighted,SBM,0.28,0.004489988864128729
785,WT,0.111,73,Weighted,SBM,0.39,0.0048774993593028795
786,MWW,0.222,73,Weighted,SBM,0.87,0.0033630343441600472
787,PT,0.222,73,Weighted,SBM,0.73,0.0044395945760846225
788,WT,0.222,73,Weighted,SBM,0.91,0.0028618176042508377
789,MWW,0.333,73,Weighted,SBM,0.99,0.00099498743710662
790,PT,0.333,73,Weighted,SBM,0.97,0.0017058722109231984
791,WT,0.333,73,Weighted,SBM,0.99,0.00099498743710662
792,MWW,0.444,73,Weighted,SBM,1.0,0.0
793,PT,0.444,73,Weighted,SBM,0.99,0.00099498743710662
794,WT,0.444,73,Weighted,SBM,1.0,0.0
795,MWW,0.556,73,Weighted,SBM,1.0,0.0
796,PT,0.556,73,Weighted,SBM,1.0,0.0
797,WT,0.556,73,Weighted,SBM,1.0,0.0
798,MWW,0.667,73,Weighted,SBM,1.0,0.0
799,PT,0.667,73,Weighted,SBM,1.0,0.0
800,WT,0.667,73,Weighted,SBM,1.0,0.0
801,MWW,0.778,73,Weighted,SBM,1.0,0.0
802,PT,0.778,73,Weighted,SBM,1.0,0.0
803,WT,0.778,73,Weighted,SBM,1.0,0.0
804,MWW,0.889,73,Weighted,SBM,1.0,0.0
805,PT,0.889,73,Weighted,SBM,1.0,0.0
806,WT,0.889,73,Weighted,SBM,1.0,0.0
807,MWW,1.0,73,Weighted,SBM,1.0,0.0
808,PT,1.0,73,Weighted,SBM,1.0,0.0
809,WT,1.0,73,Weighted,SBM,1.0,0.0
810,MWW,0.0,82,Weighted,SBM,0.06,0.0023748684174075834
811,PT,0.0,82,Weighted,SBM,0.05,0.0021794494717703367
812,WT,0.0,82,Weighted,SBM,0.09,0.002861817604250837
813,MWW,0.111,82,Weighted,SBM,0.37,0.004828043081829324
814,PT,0.111,82,Weighted,SBM,0.25,0.004330127018922193
815,WT,0.111,82,Weighted,SBM,0.41,0.004918333050943175
816,MWW,0.222,82,Weighted,SBM,0.97,0.0017058722109231984
817,PT,0.222,82,Weighted,SBM,0.86,0.0034698703145794947
818,WT,0.222,82,Weighted,SBM,0.97,0.0017058722109231984
819,MWW,0.333,82,Weighted,SBM,1.0,0.0
820,PT,0.333,82,Weighted,SBM,1.0,0.0
821,WT,0.333,82,Weighted,SBM,1.0,0.0
822,MWW,0.444,82,Weighted,SBM,1.0,0.0
823,PT,0.444,82,Weighted,SBM,1.0,0.0
824,WT,0.444,82,Weighted,SBM,1.0,0.0
825,MWW,0.556,82,Weighted,SBM,1.0,0.0
826,PT,0.556,82,Weighted,SBM,1.0,0.0
827,WT,0.556,82,Weighted,SBM,1.0,0.0
828,MWW,0.667,82,Weighted,SBM,1.0,0.0
829,PT,0.667,82,Weighted,SBM,1.0,0.0
830,WT,0.667,82,Weighted,SBM,1.0,0.0
831,MWW,0.778,82,Weighted,SBM,1.0,0.0
832,PT,0.778,82,Weighted,SBM,1.0,0.0
833,WT,0.778,82,Weighted,SBM,1.0,0.0
834,MWW,0.889,82,Weighted,SBM,1.0,0.0
835,PT,0.889,82,Weighted,SBM,1.0,0.0
836,WT,0.889,82,Weighted,SBM,1.0,0.0
837,MWW,1.0,82,Weighted,SBM,1.0,0.0
838,PT,1.0,82,Weighted,SBM,1.0,0.0
839,WT,1.0,82,Weighted,SBM,1.0,0.0
840,MWW,0.0,91,Weighted,SBM,0.07,0.0025514701644346145
841,PT,0.0,91,Weighted,SBM,0.09,0.002861817604250837
842,WT,0.0,91,Weighted,SBM,0.04,0.0019595917942265423
843,MWW,0.111,91,Weighted,SBM,0.48,0.0049959983987187175
844,PT,0.111,91,Weighted,SBM,0.38,0.004853864439804639
845,WT,0.111,91,Weighted,SBM,0.54,0.004983974317750844
846,MWW,0.222,91,Weighted,SBM,0.99,0.00099498743710662
847,PT,0.222,91,Weighted,SBM,0.89,0.003128897569432403
848,WT,0.222,91,Weighted,SBM,0.99,0.00099498743710662
849,MWW,0.333,91,Weighted,SBM,1.0,0.0
850,PT,0.333,91,Weighted,SBM,0.99,0.00099498743710662
851,WT,0.333,91,Weighted,SBM,1.0,0.0
852,MWW,0.444,91,Weighted,SBM,1.0,0.0
853,PT,0.444,91,Weighted,SBM,1.0,0.0
854,WT,0.444,91,Weighted,SBM,1.0,0.0
855,MWW,0.556,91,Weighted,SBM,1.0,0.0
856,PT,0.556,91,Weighted,SBM,1.0,0.0
857,WT,0.556,91,Weighted,SBM,1.0,0.0
858,MWW,0.667,91,Weighted,SBM,1.0,0.0
859,PT,0.667,91,Weighted,SBM,1.0,0.0
860,WT,0.667,91,Weighted,SBM,1.0,0.0
861,MWW,0.778,91,Weighted,SBM,1.0,0.0
862,PT,0.778,91,Weighted,SBM,1.0,0.0
863,WT,0.778,91,Weighted,SBM,1.0,0.0
864,MWW,0.889,91,Weighted,SBM,1.0,0.0
865,PT,0.889,91,Weighted,SBM,1.0,0.0
866,WT,0.889,91,Weighted,SBM,1.0,0.0
867,MWW,1.0,91,Weighted,SBM,1.0,0.0
868,PT,1.0,91,Weighted,SBM,1.0,0.0
869,WT,1.0,91,Weighted,SBM,1.0,0.0
870,MWW,0.0,100,Weighted,SBM,0.04,0.0019595917942265423
871,PT,0.0,100,Weighted,SBM,0.08,0.002712931993250107
872,WT,0.0,100,Weighted,SBM,0.04,0.0019595917942265423
873,MWW,0.111,100,Weighted,SBM,0.64,0.0048
874,PT,0.111,100,Weighted,SBM,0.49,0.004998999899979995
875,WT,0.111,100,Weighted,SBM,0.64,0.0048
876,MWW,0.222,100,Weighted,SBM,0.99,0.00099498743710662
877,PT,0.222,100,Weighted,SBM,0.92,0.002712931993250107
878,WT,0.222,100,Weighted,SBM,1.0,0.0
879,MWW,0.333,100,Weighted,SBM,1.0,0.0
880,PT,0.333,100,Weighted,SBM,1.0,0.0
881,WT,0.333,100,Weighted,SBM,1.0,0.0
882,MWW,0.444,100,Weighted,SBM,1.0,0.0
883,PT,0.444,100,Weighted,SBM,1.0,0.0
884,WT,0.444,100,Weighted,SBM,1.0,0.0
885,MWW,0.556,100,Weighted,SBM,1.0,0.0
886,PT,0.556,100,Weighted,SBM,1.0,0.0
887,WT,0.556,100,Weighted,SBM,1.0,0.0
888,MWW,0.667,100,Weighted,SBM,1.0,0.0
889,PT,0.667,100,Weighted,SBM,1.0,0.0
890,WT,0.667,100,Weighted,SBM,1.0,0.0
891,MWW,0.778,100,Weighted,SBM,1.0,0.0
892,PT,0.778,100,Weighted,SBM,1.0,0.0
893,WT,0.778,100,Weighted,SBM,1.0,0.0
894,MWW,0.889,100,Weighted,SBM,1.0,0.0
895,PT,0.889,100,Weighted,SBM,1.0,0.0
896,WT,0.889,100,Weighted,SBM,1.0,0.0
897,MWW,1.0,100,Weighted,SBM,1.0,0.0
898,PT,1.0,100,Weighted,SBM,1.0,0.0
899,WT,1.0,100,Weighted,SBM,1.0,0.0
1500,MWW,0.0,20,Weighted,SIEM,0.01,0.00099498743710662
1501,PT,0.0,20,Weighted,SIEM,0.04,0.0019595917942265423
1502,WT,0.0,20,Weighted,SIEM,0.03,0.0017058722109231984
1503,MWW,0.111,20,Weighted,SIEM,0.04,0.0019595917942265423
1504,PT,0.111,20,Weighted,SIEM,0.03,0.001705872210923198
1505,WT,0.111,20,Weighted,SIEM,0.04,0.0019595917942265423
1506,MWW,0.222,20,Weighted,SIEM,0.13,0.0033630343441600472
1507,PT,0.222,20,Weighted,SIEM,0.1,0.003
1508,WT,0.222,20,Weighted,SIEM,0.13,0.0033630343441600472
1509,MWW,0.333,20,Weighted,SIEM,0.1,0.0030000000000000005
1510,PT,0.333,20,Weighted,SIEM,0.09,0.0028618176042508377
1511,WT,0.333,20,Weighted,SIEM,0.12,0.0032496153618543837
1512,MWW,0.444,20,Weighted,SIEM,0.14,0.0034698703145794947
1513,PT,0.444,20,Weighted,SIEM,0.09,0.0028618176042508377
1514,WT,0.444,20,Weighted,SIEM,0.13,0.003363034344160047
1515,MWW,0.556,20,Weighted,SIEM,0.26,0.004386342439892262
1516,PT,0.556,20,Weighted,SIEM,0.2,0.004
1517,WT,0.556,20,Weighted,SIEM,0.27,0.0044395945760846225
1518,MWW,0.667,20,Weighted,SIEM,0.33,0.004702127178203498
1519,PT,0.667,20,Weighted,SIEM,0.24,0.004270831300812525
1520,WT,0.667,20,Weighted,SIEM,0.38,0.004853864439804639
1521,MWW,0.778,20,Weighted,SIEM,0.48,0.0049959983987187175
1522,PT,0.778,20,Weighted,SIEM,0.43,0.004950757517794625
1523,WT,0.778,20,Weighted,SIEM,0.47,0.004990991885387112
1524,MWW,0.889,20,Weighted,SIEM,0.58,0.004935585071701228
1525,PT,0.889,20,Weighted,SIEM,0.41,0.004918333050943175
1526,WT,0.889,20,Weighted,SIEM,0.56,0.004963869458396343
1527,MWW,1.0,20,Weighted,SIEM,0.71,0.004537620521815371
1528,PT,1.0,20,Weighted,SIEM,0.6,0.004898979485566356
1529,WT,1.0,20,Weighted,SIEM,0.66,0.004737087712930805
1530,MWW,0.0,29,Weighted,SIEM,0.06,0.0023748684174075834
1531,PT,0.0,29,Weighted,SIEM,0.02,0.0013999999999999998
1532,WT,0.0,29,Weighted,SIEM,0.05,0.0021794494717703367
1533,MWW,0.111,29,Weighted,SIEM,0.02,0.0013999999999999998
1534,PT,0.111,29,Weighted,SIEM,0.04,0.0019595917942265427
1535,WT,0.111,29,Weighted,SIEM,0.02,0.0013999999999999998
1536,MWW,0.222,29,Weighted,SIEM,0.08,0.002712931993250107
1537,PT,0.222,29,Weighted,SIEM,0.13,0.0033630343441600472
1538,WT,0.222,29,Weighted,SIEM,0.07,0.002551470164434615
1539,MWW,0.333,29,Weighted,SIEM,0.14,0.0034698703145794947
1540,PT,0.333,29,Weighted,SIEM,0.11,0.0031288975694324034
1541,WT,0.333,29,Weighted,SIEM,0.15,0.003570714214271425
1542,MWW,0.444,29,Weighted,SIEM,0.25,0.004330127018922193
1543,PT,0.444,29,Weighted,SIEM,0.18,0.00384187454245971
1544,WT,0.444,29,Weighted,SIEM,0.26,0.004386342439892262
1545,MWW,0.556,29,Weighted,SIEM,0.47,0.004990991885387112
1546,PT,0.556,29,Weighted,SIEM,0.38,0.004853864439804639
1547,WT,0.556,29,Weighted,SIEM,0.5,0.005
1548,MWW,0.667,29,Weighted,SIEM,0.53,0.004990991885387111
1549,PT,0.667,29,Weighted,SIEM,0.37,0.004828043081829324
1550,WT,0.667,29,Weighted,SIEM,0.52,0.004995998398718718
1551,MWW,0.778,29,Weighted,SIEM,0.66,0.004737087712930805
1552,PT,0.778,29,Weighted,SIEM,0.54,0.004983974317750844
1553,WT,0.778,29,Weighted,SIEM,0.68,0.00466476151587624
1554,MWW,0.889,29,Weighted,SIEM,0.82,0.0038418745424597094
1555,PT,0.889,29,Weighted,SIEM,0.67,0.004702127178203498
1556,WT,0.889,29,Weighted,SIEM,0.8,0.004
1557,MWW,1.0,29,Weighted,SIEM,0.87,0.0033630343441600472
1558,PT,1.0,29,Weighted,SIEM,0.78,0.004142463035441597
1559,WT,1.0,29,Weighted,SIEM,0.88,0.0032496153618543837
1560,MWW,0.0,38,Weighted,SIEM,0.04,0.0019595917942265423
1561,PT,0.0,38,Weighted,SIEM,0.07,0.0025514701644346145
1562,WT,0.0,38,Weighted,SIEM,0.04,0.0019595917942265423
1563,MWW,0.111,38,Weighted,SIEM,0.02,0.0013999999999999998
1564,PT,0.111,38,Weighted,SIEM,0.04,0.0019595917942265423
1565,WT,0.111,38,Weighted,SIEM,0.07,0.0025514701644346145
1566,MWW,0.222,38,Weighted,SIEM,0.19,0.003923009049186606
1567,PT,0.222,38,Weighted,SIEM,0.11,0.0031288975694324034
1568,WT,0.222,38,Weighted,SIEM,0.2,0.004
1569,MWW,0.333,38,Weighted,SIEM,0.26,0.004386342439892262
1570,PT,0.333,38,Weighted,SIEM,0.25,0.004330127018922193
1571,WT,0.333,38,Weighted,SIEM,0.25,0.004330127018922193
1572,MWW,0.444,38,Weighted,SIEM,0.37,0.004828043081829324
1573,PT,0.444,38,Weighted,SIEM,0.27,0.004439594576084623
1574,WT,0.444,38,Weighted,SIEM,0.38,0.004853864439804639
1575,MWW,0.556,38,Weighted,SIEM,0.53,0.004990991885387112
1576,PT,0.556,38,Weighted,SIEM,0.37,0.004828043081829324
1577,WT,0.556,38,Weighted,SIEM,0.59,0.004918333050943174
1578,MWW,0.667,38,Weighted,SIEM,0.65,0.004769696007084728
1579,PT,0.667,38,Weighted,SIEM,0.48,0.0049959983987187175
1580,WT,0.667,38,Weighted,SIEM,0.63,0.004828043081829324
1581,MWW,0.778,38,Weighted,SIEM,0.83,0.00375632799419859
1582,PT,0.778,38,Weighted,SIEM,0.7,0.00458257569495584
1583,WT,0.778,38,Weighted,SIEM,0.85,0.0035707142142714253
1584,MWW,0.889,38,Weighted,SIEM,0.89,0.0031288975694324034
1585,PT,0.889,38,Weighted,SIEM,0.66,0.004737087712930805
1586,WT,0.889,38,Weighted,SIEM,0.87,0.0033630343441600472
1587,MWW,1.0,38,Weighted,SIEM,0.99,0.00099498743710662
1588,PT,1.0,38,Weighted,SIEM,0.87,0.0033630343441600472
1589,WT,1.0,38,Weighted,SIEM,1.0,0.0
1590,MWW,0.0,47,Weighted,SIEM,0.04,0.0019595917942265427
1591,PT,0.0,47,Weighted,SIEM,0.03,0.0017058722109231984
1592,WT,0.0,47,Weighted,SIEM,0.05,0.0021794494717703367
1593,MWW,0.111,47,Weighted,SIEM,0.02,0.0013999999999999998
1594,PT,0.111,47,Weighted,SIEM,0.03,0.0017058722109231984
1595,WT,0.111,47,Weighted,SIEM,0.04,0.0019595917942265423
1596,MWW,0.222,47,Weighted,SIEM,0.11,0.0031288975694324034
1597,PT,0.222,47,Weighted,SIEM,0.12,0.0032496153618543845
1598,WT,0.222,47,Weighted,SIEM,0.14,0.0034698703145794947
1599,MWW,0.333,47,Weighted,SIEM,0.17,0.00375632799419859
1600,PT,0.333,47,Weighted,SIEM,0.19,0.003923009049186606
1601,WT,0.333,47,Weighted,SIEM,0.21,0.004073082370883261
1602,MWW,0.444,47,Weighted,SIEM,0.46,0.004983974317750845
1603,PT,0.444,47,Weighted,SIEM,0.34,0.004737087712930804
1604,WT,0.444,47,Weighted,SIEM,0.47,0.004990991885387112
1605,MWW,0.556,47,Weighted,SIEM,0.52,0.004995998398718718
1606,PT,0.556,47,Weighted,SIEM,0.43,0.004950757517794625
1607,WT,0.556,47,Weighted,SIEM,0.59,0.004918333050943175
1608,MWW,0.667,47,Weighted,SIEM,0.8,0.004
1609,PT,0.667,47,Weighted,SIEM,0.64,0.0048
1610,WT,0.667,47,Weighted,SIEM,0.81,0.003923009049186606
1611,MWW,0.778,47,Weighted,SIEM,0.82,0.0038418745424597094
1612,PT,0.778,47,Weighted,SIEM,0.66,0.004737087712930805
1613,WT,0.778,47,Weighted,SIEM,0.86,0.0034698703145794947
1614,MWW,0.889,47,Weighted,SIEM,0.95,0.002179449471770337
1615,PT,0.889,47,Weighted,SIEM,0.84,0.0036660605559646724
1616,WT,0.889,47,Weighted,SIEM,0.99,0.00099498743710662
1617,MWW,1.0,47,Weighted,SIEM,1.0,0.0
1618,PT,1.0,47,Weighted,SIEM,0.96,0.0019595917942265423
1619,WT,1.0,47,Weighted,SIEM,1.0,0.0
1620,MWW,0.0,56,Weighted,SIEM,0.05,0.0021794494717703367
1621,PT,0.0,56,Weighted,SIEM,0.05,0.0021794494717703367
1622,WT,0.0,56,Weighted,SIEM,0.05,0.0021794494717703367
1623,MWW,0.111,56,Weighted,SIEM,0.06,0.0023748684174075834
1624,PT,0.111,56,Weighted,SIEM,0.05,0.0021794494717703367
1625,WT,0.111,56,Weighted,SIEM,0.05,0.0021794494717703367
1626,MWW,0.222,56,Weighted,SIEM,0.18,0.0038418745424597094
1627,PT,0.222,56,Weighted,SIEM,0.11,0.0031288975694324034
1628,WT,0.222,56,Weighted,SIEM,0.21,0.004073082370883261
1629,MWW,0.333,56,Weighted,SIEM,0.27,0.0044395945760846225
1630,PT,0.333,56,Weighted,SIEM,0.2,0.004
1631,WT,0.333,56,Weighted,SIEM,0.28,0.004489988864128729
1632,MWW,0.444,56,Weighted,SIEM,0.56,0.004963869458396343
1633,PT,0.444,56,Weighted,SIEM,0.32,0.004664761515876239
1634,WT,0.444,56,Weighted,SIEM,0.55,0.004974937185533099
1635,MWW,0.556,56,Weighted,SIEM,0.73,0.0044395945760846225
1636,PT,0.556,56,Weighted,SIEM,0.62,0.004853864439804639
1637,WT,0.556,56,Weighted,SIEM,0.73,0.0044395945760846225
1638,MWW,0.667,56,Weighted,SIEM,0.87,0.0033630343441600472
1639,PT,0.667,56,Weighted,SIEM,0.73,0.0044395945760846225
1640,WT,0.667,56,Weighted,SIEM,0.84,0.0036660605559646724
1641,MWW,0.778,56,Weighted,SIEM,0.91,0.002861817604250837
1642,PT,0.778,56,Weighted,SIEM,0.79,0.004073082370883261
1643,WT,0.778,56,Weighted,SIEM,0.92,0.002712931993250107
1644,MWW,0.889,56,Weighted,SIEM,0.96,0.0019595917942265423
1645,PT,0.889,56,Weighted,SIEM,0.91,0.002861817604250837
1646,WT,0.889,56,Weighted,SIEM,0.97,0.0017058722109231984
1647,MWW,1.0,56,Weighted,SIEM,1.0,0.0
1648,PT,1.0,56,Weighted,SIEM,0.94,0.0023748684174075834
1649,WT,1.0,56,Weighted,SIEM,1.0,0.0
1650,MWW,0.0,64,Weighted,SIEM,0.06,0.0023748684174075834
1651,PT,0.0,64,Weighted,SIEM,0.05,0.0021794494717703367
1652,WT,0.0,64,Weighted,SIEM,0.06,0.0023748684174075834
1653,MWW,0.111,64,Weighted,SIEM,0.07,0.0025514701644346145
1654,PT,0.111,64,Weighted,SIEM,0.08,0.002712931993250107
1655,WT,0.111,64,Weighted,SIEM,0.07,0.0025514701644346145
1656,MWW,0.222,64,Weighted,SIEM,0.14,0.0034698703145794947
1657,PT,0.222,64,Weighted,SIEM,0.16,0.0036660605559646715
1658,WT,0.222,64,Weighted,SIEM,0.16,0.0036660605559646724
1659,MWW,0.333,64,Weighted,SIEM,0.34,0.004737087712930805
1660,PT,0.333,64,Weighted,SIEM,0.23,0.004208325082500163
1661,WT,0.333,64,Weighted,SIEM,0.3,0.00458257569495584
1662,MWW,0.444,64,Weighted,SIEM,0.54,0.004983974317750844
1663,PT,0.444,64,Weighted,SIEM,0.42,0.004935585071701228
1664,WT,0.444,64,Weighted,SIEM,0.51,0.004998999899979995
1665,MWW,0.556,64,Weighted,SIEM,0.75,0.004330127018922193
1666,PT,0.556,64,Weighted,SIEM,0.54,0.004983974317750844
1667,WT,0.556,64,Weighted,SIEM,0.79,0.00407308237088326
1668,MWW,0.667,64,Weighted,SIEM,0.88,0.0032496153618543845
1669,PT,0.667,64,Weighted,SIEM,0.75,0.004330127018922193
1670,WT,0.667,64,Weighted,SIEM,0.88,0.0032496153618543845
1671,MWW,0.778,64,Weighted,SIEM,0.97,0.0017058722109231984
1672,PT,0.778,64,Weighted,SIEM,0.87,0.0033630343441600472
1673,WT,0.778,64,Weighted,SIEM,0.96,0.0019595917942265427
1674,MWW,0.889,64,Weighted,SIEM,0.98,0.0013999999999999998
1675,PT,0.889,64,Weighted,SIEM,0.9,0.003
1676,WT,0.889,64,Weighted,SIEM,1.0,0.0
1677,MWW,1.0,64,Weighted,SIEM,1.0,0.0
1678,PT,1.0,64,Weighted,SIEM,0.96,0.0019595917942265423
1679,WT,1.0,64,Weighted,SIEM,1.0,0.0
1680,MWW,0.0,73,Weighted,SIEM,0.05,0.0021794494717703367
1681,PT,0.0,73,Weighted,SIEM,0.02,0.0013999999999999998
1682,WT,0.0,73,Weighted,SIEM,0.06,0.0023748684174075834
1683,MWW,0.111,73,Weighted,SIEM,0.07,0.0025514701644346145
1684,PT,0.111,73,Weighted,SIEM,0.08,0.002712931993250107
1685,WT,0.111,73,Weighted,SIEM,0.07,0.0025514701644346145
1686,MWW,0.222,73,Weighted,SIEM,0.15,0.003570714214271425
1687,PT,0.222,73,Weighted,SIEM,0.16,0.0036660605559646715
1688,WT,0.222,73,Weighted,SIEM,0.13,0.0033630343441600472
1689,MWW,0.333,73,Weighted,SIEM,0.43,0.004950757517794625
1690,PT,0.333,73,Weighted,SIEM,0.31,0.00462493243193887
1691,WT,0.333,73,Weighted,SIEM,0.42,0.004935585071701228
1692,MWW,0.444,73,Weighted,SIEM,0.61,0.0048774993593028795
1693,PT,0.444,73,Weighted,SIEM,0.45,0.004974937185533101
1694,WT,0.444,73,Weighted,SIEM,0.64,0.0048
1695,MWW,0.556,73,Weighted,SIEM,0.77,0.004208325082500163
1696,PT,0.556,73,Weighted,SIEM,0.64,0.0048000000000000004
1697,WT,0.556,73,Weighted,SIEM,0.77,0.004208325082500163
1698,MWW,0.667,73,Weighted,SIEM,0.92,0.002712931993250107
1699,PT,0.667,73,Weighted,SIEM,0.78,0.004142463035441596
1700,WT,0.667,73,Weighted,SIEM,0.93,0.0025514701644346145
1701,MWW,0.778,73,Weighted,SIEM,0.97,0.0017058722109231984
1702,PT,0.778,73,Weighted,SIEM,0.93,0.002551470164434615
1703,WT,0.778,73,Weighted,SIEM,0.98,0.0013999999999999998
1704,MWW,0.889,73,Weighted,SIEM,0.99,0.00099498743710662
1705,PT,0.889,73,Weighted,SIEM,0.96,0.0019595917942265423
1706,WT,0.889,73,Weighted,SIEM,0.99,0.00099498743710662
1707,MWW,1.0,73,Weighted,SIEM,1.0,0.0
1708,PT,1.0,73,Weighted,SIEM,0.98,0.0013999999999999998
1709,WT,1.0,73,Weighted,SIEM,1.0,0.0
1710,MWW,0.0,82,Weighted,SIEM,0.05,0.0021794494717703367
1711,PT,0.0,82,Weighted,SIEM,0.04,0.0019595917942265427
1712,WT,0.0,82,Weighted,SIEM,0.04,0.0019595917942265427
1713,MWW,0.111,82,Weighted,SIEM,0.06,0.0023748684174075834
1714,PT,0.111,82,Weighted,SIEM,0.11,0.0031288975694324034
1715,WT,0.111,82,Weighted,SIEM,0.1,0.003
1716,MWW,0.222,82,Weighted,SIEM,0.21,0.004073082370883261
1717,PT,0.222,82,Weighted,SIEM,0.17,0.00375632799419859
1718,WT,0.222,82,Weighted,SIEM,0.21,0.004073082370883261
1719,MWW,0.333,82,Weighted,SIEM,0.38,0.004853864439804639
1720,PT,0.333,82,Weighted,SIEM,0.22,0.004142463035441597
1721,WT,0.333,82,Weighted,SIEM,0.39,0.0048774993593028795
1722,MWW,0.444,82,Weighted,SIEM,0.71,0.004537620521815371
1723,PT,0.444,82,Weighted,SIEM,0.47,0.004990991885387112
1724,WT,0.444,82,Weighted,SIEM,0.71,0.004537620521815371
1725,MWW,0.556,82,Weighted,SIEM,0.8,0.004
1726,PT,0.556,82,Weighted,SIEM,0.7,0.00458257569495584
1727,WT,0.556,82,Weighted,SIEM,0.82,0.0038418745424597094
1728,MWW,0.667,82,Weighted,SIEM,0.95,0.002179449471770337
1729,PT,0.667,82,Weighted,SIEM,0.84,0.0036660605559646724
1730,WT,0.667,82,Weighted,SIEM,0.93,0.002551470164434615
1731,MWW,0.778,82,Weighted,SIEM,0.97,0.001705872210923198
1732,PT,0.778,82,Weighted,SIEM,0.92,0.002712931993250107
1733,WT,0.778,82,Weighted,SIEM,0.98,0.0013999999999999998
1734,MWW,0.889,82,Weighted,SIEM,1.0,0.0
1735,PT,0.889,82,Weighted,SIEM,0.98,0.0013999999999999998
1736,WT,0.889,82,Weighted,SIEM,1.0,0.0
1737,MWW,1.0,82,Weighted,SIEM,1.0,0.0
1738,PT,1.0,82,Weighted,SIEM,0.98,0.0013999999999999998
1739,WT,1.0,82,Weighted,SIEM,1.0,0.0
1740,MWW,0.0,91,Weighted,SIEM,0.04,0.0019595917942265427
1741,PT,0.0,91,Weighted,SIEM,0.06,0.0023748684174075834
1742,WT,0.0,91,Weighted,SIEM,0.04,0.0019595917942265423
1743,MWW,0.111,91,Weighted,SIEM,0.06,0.0023748684174075834
1744,PT,0.111,91,Weighted,SIEM,0.09,0.0028618176042508377
1745,WT,0.111,91,Weighted,SIEM,0.07,0.0025514701644346145
1746,MWW,0.222,91,Weighted,SIEM,0.21,0.004073082370883261
1747,PT,0.222,91,Weighted,SIEM,0.16,0.003666060555964672
1748,WT,0.222,91,Weighted,SIEM,0.23,0.0042083250825001636
1749,MWW,0.333,91,Weighted,SIEM,0.52,0.004995998398718718
1750,PT,0.333,91,Weighted,SIEM,0.37,0.004828043081829324
1751,WT,0.333,91,Weighted,SIEM,0.51,0.004998999899979995
1752,MWW,0.444,91,Weighted,SIEM,0.7,0.00458257569495584
1753,PT,0.444,91,Weighted,SIEM,0.52,0.0049959983987187175
1754,WT,0.444,91,Weighted,SIEM,0.69,0.004624932431938871
1755,MWW,0.556,91,Weighted,SIEM,0.87,0.0033630343441600472
1756,PT,0.556,91,Weighted,SIEM,0.76,0.004270831300812525
1757,WT,0.556,91,Weighted,SIEM,0.91,0.002861817604250837
1758,MWW,0.667,91,Weighted,SIEM,1.0,0.0
1759,PT,0.667,91,Weighted,SIEM,0.92,0.002712931993250107
1760,WT,0.667,91,Weighted,SIEM,0.99,0.00099498743710662
1761,MWW,0.778,91,Weighted,SIEM,0.98,0.0013999999999999998
1762,PT,0.778,91,Weighted,SIEM,0.93,0.002551470164434615
1763,WT,0.778,91,Weighted,SIEM,0.99,0.00099498743710662
1764,MWW,0.889,91,Weighted,SIEM,1.0,0.0
1765,PT,0.889,91,Weighted,SIEM,0.97,0.001705872210923198
1766,WT,0.889,91,Weighted,SIEM,1.0,0.0
1767,MWW,1.0,91,Weighted,SIEM,1.0,0.0
1768,PT,1.0,91,Weighted,SIEM,0.99,0.00099498743710662
1769,WT,1.0,91,Weighted,SIEM,1.0,0.0
1770,MWW,0.0,100,Weighted,SIEM,0.05,0.0021794494717703367
1771,PT,0.0,100,Weighted,SIEM,0.05,0.0021794494717703367
1772,WT,0.0,100,Weighted,SIEM,0.05,0.0021794494717703367
1773,MWW,0.111,100,Weighted,SIEM,0.11,0.0031288975694324034
1774,PT,0.111,100,Weighted,SIEM,0.09,0.0028618176042508377
1775,WT,0.111,100,Weighted,SIEM,0.11,0.0031288975694324034
1776,MWW,0.222,100,Weighted,SIEM,0.21,0.004073082370883261
1777,PT,0.222,100,Weighted,SIEM,0.18,0.0038418745424597094
1778,WT,0.222,100,Weighted,SIEM,0.26,0.004386342439892262
1779,MWW,0.333,100,Weighted,SIEM,0.56,0.004963869458396343
1780,PT,0.333,100,Weighted,SIEM,0.38,0.004853864439804639
1781,WT,0.333,100,Weighted,SIEM,0.53,0.004990991885387112
1782,MWW,0.444,100,Weighted,SIEM,0.72,0.004489988864128729
1783,PT,0.444,100,Weighted,SIEM,0.49,0.004998999899979995
1784,WT,0.444,100,Weighted,SIEM,0.73,0.004439594576084623
1785,MWW,0.556,100,Weighted,SIEM,0.89,0.003128897569432403
1786,PT,0.556,100,Weighted,SIEM,0.72,0.004489988864128729
1787,WT,0.556,100,Weighted,SIEM,0.91,0.0028618176042508364
1788,MWW,0.667,100,Weighted,SIEM,0.98,0.0013999999999999998
1789,PT,0.667,100,Weighted,SIEM,0.86,0.0034698703145794947
1790,WT,0.667,100,Weighted,SIEM,0.98,0.0013999999999999998
1791,MWW,0.778,100,Weighted,SIEM,0.99,0.00099498743710662
1792,PT,0.778,100,Weighted,SIEM,0.95,0.0021794494717703376
1793,WT,0.778,100,Weighted,SIEM,1.0,0.0
1794,MWW,0.889,100,Weighted,SIEM,1.0,0.0
1795,PT,0.889,100,Weighted,SIEM,1.0,0.0
1796,WT,0.889,100,Weighted,SIEM,1.0,0.0
1797,MWW,1.0,100,Weighted,SIEM,1.0,0.0
1798,PT,1.0,100,Weighted,SIEM,1.0,0.0
1799,WT,1.0,100,Weighted,SIEM,1.0,0.0
1800,MWW,0.0,20,Weighted,SSBM,0.04,0.0019595917942265427
1801,PT,0.0,20,Weighted,SSBM,0.02,0.0013999999999999998
1802,WT,0.0,20,Weighted,SSBM,0.04,0.0019595917942265427
1803,MWW,0.111,20,Weighted,SSBM,0.05,0.0021794494717703367
1804,PT,0.111,20,Weighted,SSBM,0.03,0.0017058722109231984
1805,WT,0.111,20,Weighted,SSBM,0.05,0.0021794494717703367
1806,MWW,0.222,20,Weighted,SSBM,0.04,0.0019595917942265427
1807,PT,0.222,20,Weighted,SSBM,0.02,0.0013999999999999996
1808,WT,0.222,20,Weighted,SSBM,0.06,0.0023748684174075834
1809,MWW,0.333,20,Weighted,SSBM,0.07,0.0025514701644346145
1810,PT,0.333,20,Weighted,SSBM,0.04,0.0019595917942265427
1811,WT,0.333,20,Weighted,SSBM,0.09,0.0028618176042508377
1812,MWW,0.444,20,Weighted,SSBM,0.09,0.002861817604250837
1813,PT,0.444,20,Weighted,SSBM,0.11,0.0031288975694324034
1814,WT,0.444,20,Weighted,SSBM,0.09,0.0028618176042508377
1815,MWW,0.556,20,Weighted,SSBM,0.15,0.003570714214271425
1816,PT,0.556,20,Weighted,SSBM,0.15,0.003570714214271425
1817,WT,0.556,20,Weighted,SSBM,0.19,0.003923009049186607
1818,MWW,0.667,20,Weighted,SSBM,0.18,0.0038418745424597094
1819,PT,0.667,20,Weighted,SSBM,0.11,0.0031288975694324034
1820,WT,0.667,20,Weighted,SSBM,0.18,0.0038418745424597094
1821,MWW,0.778,20,Weighted,SSBM,0.31,0.00462493243193887
1822,PT,0.778,20,Weighted,SSBM,0.29,0.004537620521815371
1823,WT,0.778,20,Weighted,SSBM,0.33,0.004702127178203498
1824,MWW,0.889,20,Weighted,SSBM,0.63,0.004828043081829324
1825,PT,0.889,20,Weighted,SSBM,0.5,0.005
1826,WT,0.889,20,Weighted,SSBM,0.63,0.004828043081829324
1827,MWW,1.0,20,Weighted,SSBM,0.85,0.003570714214271425
1828,PT,1.0,20,Weighted,SSBM,0.68,0.00466476151587624
1829,WT,1.0,20,Weighted,SSBM,0.77,0.0042083250825001636
1830,MWW,0.0,29,Weighted,SSBM,0.09,0.0028618176042508377
1831,PT,0.0,29,Weighted,SSBM,0.06,0.0023748684174075834
1832,WT,0.0,29,Weighted,SSBM,0.08,0.002712931993250107
1833,MWW,0.111,29,Weighted,SSBM,0.03,0.0017058722109231984
1834,PT,0.111,29,Weighted,SSBM,0.05,0.0021794494717703367
1835,WT,0.111,29,Weighted,SSBM,0.03,0.0017058722109231984
1836,MWW,0.222,29,Weighted,SSBM,0.04,0.0019595917942265427
1837,PT,0.222,29,Weighted,SSBM,0.05,0.0021794494717703367
1838,WT,0.222,29,Weighted,SSBM,0.06,0.0023748684174075834
1839,MWW,0.333,29,Weighted,SSBM,0.05,0.0021794494717703367
1840,PT,0.333,29,Weighted,SSBM,0.04,0.0019595917942265427
1841,WT,0.333,29,Weighted,SSBM,0.05,0.0021794494717703367
1842,MWW,0.444,29,Weighted,SSBM,0.14,0.0034698703145794947
1843,PT,0.444,29,Weighted,SSBM,0.11,0.003128897569432403
1844,WT,0.444,29,Weighted,SSBM,0.13,0.0033630343441600472
1845,MWW,0.556,29,Weighted,SSBM,0.22,0.004142463035441597
1846,PT,0.556,29,Weighted,SSBM,0.17,0.00375632799419859
1847,WT,0.556,29,Weighted,SSBM,0.25,0.004330127018922193
1848,MWW,0.667,29,Weighted,SSBM,0.52,0.004995998398718718
1849,PT,0.667,29,Weighted,SSBM,0.37,0.004828043081829324
1850,WT,0.667,29,Weighted,SSBM,0.52,0.0049959983987187175
1851,MWW,0.778,29,Weighted,SSBM,0.61,0.0048774993593028795
1852,PT,0.778,29,Weighted,SSBM,0.53,0.004990991885387112
1853,WT,0.778,29,Weighted,SSBM,0.6,0.004898979485566357
1854,MWW,0.889,29,Weighted,SSBM,0.88,0.0032496153618543845
1855,PT,0.889,29,Weighted,SSBM,0.76,0.004270831300812525
1856,WT,0.889,29,Weighted,SSBM,0.87,0.0033630343441600472
1857,MWW,1.0,29,Weighted,SSBM,0.99,0.00099498743710662
1858,PT,1.0,29,Weighted,SSBM,0.97,0.0017058722109231984
1859,WT,1.0,29,Weighted,SSBM,0.97,0.0017058722109231984
1860,MWW,0.0,38,Weighted,SSBM,0.02,0.0013999999999999998
1861,PT,0.0,38,Weighted,SSBM,0.05,0.0021794494717703367
1862,WT,0.0,38,Weighted,SSBM,0.02,0.0013999999999999998
1863,MWW,0.111,38,Weighted,SSBM,0.03,0.0017058722109231984
1864,PT,0.111,38,Weighted,SSBM,0.05,0.0021794494717703367
1865,WT,0.111,38,Weighted,SSBM,0.03,0.0017058722109231984
1866,MWW,0.222,38,Weighted,SSBM,0.07,0.002551470164434615
1867,PT,0.222,38,Weighted,SSBM,0.09,0.002861817604250837
1868,WT,0.222,38,Weighted,SSBM,0.05,0.0021794494717703367
1869,MWW,0.333,38,Weighted,SSBM,0.06,0.0023748684174075834
1870,PT,0.333,38,Weighted,SSBM,0.1,0.0030000000000000005
1871,WT,0.333,38,Weighted,SSBM,0.06,0.0023748684174075834
1872,MWW,0.444,38,Weighted,SSBM,0.16,0.0036660605559646724
1873,PT,0.444,38,Weighted,SSBM,0.14,0.003469870314579494
1874,WT,0.444,38,Weighted,SSBM,0.16,0.003666060555964672
1875,MWW,0.556,38,Weighted,SSBM,0.4,0.004898979485566356
1876,PT,0.556,38,Weighted,SSBM,0.3,0.00458257569495584
1877,WT,0.556,38,Weighted,SSBM,0.36,0.0048
1878,MWW,0.667,38,Weighted,SSBM,0.72,0.004489988864128729
1879,PT,0.667,38,Weighted,SSBM,0.51,0.004998999899979995
1880,WT,0.667,38,Weighted,SSBM,0.69,0.004624932431938871
1881,MWW,0.778,38,Weighted,SSBM,0.89,0.003128897569432403
1882,PT,0.778,38,Weighted,SSBM,0.76,0.004270831300812524
1883,WT,0.778,38,Weighted,SSBM,0.84,0.0036660605559646724
1884,MWW,0.889,38,Weighted,SSBM,0.99,0.00099498743710662
1885,PT,0.889,38,Weighted,SSBM,0.96,0.0019595917942265427
1886,WT,0.889,38,Weighted,SSBM,0.97,0.001705872210923198
1887,MWW,1.0,38,Weighted,SSBM,1.0,0.0
1888,PT,1.0,38,Weighted,SSBM,1.0,0.0
1889,WT,1.0,38,Weighted,SSBM,1.0,0.0
1890,MWW,0.0,47,Weighted,SSBM,0.04,0.0019595917942265427
1891,PT,0.0,47,Weighted,SSBM,0.05,0.0021794494717703367
1892,WT,0.0,47,Weighted,SSBM,0.04,0.0019595917942265427
1893,MWW,0.111,47,Weighted,SSBM,0.03,0.0017058722109231984
1894,PT,0.111,47,Weighted,SSBM,0.06,0.0023748684174075834
1895,WT,0.111,47,Weighted,SSBM,0.03,0.0017058722109231984
1896,MWW,0.222,47,Weighted,SSBM,0.03,0.0017058722109231984
1897,PT,0.222,47,Weighted,SSBM,0.01,0.00099498743710662
1898,WT,0.222,47,Weighted,SSBM,0.04,0.0019595917942265423
1899,MWW,0.333,47,Weighted,SSBM,0.1,0.003
1900,PT,0.333,47,Weighted,SSBM,0.09,0.002861817604250837
1901,WT,0.333,47,Weighted,SSBM,0.09,0.002861817604250837
1902,MWW,0.444,47,Weighted,SSBM,0.2,0.004
1903,PT,0.444,47,Weighted,SSBM,0.14,0.0034698703145794947
1904,WT,0.444,47,Weighted,SSBM,0.19,0.003923009049186607
1905,MWW,0.556,47,Weighted,SSBM,0.64,0.0048000000000000004
1906,PT,0.556,47,Weighted,SSBM,0.42,0.004935585071701228
1907,WT,0.556,47,Weighted,SSBM,0.61,0.0048774993593028795
1908,MWW,0.667,47,Weighted,SSBM,0.87,0.0033630343441600472
1909,PT,0.667,47,Weighted,SSBM,0.73,0.0044395945760846225
1910,WT,0.667,47,Weighted,SSBM,0.83,0.00375632799419859
1911,MWW,0.778,47,Weighted,SSBM,0.99,0.00099498743710662
1912,PT,0.778,47,Weighted,SSBM,0.89,0.0031288975694324034
1913,WT,0.778,47,Weighted,SSBM,0.98,0.0013999999999999998
1914,MWW,0.889,47,Weighted,SSBM,1.0,0.0
1915,PT,0.889,47,Weighted,SSBM,0.99,0.00099498743710662
1916,WT,0.889,47,Weighted,SSBM,1.0,0.0
1917,MWW,1.0,47,Weighted,SSBM,1.0,0.0
1918,PT,1.0,47,Weighted,SSBM,1.0,0.0
1919,WT,1.0,47,Weighted,SSBM,1.0,0.0
1920,MWW,0.0,56,Weighted,SSBM,0.03,0.001705872210923198
1921,PT,0.0,56,Weighted,SSBM,0.05,0.0021794494717703367
1922,WT,0.0,56,Weighted,SSBM,0.05,0.0021794494717703367
1923,MWW,0.111,56,Weighted,SSBM,0.05,0.0021794494717703367
1924,PT,0.111,56,Weighted,SSBM,0.03,0.0017058722109231984
1925,WT,0.111,56,Weighted,SSBM,0.06,0.0023748684174075834
1926,MWW,0.222,56,Weighted,SSBM,0.06,0.0023748684174075834
1927,PT,0.222,56,Weighted,SSBM,0.06,0.002374868417407584
1928,WT,0.222,56,Weighted,SSBM,0.05,0.0021794494717703367
1929,MWW,0.333,56,Weighted,SSBM,0.1,0.003
1930,PT,0.333,56,Weighted,SSBM,0.08,0.002712931993250107
1931,WT,0.333,56,Weighted,SSBM,0.1,0.003
1932,MWW,0.444,56,Weighted,SSBM,0.37,0.004828043081829324
1933,PT,0.444,56,Weighted,SSBM,0.24,0.004270831300812525
1934,WT,0.444,56,Weighted,SSBM,0.35,0.004769696007084727
1935,MWW,0.556,56,Weighted,SSBM,0.65,0.004769696007084728
1936,PT,0.556,56,Weighted,SSBM,0.55,0.0049749371855331
1937,WT,0.556,56,Weighted,SSBM,0.6,0.004898979485566356
1938,MWW,0.667,56,Weighted,SSBM,0.94,0.0023748684174075834
1939,PT,0.667,56,Weighted,SSBM,0.79,0.004073082370883261
1940,WT,0.667,56,Weighted,SSBM,0.94,0.0023748684174075834
1941,MWW,0.778,56,Weighted,SSBM,1.0,0.0
1942,PT,0.778,56,Weighted,SSBM,0.97,0.0017058722109231984
1943,WT,0.778,56,Weighted,SSBM,0.99,0.00099498743710662
1944,MWW,0.889,56,Weighted,SSBM,1.0,0.0
1945,PT,0.889,56,Weighted,SSBM,1.0,0.0
1946,WT,0.889,56,Weighted,SSBM,1.0,0.0
1947,MWW,1.0,56,Weighted,SSBM,1.0,0.0
1948,PT,1.0,56,Weighted,SSBM,1.0,0.0
1949,WT,1.0,56,Weighted,SSBM,1.0,0.0
1950,MWW,0.0,64,Weighted,SSBM,0.02,0.0013999999999999998
1951,PT,0.0,64,Weighted,SSBM,0.01,0.00099498743710662
1952,WT,0.0,64,Weighted,SSBM,0.03,0.0017058722109231984
1953,MWW,0.111,64,Weighted,SSBM,0.04,0.0019595917942265427
1954,PT,0.111,64,Weighted,SSBM,0.06,0.0023748684174075834
1955,WT,0.111,64,Weighted,SSBM,0.05,0.0021794494717703367
1956,MWW,0.222,64,Weighted,SSBM,0.09,0.002861817604250837
1957,PT,0.222,64,Weighted,SSBM,0.08,0.002712931993250107
1958,WT,0.222,64,Weighted,SSBM,0.1,0.003
1959,MWW,0.333,64,Weighted,SSBM,0.18,0.0038418745424597094
1960,PT,0.333,64,Weighted,SSBM,0.12,0.0032496153618543837
1961,WT,0.333,64,Weighted,SSBM,0.16,0.0036660605559646715
1962,MWW,0.444,64,Weighted,SSBM,0.53,0.004990991885387112
1963,PT,0.444,64,Weighted,SSBM,0.34,0.004737087712930804
1964,WT,0.444,64,Weighted,SSBM,0.51,0.004998999899979995
1965,MWW,0.556,64,Weighted,SSBM,0.82,0.0038418745424597094
1966,PT,0.556,64,Weighted,SSBM,0.7,0.00458257569495584
1967,WT,0.556,64,Weighted,SSBM,0.79,0.004073082370883261
1968,MWW,0.667,64,Weighted,SSBM,0.99,0.00099498743710662
1969,PT,0.667,64,Weighted,SSBM,0.93,0.0025514701644346145
1970,WT,0.667,64,Weighted,SSBM,0.98,0.0013999999999999998
1971,MWW,0.778,64,Weighted,SSBM,1.0,0.0
1972,PT,0.778,64,Weighted,SSBM,1.0,0.0
1973,WT,0.778,64,Weighted,SSBM,1.0,0.0
1974,MWW,0.889,64,Weighted,SSBM,1.0,0.0
1975,PT,0.889,64,Weighted,SSBM,1.0,0.0
1976,WT,0.889,64,Weighted,SSBM,1.0,0.0
1977,MWW,1.0,64,Weighted,SSBM,1.0,0.0
1978,PT,1.0,64,Weighted,SSBM,1.0,0.0
1979,WT,1.0,64,Weighted,SSBM,1.0,0.0
1980,MWW,0.0,73,Weighted,SSBM,0.04,0.0019595917942265423
1981,PT,0.0,73,Weighted,SSBM,0.02,0.0013999999999999998
1982,WT,0.0,73,Weighted,SSBM,0.05,0.0021794494717703367
1983,MWW,0.111,73,Weighted,SSBM,0.06,0.0023748684174075834
1984,PT,0.111,73,Weighted,SSBM,0.04,0.0019595917942265423
1985,WT,0.111,73,Weighted,SSBM,0.06,0.0023748684174075834
1986,MWW,0.222,73,Weighted,SSBM,0.06,0.0023748684174075834
1987,PT,0.222,73,Weighted,SSBM,0.05,0.0021794494717703367
1988,WT,0.222,73,Weighted,SSBM,0.06,0.0023748684174075834
1989,MWW,0.333,73,Weighted,SSBM,0.27,0.0044395945760846225
1990,PT,0.333,73,Weighted,SSBM,0.18,0.0038418745424597094
1991,WT,0.333,73,Weighted,SSBM,0.27,0.0044395945760846225
1992,MWW,0.444,73,Weighted,SSBM,0.57,0.004950757517794625
1993,PT,0.444,73,Weighted,SSBM,0.44,0.004963869458396343
1994,WT,0.444,73,Weighted,SSBM,0.53,0.004990991885387112
1995,MWW,0.556,73,Weighted,SSBM,0.92,0.002712931993250107
1996,PT,0.556,73,Weighted,SSBM,0.79,0.00407308237088326
1997,WT,0.556,73,Weighted,SSBM,0.91,0.0028618176042508377
1998,MWW,0.667,73,Weighted,SSBM,1.0,0.0
1999,PT,0.667,73,Weighted,SSBM,0.98,0.0013999999999999998
2000,WT,0.667,73,Weighted,SSBM,0.99,0.00099498743710662
2001,MWW,0.778,73,Weighted,SSBM,1.0,0.0
2002,PT,0.778,73,Weighted,SSBM,1.0,0.0
2003,WT,0.778,73,Weighted,SSBM,1.0,0.0
2004,MWW,0.889,73,Weighted,SSBM,1.0,0.0
2005,PT,0.889,73,Weighted,SSBM,1.0,0.0
2006,WT,0.889,73,Weighted,SSBM,1.0,0.0
2007,MWW,1.0,73,Weighted,SSBM,1.0,0.0
2008,PT,1.0,73,Weighted,SSBM,1.0,0.0
2009,WT,1.0,73,Weighted,SSBM,1.0,0.0
2010,MWW,0.0,82,Weighted,SSBM,0.05,0.0021794494717703367
2011,PT,0.0,82,Weighted,SSBM,0.06,0.0023748684174075834
2012,WT,0.0,82,Weighted,SSBM,0.04,0.0019595917942265423
2013,MWW,0.111,82,Weighted,SSBM,0.02,0.0013999999999999998
2014,PT,0.111,82,Weighted,SSBM,0.04,0.0019595917942265427
2015,WT,0.111,82,Weighted,SSBM,0.04,0.0019595917942265427
2016,MWW,0.222,82,Weighted,SSBM,0.07,0.0025514701644346145
2017,PT,0.222,82,Weighted,SSBM,0.07,0.0025514701644346145
2018,WT,0.222,82,Weighted,SSBM,0.06,0.0023748684174075834
2019,MWW,0.333,82,Weighted,SSBM,0.25,0.004330127018922193
2020,PT,0.333,82,Weighted,SSBM,0.18,0.0038418745424597094
2021,WT,0.333,82,Weighted,SSBM,0.21,0.004073082370883261
2022,MWW,0.444,82,Weighted,SSBM,0.59,0.004918333050943175
2023,PT,0.444,82,Weighted,SSBM,0.44,0.0049638694583963435
2024,WT,0.444,82,Weighted,SSBM,0.59,0.004918333050943175
2025,MWW,0.556,82,Weighted,SSBM,0.91,0.002861817604250837
2026,PT,0.556,82,Weighted,SSBM,0.88,0.0032496153618543845
2027,WT,0.556,82,Weighted,SSBM,0.91,0.002861817604250837
2028,MWW,0.667,82,Weighted,SSBM,1.0,0.0
2029,PT,0.667,82,Weighted,SSBM,0.98,0.0013999999999999998
2030,WT,0.667,82,Weighted,SSBM,1.0,0.0
2031,MWW,0.778,82,Weighted,SSBM,1.0,0.0
2032,PT,0.778,82,Weighted,SSBM,1.0,0.0
2033,WT,0.778,82,Weighted,SSBM,1.0,0.0
2034,MWW,0.889,82,Weighted,SSBM,1.0,0.0
2035,PT,0.889,82,Weighted,SSBM,1.0,0.0
2036,WT,0.889,82,Weighted,SSBM,1.0,0.0
2037,MWW,1.0,82,Weighted,SSBM,1.0,0.0
2038,PT,1.0,82,Weighted,SSBM,1.0,0.0
2039,WT,1.0,82,Weighted,SSBM,1.0,0.0
2040,MWW,0.0,91,Weighted,SSBM,0.03,0.0017058722109231984
2041,PT,0.0,91,Weighted,SSBM,0.04,0.0019595917942265423
2042,WT,0.0,91,Weighted,SSBM,0.04,0.0019595917942265423
2043,MWW,0.111,91,Weighted,SSBM,0.08,0.002712931993250107
2044,PT,0.111,91,Weighted,SSBM,0.05,0.0021794494717703367
2045,WT,0.111,91,Weighted,SSBM,0.06,0.0023748684174075834
2046,MWW,0.222,91,Weighted,SSBM,0.13,0.0033630343441600472
2047,PT,0.222,91,Weighted,SSBM,0.11,0.0031288975694324034
2048,WT,0.222,91,Weighted,SSBM,0.13,0.0033630343441600472
2049,MWW,0.333,91,Weighted,SSBM,0.29,0.004537620521815371
2050,PT,0.333,91,Weighted,SSBM,0.26,0.004386342439892262
2051,WT,0.333,91,Weighted,SSBM,0.29,0.004537620521815371
2052,MWW,0.444,91,Weighted,SSBM,0.77,0.004208325082500163
2053,PT,0.444,91,Weighted,SSBM,0.53,0.004990991885387112
2054,WT,0.444,91,Weighted,SSBM,0.72,0.004489988864128729
2055,MWW,0.556,91,Weighted,SSBM,0.99,0.00099498743710662
2056,PT,0.556,91,Weighted,SSBM,0.92,0.002712931993250107
2057,WT,0.556,91,Weighted,SSBM,0.97,0.0017058722109231984
2058,MWW,0.667,91,Weighted,SSBM,1.0,0.0
2059,PT,0.667,91,Weighted,SSBM,1.0,0.0
2060,WT,0.667,91,Weighted,SSBM,1.0,0.0
2061,MWW,0.778,91,Weighted,SSBM,1.0,0.0
2062,PT,0.778,91,Weighted,SSBM,1.0,0.0
2063,WT,0.778,91,Weighted,SSBM,1.0,0.0
2064,MWW,0.889,91,Weighted,SSBM,1.0,0.0
2065,PT,0.889,91,Weighted,SSBM,1.0,0.0
2066,WT,0.889,91,Weighted,SSBM,1.0,0.0
2067,MWW,1.0,91,Weighted,SSBM,1.0,0.0
2068,PT,1.0,91,Weighted,SSBM,1.0,0.0
2069,WT,1.0,91,Weighted,SSBM,1.0,0.0
2070,MWW,0.0,100,Weighted,SSBM,0.09,0.0028618176042508377
2071,PT,0.0,100,Weighted,SSBM,0.04,0.0019595917942265427
2072,WT,0.0,100,Weighted,SSBM,0.06,0.0023748684174075834
2073,MWW,0.111,100,Weighted,SSBM,0.08,0.002712931993250107
2074,PT,0.111,100,Weighted,SSBM,0.08,0.002712931993250107
2075,WT,0.111,100,Weighted,SSBM,0.07,0.0025514701644346145
2076,MWW,0.222,100,Weighted,SSBM,0.08,0.002712931993250107
2077,PT,0.222,100,Weighted,SSBM,0.05,0.0021794494717703367
2078,WT,0.222,100,Weighted,SSBM,0.06,0.0023748684174075834
2079,MWW,0.333,100,Weighted,SSBM,0.19,0.003923009049186607
2080,PT,0.333,100,Weighted,SSBM,0.14,0.0034698703145794947
2081,WT,0.333,100,Weighted,SSBM,0.17,0.00375632799419859
2082,MWW,0.444,100,Weighted,SSBM,0.79,0.00407308237088326
2083,PT,0.444,100,Weighted,SSBM,0.59,0.004918333050943174
2084,WT,0.444,100,Weighted,SSBM,0.79,0.00407308237088326
2085,MWW,0.556,100,Weighted,SSBM,0.99,0.00099498743710662
2086,PT,0.556,100,Weighted,SSBM,0.97,0.0017058722109231984
2087,WT,0.556,100,Weighted,SSBM,0.98,0.0013999999999999998
2088,MWW,0.667,100,Weighted,SSBM,1.0,0.0
2089,PT,0.667,100,Weighted,SSBM,0.99,0.00099498743710662
2090,WT,0.667,100,Weighted,SSBM,1.0,0.0
2091,MWW,0.778,100,Weighted,SSBM,1.0,0.0
2092,PT,0.778,100,Weighted,SSBM,1.0,0.0
2093,WT,0.778,100,Weighted,SSBM,1.0,0.0
2094,MWW,0.889,100,Weighted,SSBM,1.0,0.0
2095,PT,0.889,100,Weighted,SSBM,1.0,0.0
2096,WT,0.889,100,Weighted,SSBM,1.0,0.0
2097,MWW,1.0,100,Weighted,SSBM,1.0,0.0
2098,PT,1.0,100,Weighted,SSBM,1.0,0.0
2099,WT,1.0,100,Weighted,SSBM,1.0,0.0
2700,MWW,0.0,20,Weighted,oSBM,0.03,0.001705872210923198
2701,PT,0.0,20,Weighted,oSBM,0.01,0.00099498743710662
2702,WT,0.0,20,Weighted,oSBM,0.03,0.0017058722109231984
2703,MWW,0.111,20,Weighted,oSBM,0.04,0.0019595917942265423
2704,PT,0.111,20,Weighted,oSBM,0.03,0.0017058722109231984
2705,WT,0.111,20,Weighted,oSBM,0.05,0.0021794494717703367
2706,MWW,0.222,20,Weighted,oSBM,0.09,0.002861817604250837
2707,PT,0.222,20,Weighted,oSBM,0.09,0.002861817604250837
2708,WT,0.222,20,Weighted,oSBM,0.06,0.0023748684174075834
2709,MWW,0.333,20,Weighted,oSBM,0.13,0.0033630343441600472
2710,PT,0.333,20,Weighted,oSBM,0.18,0.00384187454245971
2711,WT,0.333,20,Weighted,oSBM,0.04,0.0019595917942265423
2712,MWW,0.444,20,Weighted,oSBM,0.16,0.003666060555964672
2713,PT,0.444,20,Weighted,oSBM,0.24,0.004270831300812525
2714,WT,0.444,20,Weighted,oSBM,0.11,0.0031288975694324034
2715,MWW,0.556,20,Weighted,oSBM,0.29,0.004537620521815371
2716,PT,0.556,20,Weighted,oSBM,0.25,0.004330127018922193
2717,WT,0.556,20,Weighted,oSBM,0.12,0.0032496153618543845
2718,MWW,0.667,20,Weighted,oSBM,0.35,0.004769696007084728
2719,PT,0.667,20,Weighted,oSBM,0.45,0.0049749371855331
2720,WT,0.667,20,Weighted,oSBM,0.08,0.002712931993250107
2721,MWW,0.778,20,Weighted,oSBM,0.49,0.004998999899979995
2722,PT,0.778,20,Weighted,oSBM,0.46,0.004983974317750844
2723,WT,0.778,20,Weighted,oSBM,0.18,0.0038418745424597094
2724,MWW,0.889,20,Weighted,oSBM,0.54,0.004983974317750844
2725,PT,0.889,20,Weighted,oSBM,0.59,0.004918333050943175
2726,WT,0.889,20,Weighted,oSBM,0.2,0.004
2727,MWW,1.0,20,Weighted,oSBM,0.51,0.004998999899979995
2728,PT,1.0,20,Weighted,oSBM,0.61,0.0048774993593028795
2729,WT,1.0,20,Weighted,oSBM,0.15,0.003570714214271425
2730,MWW,0.0,29,Weighted,oSBM,0.03,0.0017058722109231984
2731,PT,0.0,29,Weighted,oSBM,0.04,0.0019595917942265427
2732,WT,0.0,29,Weighted,oSBM,0.06,0.0023748684174075834
2733,MWW,0.111,29,Weighted,oSBM,0.05,0.0021794494717703367
2734,PT,0.111,29,Weighted,oSBM,0.04,0.0019595917942265423
2735,WT,0.111,29,Weighted,oSBM,0.04,0.0019595917942265423
2736,MWW,0.222,29,Weighted,oSBM,0.16,0.0036660605559646724
2737,PT,0.222,29,Weighted,oSBM,0.17,0.00375632799419859
2738,WT,0.222,29,Weighted,oSBM,0.07,0.0025514701644346145
2739,MWW,0.333,29,Weighted,oSBM,0.27,0.0044395945760846225
2740,PT,0.333,29,Weighted,oSBM,0.23,0.004208325082500163
2741,WT,0.333,29,Weighted,oSBM,0.08,0.002712931993250107
2742,MWW,0.444,29,Weighted,oSBM,0.37,0.004828043081829324
2743,PT,0.444,29,Weighted,oSBM,0.34,0.004737087712930805
2744,WT,0.444,29,Weighted,oSBM,0.07,0.0025514701644346145
2745,MWW,0.556,29,Weighted,oSBM,0.45,0.004974937185533101
2746,PT,0.556,29,Weighted,oSBM,0.5,0.005
2747,WT,0.556,29,Weighted,oSBM,0.17,0.00375632799419859
2748,MWW,0.667,29,Weighted,oSBM,0.55,0.0049749371855331
2749,PT,0.667,29,Weighted,oSBM,0.55,0.0049749371855331
2750,WT,0.667,29,Weighted,oSBM,0.22,0.004142463035441597
2751,MWW,0.778,29,Weighted,oSBM,0.79,0.004073082370883261
2752,PT,0.778,29,Weighted,oSBM,0.79,0.004073082370883261
2753,WT,0.778,29,Weighted,oSBM,0.33,0.004702127178203498
2754,MWW,0.889,29,Weighted,oSBM,0.85,0.003570714214271425
2755,PT,0.889,29,Weighted,oSBM,0.85,0.003570714214271425
2756,WT,0.889,29,Weighted,oSBM,0.28,0.004489988864128729
2757,MWW,1.0,29,Weighted,oSBM,0.92,0.002712931993250107
2758,PT,1.0,29,Weighted,oSBM,0.94,0.0023748684174075834
2759,WT,1.0,29,Weighted,oSBM,0.36,0.0048
2760,MWW,0.0,38,Weighted,oSBM,0.05,0.0021794494717703367
2761,PT,0.0,38,Weighted,oSBM,0.05,0.0021794494717703367
2762,WT,0.0,38,Weighted,oSBM,0.03,0.0017058722109231984
2763,MWW,0.111,38,Weighted,oSBM,0.07,0.0025514701644346145
2764,PT,0.111,38,Weighted,oSBM,0.07,0.0025514701644346145
2765,WT,0.111,38,Weighted,oSBM,0.07,0.0025514701644346145
2766,MWW,0.222,38,Weighted,oSBM,0.16,0.0036660605559646715
2767,PT,0.222,38,Weighted,oSBM,0.16,0.0036660605559646724
2768,WT,0.222,38,Weighted,oSBM,0.08,0.002712931993250107
2769,MWW,0.333,38,Weighted,oSBM,0.32,0.004664761515876239
2770,PT,0.333,38,Weighted,oSBM,0.39,0.0048774993593028795
2771,WT,0.333,38,Weighted,oSBM,0.17,0.00375632799419859
2772,MWW,0.444,38,Weighted,oSBM,0.55,0.0049749371855331
2773,PT,0.444,38,Weighted,oSBM,0.54,0.004983974317750844
2774,WT,0.444,38,Weighted,oSBM,0.22,0.004142463035441597
2775,MWW,0.556,38,Weighted,oSBM,0.68,0.00466476151587624
2776,PT,0.556,38,Weighted,oSBM,0.72,0.004489988864128729
2777,WT,0.556,38,Weighted,oSBM,0.27,0.004439594576084623
2778,MWW,0.667,38,Weighted,oSBM,0.88,0.0032496153618543845
2779,PT,0.667,38,Weighted,oSBM,0.91,0.002861817604250837
2780,WT,0.667,38,Weighted,oSBM,0.35,0.004769696007084728
2781,MWW,0.778,38,Weighted,oSBM,0.94,0.0023748684174075834
2782,PT,0.778,38,Weighted,oSBM,0.93,0.002551470164434615
2783,WT,0.778,38,Weighted,oSBM,0.4,0.004898979485566357
2784,MWW,0.889,38,Weighted,oSBM,0.99,0.00099498743710662
2785,PT,0.889,38,Weighted,oSBM,1.0,0.0
2786,WT,0.889,38,Weighted,oSBM,0.5,0.005
2787,MWW,1.0,38,Weighted,oSBM,0.99,0.00099498743710662
2788,PT,1.0,38,Weighted,oSBM,1.0,0.0
2789,WT,1.0,38,Weighted,oSBM,0.58,0.004935585071701227
2790,MWW,0.0,47,Weighted,oSBM,0.01,0.00099498743710662
2791,PT,0.0,47,Weighted,oSBM,0.04,0.0019595917942265423
2792,WT,0.0,47,Weighted,oSBM,0.02,0.0013999999999999998
2793,MWW,0.111,47,Weighted,oSBM,0.1,0.003
2794,PT,0.111,47,Weighted,oSBM,0.05,0.0021794494717703367
2795,WT,0.111,47,Weighted,oSBM,0.06,0.0023748684174075834
2796,MWW,0.222,47,Weighted,oSBM,0.24,0.004270831300812524
2797,PT,0.222,47,Weighted,oSBM,0.25,0.004330127018922193
2798,WT,0.222,47,Weighted,oSBM,0.11,0.0031288975694324034
2799,MWW,0.333,47,Weighted,oSBM,0.41,0.004918333050943175
2800,PT,0.333,47,Weighted,oSBM,0.44,0.004963869458396343
2801,WT,0.333,47,Weighted,oSBM,0.09,0.0028618176042508377
2802,MWW,0.444,47,Weighted,oSBM,0.78,0.004142463035441597
2803,PT,0.444,47,Weighted,oSBM,0.75,0.004330127018922193
2804,WT,0.444,47,Weighted,oSBM,0.27,0.0044395945760846225
2805,MWW,0.556,47,Weighted,oSBM,0.81,0.003923009049186606
2806,PT,0.556,47,Weighted,oSBM,0.86,0.0034698703145794947
2807,WT,0.556,47,Weighted,oSBM,0.18,0.0038418745424597094
2808,MWW,0.667,47,Weighted,oSBM,0.95,0.0021794494717703376
2809,PT,0.667,47,Weighted,oSBM,0.97,0.0017058722109231984
2810,WT,0.667,47,Weighted,oSBM,0.44,0.004963869458396343
2811,MWW,0.778,47,Weighted,oSBM,1.0,0.0
2812,PT,0.778,47,Weighted,oSBM,1.0,0.0
2813,WT,0.778,47,Weighted,oSBM,0.6,0.004898979485566356
2814,MWW,0.889,47,Weighted,oSBM,1.0,0.0
2815,PT,0.889,47,Weighted,oSBM,1.0,0.0
2816,WT,0.889,47,Weighted,oSBM,0.71,0.004537620521815371
2817,MWW,1.0,47,Weighted,oSBM,1.0,0.0
2818,PT,1.0,47,Weighted,oSBM,1.0,0.0
2819,WT,1.0,47,Weighted,oSBM,0.79,0.00407308237088326
2820,MWW,0.0,56,Weighted,oSBM,0.07,0.0025514701644346145
2821,PT,0.0,56,Weighted,oSBM,0.05,0.0021794494717703367
2822,WT,0.0,56,Weighted,oSBM,0.07,0.0025514701644346145
2823,MWW,0.111,56,Weighted,oSBM,0.17,0.00375632799419859
2824,PT,0.111,56,Weighted,oSBM,0.19,0.003923009049186606
2825,WT,0.111,56,Weighted,oSBM,0.08,0.002712931993250107
2826,MWW,0.222,56,Weighted,oSBM,0.32,0.004664761515876239
2827,PT,0.222,56,Weighted,oSBM,0.35,0.004769696007084728
2828,WT,0.222,56,Weighted,oSBM,0.12,0.0032496153618543845
2829,MWW,0.333,56,Weighted,oSBM,0.59,0.004918333050943174
2830,PT,0.333,56,Weighted,oSBM,0.61,0.0048774993593028795
2831,WT,0.333,56,Weighted,oSBM,0.26,0.004386342439892262
2832,MWW,0.444,56,Weighted,oSBM,0.81,0.003923009049186606
2833,PT,0.444,56,Weighted,oSBM,0.86,0.0034698703145794947
2834,WT,0.444,56,Weighted,oSBM,0.34,0.004737087712930804
2835,MWW,0.556,56,Weighted,oSBM,0.93,0.002551470164434615
2836,PT,0.556,56,Weighted,oSBM,0.94,0.0023748684174075834
2837,WT,0.556,56,Weighted,oSBM,0.45,0.004974937185533101
2838,MWW,0.667,56,Weighted,oSBM,0.99,0.00099498743710662
2839,PT,0.667,56,Weighted,oSBM,1.0,0.0
2840,WT,0.667,56,Weighted,oSBM,0.63,0.004828043081829324
2841,MWW,0.778,56,Weighted,oSBM,1.0,0.0
2842,PT,0.778,56,Weighted,oSBM,1.0,0.0
2843,WT,0.778,56,Weighted,oSBM,0.68,0.00466476151587624
2844,MWW,0.889,56,Weighted,oSBM,1.0,0.0
2845,PT,0.889,56,Weighted,oSBM,1.0,0.0
2846,WT,0.889,56,Weighted,oSBM,0.84,0.0036660605559646724
2847,MWW,1.0,56,Weighted,oSBM,1.0,0.0
2848,PT,1.0,56,Weighted,oSBM,1.0,0.0
2849,WT,1.0,56,Weighted,oSBM,0.84,0.0036660605559646724
2850,MWW,0.0,64,Weighted,oSBM,0.07,0.0025514701644346145
2851,PT,0.0,64,Weighted,oSBM,0.05,0.0021794494717703367
2852,WT,0.0,64,Weighted,oSBM,0.05,0.0021794494717703367
2853,MWW,0.111,64,Weighted,oSBM,0.09,0.002861817604250837
2854,PT,0.111,64,Weighted,oSBM,0.11,0.0031288975694324034
2855,WT,0.111,64,Weighted,oSBM,0.06,0.0023748684174075834
2856,MWW,0.222,64,Weighted,oSBM,0.43,0.004950757517794625
2857,PT,0.222,64,Weighted,oSBM,0.41,0.004918333050943175
2858,WT,0.222,64,Weighted,oSBM,0.17,0.00375632799419859
2859,MWW,0.333,64,Weighted,oSBM,0.69,0.00462493243193887
2860,PT,0.333,64,Weighted,oSBM,0.67,0.004702127178203498
2861,WT,0.333,64,Weighted,oSBM,0.19,0.003923009049186606
2862,MWW,0.444,64,Weighted,oSBM,0.91,0.002861817604250837
2863,PT,0.444,64,Weighted,oSBM,0.91,0.002861817604250837
2864,WT,0.444,64,Weighted,oSBM,0.26,0.004386342439892262
2865,MWW,0.556,64,Weighted,oSBM,0.99,0.00099498743710662
2866,PT,0.556,64,Weighted,oSBM,0.99,0.00099498743710662
2867,WT,0.556,64,Weighted,oSBM,0.51,0.004998999899979995
2868,MWW,0.667,64,Weighted,oSBM,1.0,0.0
2869,PT,0.667,64,Weighted,oSBM,1.0,0.0
2870,WT,0.667,64,Weighted,oSBM,0.73,0.004439594576084623
2871,MWW,0.778,64,Weighted,oSBM,1.0,0.0
2872,PT,0.778,64,Weighted,oSBM,1.0,0.0
2873,WT,0.778,64,Weighted,oSBM,0.84,0.0036660605559646724
2874,MWW,0.889,64,Weighted,oSBM,1.0,0.0
2875,PT,0.889,64,Weighted,oSBM,1.0,0.0
2876,WT,0.889,64,Weighted,oSBM,0.95,0.0021794494717703376
2877,MWW,1.0,64,Weighted,oSBM,1.0,0.0
2878,PT,1.0,64,Weighted,oSBM,1.0,0.0
2879,WT,1.0,64,Weighted,oSBM,0.97,0.0017058722109231984
2880,MWW,0.0,73,Weighted,oSBM,0.11,0.0031288975694324034
2881,PT,0.0,73,Weighted,oSBM,0.05,0.0021794494717703367
2882,WT,0.0,73,Weighted,oSBM,0.06,0.0023748684174075834
2883,MWW,0.111,73,Weighted,oSBM,0.17,0.00375632799419859
2884,PT,0.111,73,Weighted,oSBM,0.2,0.004
2885,WT,0.111,73,Weighted,oSBM,0.12,0.0032496153618543837
2886,MWW,0.222,73,Weighted,oSBM,0.55,0.0049749371855331
2887,PT,0.222,73,Weighted,oSBM,0.57,0.004950757517794625
2888,WT,0.222,73,Weighted,oSBM,0.2,0.004
2889,MWW,0.333,73,Weighted,oSBM,0.78,0.004142463035441597
2890,PT,0.333,73,Weighted,oSBM,0.84,0.0036660605559646724
2891,WT,0.333,73,Weighted,oSBM,0.25,0.004330127018922193
2892,MWW,0.444,73,Weighted,oSBM,0.94,0.0023748684174075834
2893,PT,0.444,73,Weighted,oSBM,0.98,0.0013999999999999998
2894,WT,0.444,73,Weighted,oSBM,0.54,0.004983974317750844
2895,MWW,0.556,73,Weighted,oSBM,1.0,0.0
2896,PT,0.556,73,Weighted,oSBM,0.99,0.00099498743710662
2897,WT,0.556,73,Weighted,oSBM,0.68,0.00466476151587624
2898,MWW,0.667,73,Weighted,oSBM,1.0,0.0
2899,PT,0.667,73,Weighted,oSBM,1.0,0.0
2900,WT,0.667,73,Weighted,oSBM,0.83,0.00375632799419859
2901,MWW,0.778,73,Weighted,oSBM,1.0,0.0
2902,PT,0.778,73,Weighted,oSBM,1.0,0.0
2903,WT,0.778,73,Weighted,oSBM,0.9,0.003
2904,MWW,0.889,73,Weighted,oSBM,1.0,0.0
2905,PT,0.889,73,Weighted,oSBM,1.0,0.0
2906,WT,0.889,73,Weighted,oSBM,1.0,0.0
2907,MWW,1.0,73,Weighted,oSBM,1.0,0.0
2908,PT,1.0,73,Weighted,oSBM,1.0,0.0
2909,WT,1.0,73,Weighted,oSBM,0.99,0.00099498743710662
2910,MWW,0.0,82,Weighted,oSBM,0.04,0.0019595917942265427
2911,PT,0.0,82,Weighted,oSBM,0.06,0.0023748684174075834
2912,WT,0.0,82,Weighted,oSBM,0.02,0.0013999999999999998
2913,MWW,0.111,82,Weighted,oSBM,0.18,0.0038418745424597094
2914,PT,0.111,82,Weighted,oSBM,0.19,0.003923009049186607
2915,WT,0.111,82,Weighted,oSBM,0.06,0.0023748684174075834
2916,MWW,0.222,82,Weighted,oSBM,0.6,0.004898979485566356
2917,PT,0.222,82,Weighted,oSBM,0.61,0.0048774993593028795
2918,WT,0.222,82,Weighted,oSBM,0.22,0.004142463035441597
2919,MWW,0.333,82,Weighted,oSBM,0.89,0.0031288975694324034
2920,PT,0.333,82,Weighted,oSBM,0.92,0.002712931993250107
2921,WT,0.333,82,Weighted,oSBM,0.37,0.004828043081829324
2922,MWW,0.444,82,Weighted,oSBM,1.0,0.0
2923,PT,0.444,82,Weighted,oSBM,1.0,0.0
2924,WT,0.444,82,Weighted,oSBM,0.61,0.0048774993593028795
2925,MWW,0.556,82,Weighted,oSBM,1.0,0.0
2926,PT,0.556,82,Weighted,oSBM,1.0,0.0
2927,WT,0.556,82,Weighted,oSBM,0.68,0.00466476151587624
2928,MWW,0.667,82,Weighted,oSBM,1.0,0.0
2929,PT,0.667,82,Weighted,oSBM,1.0,0.0
2930,WT,0.667,82,Weighted,oSBM,0.86,0.0034698703145794947
2931,MWW,0.778,82,Weighted,oSBM,1.0,0.0
2932,PT,0.778,82,Weighted,oSBM,1.0,0.0
2933,WT,0.778,82,Weighted,oSBM,0.95,0.0021794494717703376
2934,MWW,0.889,82,Weighted,oSBM,1.0,0.0
2935,PT,0.889,82,Weighted,oSBM,1.0,0.0
2936,WT,0.889,82,Weighted,oSBM,1.0,0.0
2937,MWW,1.0,82,Weighted,oSBM,1.0,0.0
2938,PT,1.0,82,Weighted,oSBM,1.0,0.0
2939,WT,1.0,82,Weighted,oSBM,1.0,0.0
2940,MWW,0.0,91,Weighted,oSBM,0.09,0.0028618176042508377
2941,PT,0.0,91,Weighted,oSBM,0.05,0.0021794494717703367
2942,WT,0.0,91,Weighted,oSBM,0.09,0.002861817604250837
2943,MWW,0.111,91,Weighted,oSBM,0.24,0.004270831300812525
2944,PT,0.111,91,Weighted,oSBM,0.24,0.004270831300812525
2945,WT,0.111,91,Weighted,oSBM,0.13,0.0033630343441600472
2946,MWW,0.222,91,Weighted,oSBM,0.66,0.004737087712930805
2947,PT,0.222,91,Weighted,oSBM,0.65,0.004769696007084728
2948,WT,0.222,91,Weighted,oSBM,0.21,0.004073082370883261
2949,MWW,0.333,91,Weighted,oSBM,0.97,0.0017058722109231984
2950,PT,0.333,91,Weighted,oSBM,0.98,0.0013999999999999998
2951,WT,0.333,91,Weighted,oSBM,0.48,0.0049959983987187175
2952,MWW,0.444,91,Weighted,oSBM,1.0,0.0
2953,PT,0.444,91,Weighted,oSBM,1.0,0.0
2954,WT,0.444,91,Weighted,oSBM,0.56,0.004963869458396343
2955,MWW,0.556,91,Weighted,oSBM,1.0,0.0
2956,PT,0.556,91,Weighted,oSBM,1.0,0.0
2957,WT,0.556,91,Weighted,oSBM,0.9,0.003
2958,MWW,0.667,91,Weighted,oSBM,1.0,0.0
2959,PT,0.667,91,Weighted,oSBM,1.0,0.0
2960,WT,0.667,91,Weighted,oSBM,0.89,0.0031288975694324034
2961,MWW,0.778,91,Weighted,oSBM,1.0,0.0
2962,PT,0.778,91,Weighted,oSBM,1.0,0.0
2963,WT,0.778,91,Weighted,oSBM,0.97,0.0017058722109231984
2964,MWW,0.889,91,Weighted,oSBM,1.0,0.0
2965,PT,0.889,91,Weighted,oSBM,1.0,0.0
2966,WT,0.889,91,Weighted,oSBM,1.0,0.0
2967,MWW,1.0,91,Weighted,oSBM,1.0,0.0
2968,PT,1.0,91,Weighted,oSBM,1.0,0.0
2969,WT,1.0,91,Weighted,oSBM,1.0,0.0
2970,MWW,0.0,100,Weighted,oSBM,0.03,0.001705872210923198
2971,PT,0.0,100,Weighted,oSBM,0.05,0.0021794494717703367
2972,WT,0.0,100,Weighted,oSBM,0.08,0.002712931993250107
2973,MWW,0.111,100,Weighted,oSBM,0.21,0.004073082370883261
2974,PT,0.111,100,Weighted,oSBM,0.18,0.00384187454245971
2975,WT,0.111,100,Weighted,oSBM,0.06,0.0023748684174075834
2976,MWW,0.222,100,Weighted,oSBM,0.69,0.00462493243193887
2977,PT,0.222,100,Weighted,oSBM,0.72,0.004489988864128729
2978,WT,0.222,100,Weighted,oSBM,0.19,0.003923009049186607
2979,MWW,0.333,100,Weighted,oSBM,0.98,0.0013999999999999998
2980,PT,0.333,100,Weighted,oSBM,0.99,0.00099498743710662
2981,WT,0.333,100,Weighted,oSBM,0.47,0.004990991885387112
2982,MWW,0.444,100,Weighted,oSBM,1.0,0.0
2983,PT,0.444,100,Weighted,oSBM,1.0,0.0
2984,WT,0.444,100,Weighted,oSBM,0.77,0.004208325082500163
2985,MWW,0.556,100,Weighted,oSBM,1.0,0.0
2986,PT,0.556,100,Weighted,oSBM,1.0,0.0
2987,WT,0.556,100,Weighted,oSBM,0.91,0.0028618176042508377
2988,MWW,0.667,100,Weighted,oSBM,1.0,0.0
2989,PT,0.667,100,Weighted,oSBM,1.0,0.0
2990,WT,0.667,100,Weighted,oSBM,0.98,0.0013999999999999998
2991,MWW,0.778,100,Weighted,oSBM,1.0,0.0
2992,PT,0.778,100,Weighted,oSBM,1.0,0.0
2993,WT,0.778,100,Weighted,oSBM,0.99,0.00099498743710662
2994,MWW,0.889,100,Weighted,oSBM,1.0,0.0
2995,PT,0.889,100,Weighted,oSBM,1.0,0.0
2996,WT,0.889,100,Weighted,oSBM,1.0,0.0
2997,MWW,1.0,100,Weighted,oSBM,1.0,0.0
2998,PT,1.0,100,Weighted,oSBM,1.0,0.0
2999,WT,1.0,100,Weighted,oSBM,1.0,0.0
